timestamp,hr_bpm,hr_artifact,valid,hr_smooth,dHR_dt,cadence_spm,gate_open,is_stress,stress_score
2026-08-23 16:09:30,70.5,,True,70.44202211636988,-1.3882598008706408,,True,False,0.0
2026-08-23 16:09:40,71.0,,True,70.28803317455481,-0.6879148553463703,,True,False,0.0
2026-08-23 16:09:50,68.5,,True,70.09871642849888,0.012430090177900144,,True,False,0.0
2026-08-23 16:10:00,68.5,,True,70.17585242052608,0.7127750357021115,,True,False,0.0
2026-08-23 16:10:10,73.5,,True,70.53229714930762,1.2068389203962457,,True,False,0.0
2026-08-23 16:10:20,71.0,,True,70.81079140297376,1.3663283394421446,,True,False,0.0
2026-08-23 16:10:30,71.0,,True,71.05775089046887,0.9499677198236498,,True,False,0.0
2026-08-23 16:10:40,78.0,,True,71.31433552637544,0.1026493392233979,,True,False,0.0
2026-08-23 16:10:50,73.0,,True,71.28997608334458,-0.8704179610300916,,True,False,0.0
2026-08-23 16:11:00,72.0,,True,70.98061265420448,-1.9528406357409642,,True,False,0.0
2026-08-23 16:11:10,71.0,,True,70.50135133409844,-2.9321653211705536,,True,False,0.0
2026-08-23 16:11:20,71.0,,True,69.93898190300881,-3.5430413696523577,,True,False,0.0
2026-08-23 16:11:30,69.0,,True,69.19977612242064,-3.7444243130762,,True,False,0.0
2026-08-23 16:11:40,68.0,,True,68.4938663622359,-3.5341636896317628,,True,False,0.0
2026-08-23 16:11:50,67.0,,True,67.87026766242381,-2.94864463350689,,True,False,0.0
2026-08-23 16:12:00,66.0,,True,67.39171357301569,-2.033137778204576,,True,False,0.0
2026-08-23 16:12:10,66.0,,True,67.14511174577686,-1.1707729335553902,,True,False,0.0
2026-08-23 16:12:20,66.0,,True,67.08936187616749,-0.5749654825939997,,True,False,0.0
2026-08-23 16:12:30,69.5,,True,67.2151723192527,-0.3964141834935082,,True,False,0.0
2026-08-23 16:12:40,68.0,,True,67.21017814888002,-0.49821762926096747,,True,False,0.0
2026-08-23 16:12:50,68.0,,True,67.07354700332067,-0.5759144894290399,,True,False,0.0
2026-08-23 16:13:00,66.0,,True,66.78250702498143,-0.35673995497813427,,True,False,0.0
2026-08-23 16:13:10,65.0,,True,66.62188488413909,0.3386922060240562,,True,False,0.0
2026-08-23 16:13:20,62.0,,True,66.73157689065327,1.322715925173118,,True,False,0.0
2026-08-23 16:13:30,66.0,,True,67.12986504560965,2.4379065842319965,,True,False,0.0
2026-08-23 16:13:40,67.5,,True,67.71646404150097,3.477272150186699,,True,False,0.0
2026-08-23 16:13:50,68.0,,True,68.33914037764244,4.399754503077301,,True,False,0.0
2026-08-23 16:14:00,67.0,,True,69.10167344339098,5.180529273147481,,True,False,0.0
2026-08-23 16:14:10,,,True,70.04781874970469,5.717582731599389,,True,False,0.0
2026-08-23 16:14:20,71.0,,True,71.16860051430251,5.761138073889311,,True,False,0.0
2026-08-23 16:14:30,,,True,72.31748236461742,5.122025952303638,,True,False,0.0
2026-08-23 16:14:40,,,True,73.26927794236855,3.8008705370542946,,True,False,0.0
2026-08-23 16:14:50,78.5,,True,73.7659531771811,2.0239078303616322,,True,False,0.0
2026-08-23 16:15:00,76.0,,True,73.89028727485716,0.10212023825307041,,True,False,0.0
2026-08-23 16:15:10,74.5,,True,73.66300258500941,-1.7669330284323386,,True,False,0.0
2026-08-23 16:15:20,75.0,,True,73.21288499266322,-3.2340465617612226,,True,False,0.0
2026-08-23 16:15:30,74.5,,True,72.54824823242757,-4.0615964268122,,True,False,0.0
2026-08-23 16:15:40,71.0,,True,71.55831951092983,-4.17322188680805,,True,False,0.0
2026-08-23 16:15:50,68.5,,True,70.66144404125373,-3.694670042224265,,True,False,0.0
2026-08-23 16:16:00,68.5,,True,70.1248092451199,-2.7604679665826075,,True,False,0.0
2026-08-23 16:16:10,69.0,,True,69.85897598983941,-1.4649153139427975,,True,False,0.0
2026-08-23 16:16:20,69.0,,True,69.73630539953214,-0.020658070769634718,,True,False,0.0
2026-08-23 16:16:30,68.0,,True,69.73635237581355,1.6880133034657376,,True,False,0.0
2026-08-23 16:16:40,67.0,,True,70.02579141473055,3.9815916568501635,,True,False,0.0
2026-08-23 16:16:50,67.5,,True,70.73619568943596,6.813768619709638,,True,False,0.0
2026-08-23 16:17:00,67.0,,True,72.06929924571402,8.978002257282652,,True,True,35.91200902913061
2026-08-23 16:17:10,71.5,,True,74.16395267627775,9.406426747259944,,True,True,37.62570698903978
2026-08-23 16:17:20,86.0,,True,76.70259821955443,7.759731885590092,,True,False,0.0
2026-08-23 16:17:30,83.5,,True,78.10834346609019,3.977754242947186,,True,False,0.0
2026-08-23 16:17:40,88.0,,True,78.19881262364098,-0.7484072163473685,,True,False,0.0
2026-08-23 16:17:50,83.5,,True,77.40575055179858,-5.0814460688426655,,True,False,0.0
2026-08-23 16:18:00,74.5,,True,75.59698023858928,-7.86853545662125,,True,False,0.0
2026-08-23 16:18:10,73.5,,True,73.97103996514485,-9.163475991931932,,True,False,0.0
2026-08-23 16:18:20,70.5,,True,72.4236063525579,-9.539233954469339,,True,False,0.0
2026-08-23 16:18:30,72.5,,True,70.86344046539725,-9.362007099894475,,True,False,0.0
2026-08-23 16:18:40,,,True,69.36384798913613,-9.209400476254382,,True,False,0.0
2026-08-23 16:18:50,,,True,67.75823017773105,-8.77026536056143,,True,False,0.0
2026-08-23 16:19:00,,120.0,True,66.19565072928114,-7.810698281152504,,True,False,0.0
2026-08-23 16:19:10,62.5,,True,64.83234640237808,-6.313628534316603,,True,False,0.0
2026-08-23 16:19:20,60.5,,True,63.857766475871365,-4.404544495581082,,True,False,0.0
2026-08-23 16:19:30,61.0,,True,63.359480962009876,-2.533122634680492,,True,False,0.0
2026-08-23 16:19:40,62.0,,True,63.25444227515003,-1.0838878795599718,,True,False,0.0
2026-08-23 16:19:50,63.5,,True,63.35847730081519,-0.2795868186518199,,True,False,0.0
2026-08-23 16:20:00,64.0,,True,63.43892520994954,-0.07545498942371998,,True,False,0.0
2026-08-23 16:20:10,65.5,,True,63.42586065407547,-0.16961327748050856,,True,False,0.0
2026-08-23 16:20:20,63.5,,True,63.31710620721398,-0.20275473083164763,,True,False,0.0
2026-08-23 16:20:30,62.5,,True,63.17786946155482,0.08745421782148095,,True,False,0.0
2026-08-23 16:20:40,61.5,,True,63.15161095948813,0.3743817265877258,,True,False,0.0
2026-08-23 16:20:50,62.0,,True,63.31728761733613,0.3487061897852688,,True,False,0.0
2026-08-23 16:21:00,67.0,,True,63.70251221140681,0.20257692270893315,,True,False,0.0
2026-08-23 16:21:10,66.0,,True,63.70482217404529,0.09021047608409365,,True,False,0.0
2026-08-23 16:21:20,61.5,,True,63.32460249902465,0.08216482309232914,,True,False,0.0
2026-08-23 16:21:30,61.5,,True,63.24848324050811,0.24852759299691662,,True,False,0.0
2026-08-23 16:21:40,63.0,,True,63.46377785540958,0.6527401998295717,,True,False,0.0
2026-08-23 16:21:50,64.0,,True,63.75636877954598,0.880028554252885,,True,False,0.0
2026-08-23 16:22:00,65.5,,True,64.00835450027337,0.5218454772421713,,True,False,0.0
2026-08-23 16:22:10,65.0,,True,64.09506597104631,-0.16007763927578508,,True,False,0.0
2026-08-23 16:22:20,65.5,,True,63.947621770326975,-0.8865375051968324,,True,False,0.0
2026-08-23 16:22:30,63.5,,True,63.62478119799546,-1.5286107648411458,,True,False,0.0
2026-08-23 16:22:40,63.0,,True,63.32273749199652,-2.068309628149443,,True,False,0.0
2026-08-23 16:22:50,64.5,,True,62.99115003466366,-2.309869619958827,,True,False,0.0
2026-08-23 16:23:00,63.5,,True,62.57475424977474,-2.1864078817613284,,True,False,0.0
2026-08-23 16:23:10,60.5,,True,62.00415083984828,-1.6952046000478442,,True,False,0.0
2026-08-23 16:23:20,59.5,,True,61.684239236563194,-0.7901068469137494,,True,False,0.0
2026-08-23 16:23:30,60.0,,True,61.64503417270531,0.376163574591875,,True,False,0.0
2026-08-23 16:23:40,60.5,,True,61.88000147096497,1.533699353767585,,True,False,0.0
2026-08-23 16:23:50,62.0,,True,62.344969014385455,2.393280263333144,,True,False,0.0
2026-08-23 16:24:00,63.0,,True,62.86743139353685,2.9731697882161425,,True,False,0.0
2026-08-23 16:24:10,63.5,,True,63.36779900494438,3.3700161825637425,,True,False,0.0
2026-08-23 16:24:20,61.5,,True,63.92946645050931,3.4713890835291186,,True,False,0.0
2026-08-23 16:24:30,64.0,,True,64.56271163782579,3.294183974606501,,True,False,0.0
2026-08-23 16:24:40,68.0,,True,65.28974209811321,2.8267238138325954,,True,False,0.0
2026-08-23 16:24:50,67.0,,True,65.73172957475283,2.0446700029831826,,True,False,0.0
2026-08-23 16:25:00,66.0,,True,65.9623386471846,1.0141088116786057,,True,False,0.0
2026-08-23 16:25:10,67.0,,True,66.02000416081378,-0.1688628157747579,,True,False,0.0
2026-08-23 16:25:20,67.5,,True,65.9143370345786,-1.2728353887143762,,True,False,0.0
2026-08-23 16:25:30,67.0,,True,65.62772608077317,-2.1425186216778105,,True,False,0.0
2026-08-23 16:25:40,66.0,,True,65.1124028070966,-2.6014311487303883,,True,False,0.0
2026-08-23 16:25:50,63.5,,True,64.44914666793613,-2.5653441053332515,,True,False,0.0
2026-08-23 16:26:00,62.0,,True,63.94408164009834,-2.0282429842535503,,True,False,0.0
2026-08-23 16:26:10,62.5,,True,63.67969688561027,-1.0613252176922836,,True,False,0.0
2026-08-23 16:26:20,62.5,,True,63.61192827872391,0.12156215544408952,,True,False,0.0
2026-08-23 16:26:30,61.5,,True,63.72948105162486,1.3425670306783035,,True,False,0.0
2026-08-23 16:26:40,63.0,,True,64.05194733312995,2.3587616491208148,,True,False,0.0
2026-08-23 16:26:50,63.0,,True,64.54973817015669,2.9109403519406114,,True,False,0.0
2026-08-23 16:27:00,66.0,,True,65.30581870220954,2.858990065798142,,True,False,0.0
2026-08-23 16:27:10,68.0,,True,65.9462023512973,2.4263952668125164,,True,False,0.0
2026-08-23 16:27:20,68.0,,True,66.24428639226794,1.8803425361051862,,True,False,0.0
2026-08-23 16:27:30,65.5,,True,66.24975149861656,1.451251656653499,,True,False,0.0
2026-08-23 16:27:40,65.0,,True,66.38017518806794,1.3890360533107442,,True,False,0.0
2026-08-23 16:27:50,66.0,,True,66.65729474219731,1.6118978874245637,,True,False,0.0
2026-08-23 16:28:00,67.0,,True,67.04396342002622,1.8712665122996341,,True,False,0.0
2026-08-23 16:28:10,69.0,,True,67.43795933452616,1.9246557463675216,,True,False,0.0
2026-08-23 16:28:20,68.0,,True,67.73828180478046,1.8523923667347697,,True,False,0.0
2026-08-23 16:28:30,67.0,,True,67.9949845758315,1.5352896196530703,,True,False,0.0
2026-08-23 16:28:40,68.0,,True,68.25085144285445,0.9204970472754697,,True,False,0.0
2026-08-23 16:28:50,70.5,,True,68.54852688368648,0.13769207801521535,,True,False,0.0
2026-08-23 16:29:00,70.5,,True,68.52095680513291,-0.6935927830043945,,True,False,0.0
2026-08-23 16:29:10,68.5,,True,68.1635461941015,-1.2654764411913948,,True,False,0.0
2026-08-23 16:29:20,67.5,,True,67.75005994875366,-1.3161299824340886,,True,False,0.0
2026-08-23 16:29:30,65.5,,True,67.37825036153143,-0.8004242350348354,,True,False,0.0
2026-08-23 16:29:40,65.5,,True,67.3194825012311,-0.00740824109376403,,True,False,0.0
2026-08-23 16:29:50,67.5,,True,67.56396172446927,0.7308016174269294,,True,False,0.0
2026-08-23 16:30:00,68.0,,True,67.81910123511898,1.2693831740902257,,True,False,0.0
2026-08-23 16:30:10,68.5,,True,68.04409095162184,1.5552428788162054,,True,False,0.0
2026-08-23 16:30:20,67.0,,True,68.27642916006167,1.7967383014401426,,True,False,0.0
2026-08-23 16:30:30,68.0,,True,68.55483889517845,2.2841186790660264,,True,False,0.0
2026-08-23 16:30:40,68.0,,True,68.92572177949164,2.9378997889172207,,True,False,0.0
2026-08-23 16:30:50,67.5,,True,69.45089162705342,3.5634737207308143,,True,False,0.0
2026-08-23 16:31:00,71.5,,True,70.21787674579078,3.872245653618599,,True,False,0.0
2026-08-23 16:31:10,70.0,,True,71.02117465549325,3.7192490049666436,,True,False,0.0
2026-08-23 16:31:20,73.5,,True,71.74466834111126,3.0789843333329494,,True,False,0.0
2026-08-23 16:31:30,74.0,,True,72.17560675024782,2.094740860111905,,True,False,0.0
2026-08-23 16:31:40,73.5,,True,72.38581295109235,1.2453351492904796,,True,False,0.0
2026-08-23 16:31:50,73.0,,True,72.41032131045225,0.8534852966841507,,True,False,0.0
2026-08-23 16:32:00,71.0,,True,72.33654988822086,0.7110258506680528,,True,False,0.0
2026-08-23 16:32:10,71.0,,True,72.48553678069294,0.4906421416680701,,True,False,0.0
2026-08-23 16:32:20,75.0,,True,72.88211313661384,0.11988926580325189,,True,False,0.0
2026-08-23 16:32:30,76.0,,True,72.92570834863704,-0.40945349433244815,,True,False,0.0
2026-08-23 16:32:40,73.0,,True,72.62358828543307,-1.0606099320949707,,True,False,0.0
2026-08-23 16:32:50,71.5,,True,72.25873293646794,-1.531391834730441,,True,False,0.0
2026-08-23 16:33:00,72.0,,True,71.93699974358078,-1.489548566963816,,True,False,0.0
2026-08-23 16:33:10,71.0,,True,71.68809984129042,-1.0888205365482797,,True,False,0.0
2026-08-23 16:33:20,71.0,,True,71.5538832458818,-0.7802768812717257,,True,False,0.0
2026-08-23 16:33:30,70.5,,True,71.51198052478682,-0.8160650871594946,,True,False,0.0
2026-08-23 16:33:40,73.0,,True,71.55540789115629,-1.0950069980500285,,True,False,0.0
2026-08-23 16:33:50,78.0,,True,71.35806990605181,-1.377878646710799,,True,False,0.0
2026-08-23 16:34:00,70.5,,True,70.88707690528929,-1.443968165061451,,True,False,0.0
2026-08-23 16:34:10,68.0,,True,70.48059672207498,-1.2150047585413752,,True,False,0.0
2026-08-23 16:34:20,69.0,,True,70.32088265920649,-0.5992564308258004,,True,False,0.0
2026-08-23 16:34:30,71.5,,True,70.38131570620574,0.23804439651406242,,True,False,0.0
2026-08-23 16:34:40,70.0,,True,70.50530137090594,0.9007335756539087,,True,False,0.0
2026-08-23 16:34:50,70.0,,True,70.71350393075713,1.267116445974185,,True,False,0.0
2026-08-23 16:35:00,71.5,,True,71.04062381240117,1.416113962052083,,True,False,0.0
2026-08-23 16:35:10,71.5,,True,71.29118099611206,1.4797019003767709,,True,False,0.0
2026-08-23 16:35:20,71.5,,True,71.5069350125083,1.5220496792404552,,True,False,0.0
2026-08-23 16:35:30,71.5,,True,71.72384486432257,1.4966438332156558,,True,False,0.0
2026-08-23 16:35:40,71.5,,True,71.97806219352394,1.4528214832029978,,True,False,0.0
2026-08-23 16:35:50,73.0,,True,72.31195655497929,1.4368503327718036,,True,False,0.0
2026-08-23 16:36:00,73.5,,True,72.53117700893118,1.5174970949454554,,True,False,0.0
2026-08-23 16:36:10,72.0,,True,72.67226029770492,1.5296314681814671,,True,False,0.0
2026-08-23 16:36:20,71.5,,True,72.92538696942948,1.4038472765905972,,True,False,0.0
2026-08-23 16:36:30,74.5,,True,73.33274480272563,1.1013233453838978,,True,False,0.0
2026-08-23 16:36:40,75.5,,True,73.5455601031427,0.5180675907888179,,True,False,0.0
2026-08-23 16:36:50,74.5,,True,73.59930208741689,-0.282414993912882,,True,False,0.0
2026-08-23 16:37:00,75.0,,True,73.41959441959389,-1.0228238871238693,,True,False,0.0
2026-08-23 16:37:10,73.0,,True,73.05981915503654,-1.4158462853316807,,True,False,0.0
2026-08-23 16:37:20,72.0,,True,72.71001374965192,-1.4734144929995145,,True,False,0.0
2026-08-23 16:37:30,72.0,,True,72.47854396920928,-1.2408374971196356,,True,False,0.0
2026-08-23 16:37:40,72.0,,True,72.32683151696818,-0.8222096079025303,,True,False,0.0
2026-08-23 16:37:50,72.0,,True,72.22959098422179,-0.34418808190725114,,True,False,0.0
2026-08-23 16:38:00,71.5,,True,72.17061561551235,-0.0306740933726914,,True,False,0.0
2026-08-23 16:38:10,71.5,,True,72.22340951605496,0.027727546266427844,,True,False,0.0
2026-08-23 16:38:20,74.0,,True,72.39677166927339,-0.034249556383377226,,True,False,0.0
2026-08-23 16:38:30,73.5,,True,72.38626243403738,-0.11979206128753503,,True,False,0.0
2026-08-23 16:38:40,71.5,,True,72.19013027114092,-0.15387133831102603,,True,False,0.0
2026-08-23 16:38:50,71.5,,True,72.10901982010127,-0.052881552672048804,,True,False,0.0
2026-08-23 16:39:00,71.5,,True,72.12941267241183,0.1464374979978073,,True,False,0.0
2026-08-23 16:39:10,74.0,,True,72.25470763679103,0.20944851261969782,,True,False,0.0
2026-08-23 16:39:20,72.0,,True,72.42245387396872,-0.12120381589320502,,True,False,0.0
2026-08-23 16:39:30,73.5,,True,72.41060909014121,-0.7756282089597307,,True,False,0.0
2026-08-23 16:39:40,73.5,,True,72.21719915467055,-1.5414668273290493,,True,False,0.0
2026-08-23 16:39:50,72.5,,True,71.80998907831166,-2.242788012157959,,True,False,0.0
2026-08-23 16:40:00,71.0,,True,71.28777718167136,-2.835764341870324,,True,False,0.0
2026-08-23 16:40:10,70.0,,True,70.81352814864296,-3.4906537761801126,,True,False,0.0
2026-08-23 16:40:20,71.5,,True,70.30820047372171,-3.97731883985324,,True,False,0.0
2026-08-23 16:40:30,71.5,,True,69.60423954442075,-4.162584662549508,,True,False,0.0
2026-08-23 16:40:40,67.0,,True,68.5843185391899,-3.9880431670992573,,True,False,0.0
2026-08-23 16:40:50,66.0,,True,67.82845062382403,-3.2460326756893423,,True,False,0.0
2026-08-23 16:41:00,65.0,,True,67.37732447909549,-1.9557419159419216,,True,False,0.0
2026-08-23 16:41:10,66.0,,True,67.1557524142162,-0.45569385647051014,,True,False,0.0
2026-08-23 16:41:20,65.0,,True,67.29347241837293,0.6469766554939214,,True,False,0.0
2026-08-23 16:41:30,67.5,,True,67.64677115892515,1.2324766100406883,,True,False,0.0
2026-08-23 16:41:40,69.0,,True,68.02453175929823,1.4162464757847337,,True,False,0.0
2026-08-23 16:41:50,69.0,,True,68.23971431955434,1.3182002779691078,,True,False,0.0
2026-08-23 16:42:00,68.0,,True,68.32818259973617,1.171996983624532,,True,False,0.0
2026-08-23 16:42:10,68.0,,True,68.47134797987403,1.1854122341697706,,True,False,0.0
2026-08-23 16:42:20,71.0,,True,68.69307135665755,1.4678247618385547,,True,False,0.0
2026-08-23 16:42:30,68.5,,True,68.946973292884,1.7091604640994915,,True,False,0.0
2026-08-23 16:42:40,68.5,,True,69.27537077792444,1.6698800532341567,,True,False,0.0
2026-08-23 16:42:50,72.0,,True,69.73299672595228,1.3731986988602356,,True,False,0.0
2026-08-23 16:43:00,,,False,69.95167768386105,,,False,False,0.0
2026-08-23 16:43:10,,,False,69.96786047796887,,,False,False,0.0
2026-08-23 16:43:20,,,False,69.92313112951594,,,False,False,0.0
2026-08-23 16:43:30,,,False,69.94892363598233,,,False,False,0.0
2026-08-23 16:43:40,,,False,70.18842563733465,,,False,False,0.0
2026-08-23 16:43:50,67.0,,True,70.82044302268719,5.370683654095456,,True,False,0.0
2026-08-23 16:44:00,68.5,,True,71.95031202293202,6.966433884215418,,True,False,0.0
2026-08-23 16:44:10,74.5,,True,73.65523302699887,7.830399285514159,,True,False,0.0
2026-08-23 16:44:20,77.0,,True,75.21935953556552,7.88038361535098,,True,False,0.0
2026-08-23 16:44:30,78.0,,True,76.48671263339308,7.2437652144129885,,True,False,0.0
2026-08-23 16:44:40,79.0,,True,77.5018511701195,6.2251553015914665,,True,False,0.0
2026-08-23 16:44:50,77.5,,True,78.4339649018658,5.351214129511402,,True,False,0.0
2026-08-23 16:45:00,80.0,,True,79.27173945058976,4.315570550445157,,True,False,0.0
2026-08-23 16:45:10,80.5,,True,79.98813724107868,2.7849030155007397,,True,False,0.0
2026-08-23 16:45:20,85.5,,True,80.61922457174737,0.7362431259969399,,True,False,0.0
2026-08-23 16:45:30,84.5,,True,80.60351599770728,-1.7968524329835474,,True,False,0.0
2026-08-23 16:45:40,82.0,,True,79.93839342328506,-4.540137683175555,,True,False,0.0
2026-08-23 16:45:50,82.0,,True,78.92966975274369,-6.861541118658713,,True,False,0.0
2026-08-23 16:46:00,79.0,,True,77.40922437432627,-8.022963312013543,,True,False,0.0
2026-08-23 16:46:10,74.0,,True,75.62364972496323,-8.003688914513482,,True,False,0.0
2026-08-23 16:46:20,68.0,,True,74.10868336309404,-7.282648383718031,,True,False,0.0
2026-08-23 16:46:30,71.0,,True,73.11183089507387,-6.275382583542247,,True,False,0.0
2026-08-23 16:46:40,73.0,,True,72.46695024289932,-5.56401388062349,,True,False,0.0
2026-08-23 16:46:50,73.5,,True,71.73322796454133,-5.33355225304673,,True,False,0.0
2026-08-23 16:47:00,72.0,,True,70.78837701360688,-5.295587429549172,,True,False,0.0
2026-08-23 16:47:10,68.5,,True,69.64158889827357,-4.925934796690738,,True,False,0.0
2026-08-23 16:47:20,66.5,,True,68.68506559931917,-3.8415570108997974,,True,False,0.0
2026-08-23 16:47:30,65.0,,True,68.09271990025131,-2.290295869782606,,True,False,0.0
2026-08-23 16:47:40,65.5,,True,67.93249418455866,-0.6743221355339233,,True,False,0.0
2026-08-23 16:47:50,68.0,,True,68.17768416629245,0.48997886184007083,,True,False,0.0
2026-08-23 16:48:00,68.5,,True,68.45248817574165,0.9680858599969464,,True,False,0.0
2026-08-23 16:48:10,70.0,,True,68.71937354781446,0.5896833586295155,,True,False,0.0
2026-08-23 16:48:20,69.5,,True,68.85615451118966,-0.6368671543948811,,True,False,0.0
2026-08-23 16:48:30,71.5,,True,68.80229455976314,-2.3624193360088896,,True,False,0.0
2026-08-23 16:48:40,72.5,,True,68.2988170349638,-4.124565216481504,,True,False,0.0
2026-08-23 16:48:50,69.0,,True,67.26180901599177,-5.377710061605786,,True,False,0.0
2026-08-23 16:49:00,65.0,,True,65.93510249968503,-5.7949970598548335,,True,False,0.0
2026-08-23 16:49:10,62.5,,True,64.76424639999246,-5.249545472841579,,True,False,0.0
2026-08-23 16:49:20,62.0,,True,63.970764700298616,-3.9718752741590584,,True,False,0.0
2026-08-23 16:49:30,62.0,,True,63.505743783987874,-2.421660478312557,,True,False,0.0
2026-08-23 16:49:40,,,False,63.29168016500844,,,False,False,0.0
2026-08-23 16:49:50,,,False,63.26511879575262,,,False,False,0.0
2026-08-23 16:50:00,,,False,63.393855003566685,,,False,False,0.0
2026-08-23 16:50:10,,,False,63.67156704530853,,,False,False,0.0
2026-08-23 16:50:20,,,False,64.11676248349067,,,False,False,0.0
2026-08-23 16:50:30,63.0,,True,64.77586278003238,4.306422823484931,,True,False,0.0
2026-08-23 16:50:40,66.0,,True,65.73094020657948,4.838685288849609,,True,False,0.0
2026-08-23 16:50:50,66.5,,True,66.64117433422315,4.826204826165426,,True,False,0.0
2026-08-23 16:51:00,69.0,,True,67.57493751757069,4.243091834508819,,True,False,0.0
2026-08-23 16:51:10,70.0,,True,68.27119028718,3.2600179581275084,,True,False,0.0
2026-08-23 16:51:20,71.0,,True,68.67930810465265,2.248851836672221,,True,False,0.0
2026-08-23 16:51:30,69.5,,True,68.86731060623406,1.4160657832337409,,True,False,0.0
2026-08-23 16:51:40,68.0,,True,68.94986487552114,0.9621478365247103,,True,False,0.0
2026-08-23 16:51:50,69.0,,True,69.02406329072842,0.829302148284098,,True,False,0.0
2026-08-23 16:52:00,68.5,,True,69.18560558772376,0.8882449133289461,,True,False,0.0
2026-08-23 16:52:10,69.5,,True,69.37808214933972,0.8630856401191004,,True,False,0.0
2026-08-23 16:52:20,69.5,,True,69.55023906917896,0.5710596878814987,,True,False,0.0
2026-08-23 16:52:30,71.0,,True,69.73076916721469,0.017067493147970934,,True,False,0.0
2026-08-23 16:52:40,71.0,,True,69.69976079311952,-0.6233658336799256,,True,False,0.0
2026-08-23 16:52:50,70.0,,True,69.45204588454428,-1.0819791804068353,,True,False,0.0
2026-08-23 16:53:00,69.0,,True,69.11300529005973,-1.1316366762491488,,True,False,0.0
2026-08-23 16:53:10,67.5,,True,68.79279891058515,-0.5663288562282036,,True,False,0.0
2026-08-23 16:53:20,66.5,,True,68.68805901620809,0.4581622496594868,,True,False,0.0
2026-08-23 16:53:30,67.0,,True,68.86466229119904,1.2911565876332896,,True,False,0.0
2026-08-23 16:53:40,68.5,,True,69.35204261472316,1.4643436902126439,,True,False,0.0
2026-08-23 16:53:50,73.0,,True,69.98143004070114,1.07801664592268,,True,False,0.0
2026-08-23 16:54:00,73.0,,True,70.10772247346263,0.5677876140484059,,True,False,0.0
2026-08-23 16:54:10,69.0,,True,69.75196865180122,0.5629041368964969,,True,False,0.0
2026-08-23 16:54:20,67.0,,True,69.52154293877334,1.7232665873225876,,True,False,0.0
2026-08-23 16:54:30,65.5,,True,69.71137438220767,3.456554421350086,,True,False,0.0
2026-08-23 16:54:40,65.5,,True,70.60310155600993,4.265934658935944,,True,False,0.0
2026-08-23 16:54:50,76.5,,True,72.34534565581384,2.8398754349159074,,True,False,0.0
2026-08-23 16:55:00,83.0,,True,73.39514736492006,-0.5235855023324184,,True,False,0.0
2026-08-23 16:55:10,82.5,,True,72.92747363484628,-4.635024975683753,,True,False,0.0
2026-08-23 16:55:20,72.5,,True,70.86437884391354,-8.179682897363314,,True,False,0.0
2026-08-23 16:55:30,65.0,,True,68.52868052696638,-9.801907016222467,,True,False,0.0
2026-08-23 16:55:40,64.0,,True,66.78109563118028,-9.397068018737722,,True,False,0.0
2026-08-23 16:55:50,64.0,,True,65.49702667392421,-7.844121310090204,,True,False,0.0
2026-08-23 16:56:00,63.5,,True,64.46246216232217,-6.402099581695794,,True,False,0.0
2026-08-23 16:56:10,62.5,,True,63.58830801110715,-5.580665878822087,,True,False,0.0
2026-08-23 16:56:20,64.5,,True,62.72887186174332,-4.975057441466324,,True,False,0.0
2026-08-23 16:56:30,62.0,,True,61.907581022670044,-4.287910958640642,,True,False,0.0
2026-08-23 16:56:40,57.5,,True,61.07088702070844,-3.3868448736836227,,True,False,0.0
2026-08-23 16:56:50,59.0,,True,60.579340855531576,-2.3181100771976704,,True,False,0.0
2026-08-23 16:57:00,60.0,,True,60.35101816627664,-1.225012674530372,,True,False,0.0
2026-08-23 16:57:10,59.0,,True,60.34786517140114,-0.2289411938086044,,True,False,0.0
2026-08-23 16:57:20,60.5,,True,60.40268970509249,0.5146877069926897,,True,False,0.0
2026-08-23 16:57:30,60.0,,True,60.524629189632584,1.1655264637213505,,True,False,0.0
2026-08-23 16:57:40,59.0,,True,60.73400687244477,1.6356196310702478,,True,False,0.0
2026-08-23 16:57:50,60.0,,True,61.06571903399775,1.9318874988356347,,True,False,0.0
2026-08-23 16:58:00,63.5,,True,61.575051034550356,2.1751366164069768,,True,False,0.0
2026-08-23 16:58:10,62.5,,True,61.93022487419468,2.566622789093779,,True,False,0.0
2026-08-23 16:58:20,60.5,,True,62.19043619287145,3.3501651409152724,,True,False,0.0
2026-08-23 16:58:30,61.0,,True,62.64905354369346,4.852782635270274,,True,False,0.0
2026-08-23 16:58:40,60.5,,True,63.465846485131046,7.271340092646518,,True,False,0.0
2026-08-23 16:58:50,59.0,,True,64.77694717409047,10.062501851178144,,True,True,40.250007404712576
2026-08-23 16:59:00,63.0,,True,66.80087239206496,12.612890108715666,,True,True,50.451560434862664
2026-08-23 16:59:10,69.0,,True,69.45827634205027,14.47256957484867,,True,True,57.89027829939468
2026-08-23 16:59:20,,,False,72.19205968237729,,,False,False,0.0
2026-08-23 16:59:30,,,False,74.89118630310053,,,False,False,0.0
2026-08-23 16:59:40,,,False,77.43884397434051,,,False,False,0.0
2026-08-23 16:59:50,,,False,79.69297564130392,,,False,False,0.0
2026-08-23 17:00:00,86.0,,True,81.46260324848463,7.208132450376901,,True,False,0.0
2026-08-23 17:00:10,88.0,,True,82.4759980637461,2.9197528626073734,,True,False,0.0
2026-08-23 17:00:20,88.5,,True,82.56872588963193,-1.6034298194894687,,True,False,0.0
2026-08-23 17:00:30,86.0,,True,81.75624136378974,-5.829565090548819,,True,False,0.0
2026-08-23 17:00:40,,,False,80.2364637319125,,,False,False,0.0
2026-08-23 17:00:50,,,False,78.25609672202067,,,False,False,0.0
2026-08-23 17:01:00,,,False,75.98507916579895,,,False,False,0.0
2026-08-23 17:01:10,,,False,73.54490813721038,,,False,False,0.0
2026-08-23 17:01:20,,,False,71.02888846482355,,,False,False,0.0
2026-08-23 17:01:30,,,False,68.51768353657397,,,False,False,0.0
2026-08-23 17:01:40,65.0,,True,66.09275919775337,-12.965022544686043,,True,False,0.0
2026-08-23 17:01:50,60.5,,True,63.84996139189166,-11.119141722781107,,True,False,0.0
2026-08-23 17:02:00,60.0,,True,62.165490484678564,-8.662165473720625,,True,False,0.0
2026-08-23 17:02:10,57.0,,True,60.841934658245215,-5.934597755994518,,True,False,0.0
2026-08-23 17:02:20,57.0,,True,60.15870127485273,-3.410415378553204,,True,False,0.0
2026-08-23 17:02:30,58.5,,True,60.001918103935694,-1.4546355642040734,,True,False,0.0
2026-08-23 17:02:40,60.0,,True,60.09545461700794,-0.06272358198417284,,True,False,0.0
2026-08-23 17:02:50,60.0,,True,60.20490023291483,0.6223058984764744,,True,False,0.0
2026-08-23 17:03:00,60.0,,True,60.348495887640865,0.8039101715403616,,True,False,0.0
2026-08-23 17:03:10,61.0,,True,60.55017419030704,0.7980709017657498,,True,False,0.0
2026-08-23 17:03:20,61.0,,True,60.67688152469105,0.8002434489521072,,True,False,0.0
2026-08-23 17:03:30,60.5,,True,60.7497357798569,0.7572184757257303,,True,False,0.0
2026-08-23 17:03:40,60.5,,True,60.864212664998895,0.6618251532155617,,True,False,0.0
2026-08-23 17:03:50,61.5,,True,61.03939166097403,0.5517360229079967,,True,False,0.0
2026-08-23 17:04:00,63.5,,True,61.13780260044484,0.48003146784701084,,True,False,0.0
2026-08-23 17:04:10,61.5,,True,61.17584730665646,0.4883321574272054,,True,False,0.0
2026-08-23 17:04:20,60.5,,True,61.159866563977474,0.5244501113405226,,True,False,0.0
2026-08-23 17:04:30,60.5,,True,61.2538635819614,0.594404988572514,,True,False,0.0
2026-08-23 17:04:40,62.0,,True,61.473504530272216,0.6205702210427935,,True,False,0.0
2026-08-23 17:04:50,63.0,,True,61.605396233628404,0.53587810940117,,True,False,0.0
2026-08-23 17:05:00,62.0,,True,61.67152064258933,0.27264187313594557,,True,False,0.0
2026-08-23 17:05:10,62.0,,True,61.682898491981796,-0.10586833665422629,,True,False,0.0
2026-08-23 17:05:20,62.5,,True,61.64142609003789,-0.23416612636294432,,True,False,0.0
2026-08-23 17:05:30,62.0,,True,61.540191369766966,0.04493696762976725,,True,False,0.0
2026-08-23 17:05:40,59.5,,True,61.362321877790535,0.7601009847988878,,True,False,0.0
2026-08-23 17:05:50,59.0,,True,61.49483936544586,1.7983770708630704,,True,False,0.0
2026-08-23 17:06:00,60.5,,True,61.959830080675495,2.9935255258806266,,True,False,0.0
2026-08-23 17:06:10,63.0,,True,62.66812580935104,4.134023473306861,,True,False,0.0
2026-08-23 17:06:20,62.0,,True,63.48777583958508,5.070668190093778,,True,False,0.0
2026-08-23 17:06:30,64.0,,True,64.3887218430833,6.048852843324916,,True,False,0.0
2026-08-23 17:06:40,67.5,,True,65.35445482042873,7.481608208538792,,True,False,0.0
2026-08-23 17:06:50,64.0,,True,66.54593026784562,9.500583989461527,,True,True,38.00233595784611
2026-08-23 17:07:00,62.5,,True,68.16172742657011,11.031561863865958,,True,True,44.12624745546383
2026-08-23 17:07:10,67.5,,True,70.47114582305628,11.293990525105208,,True,True,45.17596210042083
2026-08-23 17:07:20,80.0,,True,73.27575519005181,9.676846178623899,,True,True,38.707384714495596
2026-08-23 17:07:30,,,True,74.95965708872265,5.910604766675161,,True,False,0.0
2026-08-23 17:07:40,,,True,75.60905739106948,0.6473212920294515,,True,False,0.0
2026-08-23 17:07:50,83.5,,True,75.13774503637234,-4.460456252992285,,True,False,0.0
2026-08-23 17:08:00,76.5,,True,73.46716796551502,-7.948547935417476,,True,False,0.0
2026-08-23 17:08:10,69.0,,True,71.2911188889102,-9.6363976070789,,True,False,0.0
2026-08-23 17:08:20,68.0,,True,69.49692296045708,-9.602932594205837,,True,False,0.0
2026-08-23 17:08:30,66.0,,True,67.95221419208015,-8.223527775605168,,True,False,0.0
2026-08-23 17:08:40,65.0,,True,66.73287445571655,-6.3218537767482115,,True,False,0.0
2026-08-23 17:08:50,63.5,,True,65.80234712863906,-4.527393502587375,,True,False,0.0
2026-08-23 17:09:00,63.0,,True,65.25554432300139,-2.8624988121910975,,True,False,0.0
2026-08-23 17:09:10,64.5,,True,65.00133223786395,-1.4068301143028439,,True,False,0.0
2026-08-23 17:09:20,64.0,,True,64.91400885903715,-0.2927759592745691,,True,False,0.0
2026-08-23 17:09:30,63.0,,True,64.97902029004987,0.20105363111272376,,True,False,0.0
2026-08-23 17:09:40,65.5,,True,65.20720176940424,-0.0037506971240337727,,True,False,0.0
2026-08-23 17:09:50,67.5,,True,65.38658354365931,-0.7448944272623959,,True,False,0.0
2026-08-23 17:10:00,67.5,,True,65.21372924185759,-1.842330085754,,True,False,0.0
2026-08-23 17:10:10,65.5,,True,64.6598298136988,-2.8896779013950664,,True,False,0.0
2026-08-23 17:10:20,61.5,,True,63.96590202115648,-3.5436387006019605,,True,False,0.0
2026-08-23 17:10:30,64.5,,True,63.1829578988069,-3.573920235623444,,True,False,0.0
2026-08-23 17:10:40,62.0,,True,62.597173426258465,-3.092712286105965,,True,False,0.0
2026-08-23 17:10:50,61.0,,True,62.110917858086445,-2.359099241415654,,True,False,0.0
2026-08-23 17:11:00,61.0,,True,61.80981526626216,-1.5365265464850881,,True,False,0.0
2026-08-23 17:11:10,61.0,,True,61.64368188548157,-0.7914701807305997,,True,False,0.0
2026-08-23 17:11:20,61.0,,True,61.584828818947905,-0.017611226050248455,,True,False,0.0
2026-08-23 17:11:30,62.5,,True,61.62344722223888,0.8961696671455521,,True,False,0.0
2026-08-23 17:11:40,60.5,,True,61.765973495903005,2.1557407429608624,,True,False,0.0
2026-08-23 17:11:50,58.5,,True,62.119495352217626,3.613887656888716,,True,False,0.0
2026-08-23 17:12:00,60.0,,True,62.82626643390185,4.924349180298033,,True,False,0.0
2026-08-23 17:12:10,63.5,,True,64.00408192123638,5.9126784242332135,,True,False,0.0
2026-08-23 17:12:20,66.5,,True,65.2659110621103,6.547168357921562,,True,False,0.0
2026-08-23 17:12:30,66.5,,True,66.32205871333593,6.629995875073034,,True,False,0.0
2026-08-23 17:12:40,66.5,,True,67.34854948345088,6.121394133308117,,True,False,0.0
2026-08-23 17:12:50,70.0,,True,68.51646516747431,5.240167604237429,,True,False,0.0
2026-08-23 17:13:00,71.5,,True,69.43712504607677,4.071588056825385,,True,False,0.0
2026-08-23 17:13:10,72.0,,True,70.0139724323587,2.5816065188842483,,True,False,0.0
2026-08-23 17:13:20,73.5,,True,70.25981522403374,0.8611784483762125,,True,False,0.0
2026-08-23 17:13:30,71.5,,True,70.2156272197144,-0.7514341664500531,,True,False,0.0
2026-08-23 17:13:40,71.5,,True,69.95737708534746,-2.150000094732265,,True,False,0.0
2026-08-23 17:13:50,70.5,,True,69.44202313187175,-3.11672080070793,,True,False,0.0
2026-08-23 17:14:00,69.5,,True,68.75033970037467,-3.607359259182515,,True,False,0.0
2026-08-23 17:14:10,66.5,,True,67.9337128856067,-3.703688546568458,,True,False,0.0
2026-08-23 17:14:20,,,True,67.3352048851065,-3.551227829811031,,True,False,0.0
2026-08-23 17:14:30,,,True,66.8550643654574,-3.419209846593528,,True,False,0.0
2026-08-23 17:14:40,,,True,66.3924345733845,-3.2409887425701798,,True,False,0.0
2026-08-23 17:14:50,67.0,,True,65.84937721020904,-3.049361000403753,,True,False,0.0
2026-08-23 17:15:00,63.0,,True,65.13538271540175,-2.7320315202093717,,True,False,0.0
2026-08-23 17:15:10,,,True,64.69395200649473,-2.2495049124308233,,True,False,0.0
2026-08-23 17:15:20,64.0,,True,64.45151329867016,-1.6463600757716843,,True,False,0.0
2026-08-23 17:15:30,64.0,,True,64.28432680729061,-1.0631442993601936,,True,False,0.0
2026-08-23 17:15:40,63.5,,True,64.16452811712617,-0.7999763823658589,,True,False,0.0
2026-08-23 17:15:50,64.0,,True,64.07215077981608,-0.8129950052896369,,True,False,0.0
2026-08-23 17:16:00,64.5,,True,63.99179857247533,-0.9079413671902414,,True,False,0.0
2026-08-23 17:16:10,67.0,,True,63.8267461272138,-0.8863541474320649,,True,False,0.0
2026-08-23 17:16:20,63.0,,True,63.54948470315456,-0.6017783331982636,,True,False,0.0
2026-08-23 17:16:30,62.0,,True,63.363804062954415,-0.14964176497367135,,True,False,0.0
2026-08-23 17:16:40,61.5,,True,63.40542409991334,0.3489830805172279,,True,False,0.0
2026-08-23 17:16:50,64.0,,True,63.68128148685781,0.7272003441895841,,True,False,0.0
2026-08-23 17:17:00,67.0,,True,63.904019121611924,0.7980462366554425,,True,False,0.0
2026-08-23 17:17:10,64.5,,True,64.02742660996802,0.48404269237341013,,True,False,0.0
2026-08-23 17:17:20,64.0,,True,64.07207186665211,-0.14214421270351474,,True,False,0.0
2026-08-23 17:17:30,,,True,64.0453957677782,-0.8991646770405384,,True,False,0.0
2026-08-23 17:17:40,66.0,,True,63.859618963534004,-1.3417602065985883,,True,False,0.0
2026-08-23 17:17:50,64.5,,True,63.483778653212134,-1.1865538658278154,,True,False,0.0
2026-08-23 17:18:00,60.0,,True,62.938568118425614,-0.47910650269499117,,True,False,0.0
2026-08-23 17:18:10,59.0,,True,62.88311893671003,0.5413469195124867,,True,False,0.0
2026-08-23 17:18:20,62.5,,True,63.30818957777944,1.5627391140196714,,True,False,0.0
2026-08-23 17:18:30,64.5,,True,63.86795848181209,2.2272408887546424,,True,False,0.0
2026-08-23 17:18:40,65.0,,True,64.32238713281342,2.2042760088943165,,True,False,0.0
2026-08-23 17:18:50,65.5,,True,64.6638803059503,1.732363933237481,,True,False,0.0
2026-08-23 17:19:00,,,False,64.87792495865034,,,False,False,0.0
2026-08-23 17:19:10,,,False,65.00019519969686,,,False,False,0.0
2026-08-23 17:19:20,,,False,65.06297416450238,,,False,False,0.0
2026-08-23 17:19:30,,,False,65.08862977577256,,,False,False,0.0
2026-08-23 17:19:40,,,False,65.09334273062389,,,False,False,0.0
2026-08-23 17:19:50,,,False,65.08980328343632,,,False,False,0.0
2026-08-23 17:20:00,65.0,,True,65.08932628825006,0.4967209333138971,,True,False,0.0
2026-08-23 17:20:10,64.0,,True,65.10373700777214,0.9526028572996754,,True,False,0.0
2026-08-23 17:20:20,64.0,,True,65.30210389525624,1.2305172302911935,,True,False,0.0
2026-08-23 17:20:30,66.0,,True,65.71748809861636,0.9533137266985933,,True,False,0.0
2026-08-23 17:20:40,68.0,,True,66.08578698507921,-0.18286129863469966,,True,False,0.0
2026-08-23 17:20:50,69.5,,True,66.13505036905525,-2.0280846356451874,,True,False,0.0
2026-08-23 17:21:00,69.5,,True,65.6234888145405,-3.854179221453657,,True,False,0.0
2026-08-23 17:21:10,65.5,,True,64.46584206244916,-5.001208439409155,,True,False,0.0
2026-08-23 17:21:20,60.5,,True,63.13583565409934,-5.124629540123302,,True,False,0.0
2026-08-23 17:21:30,60.0,,True,62.24513518809941,-4.316441278477033,,True,False,0.0
2026-08-23 17:21:40,60.0,,True,61.72862392011604,-2.9776598965769216,,True,False,0.0
2026-08-23 17:21:50,61.0,,True,61.50021663881868,-1.61729802124914,,True,False,0.0
2026-08-23 17:22:00,61.5,,True,61.35517879732443,-0.5086286732723901,,True,False,0.0
2026-08-23 17:22:10,60.0,,True,61.26933742205092,0.49741208630183315,,True,False,0.0
2026-08-23 17:22:20,60.0,,True,61.39505228378589,1.4970691459739944,,True,False,0.0
2026-08-23 17:22:30,60.5,,True,61.75327585948517,2.585523444260879,,True,False,0.0
2026-08-23 17:22:40,61.5,,True,62.320378745098644,3.5870411737341072,,True,False,0.0
2026-08-23 17:22:50,62.0,,True,63.024211421561894,4.204256241686846,,True,False,0.0
2026-08-23 17:23:00,,,True,63.89874600161879,4.182894968968362,,True,False,0.0
2026-08-23 17:23:10,,,True,64.75640491527881,3.340825714887473,,True,False,0.0
2026-08-23 17:23:20,,,True,65.4067979814853,1.609132175192604,,True,False,0.0
2026-08-23 17:23:30,70.0,,True,65.62499071127267,-0.6400869543510996,,True,False,0.0
2026-08-23 17:23:40,69.0,,True,65.28068189293882,-2.8531301000961666,,True,False,0.0
2026-08-23 17:23:50,65.0,,True,64.3164867234281,-4.505980643476302,,True,False,0.0
2026-08-23 17:24:00,63.0,,True,63.23837267448873,-5.266970817912001,,True,False,0.0
2026-08-23 17:24:10,61.0,,True,62.199987404630804,-5.155789461999683,,True,False,0.0
2026-08-23 17:24:20,60.0,,True,61.361600035544676,-4.475334921182541,,True,False,0.0
2026-08-23 17:24:30,60.0,,True,60.75014600571599,-3.647912391038663,,True,False,0.0
2026-08-23 17:24:40,61.0,,True,60.2637163101733,-2.85704668797264,,True,False,0.0
2026-08-23 17:24:50,59.0,,True,59.821239332992825,-2.220926861473476,,True,False,0.0
2026-08-23 17:25:00,59.0,,True,59.51563557797782,-1.74067579760083,,True,False,0.0
2026-08-23 17:25:10,58.0,,True,59.29597108595911,-1.371965938090219,,True,False,0.0
2026-08-23 17:25:20,59.0,,True,59.12563510826691,-1.0176313539755828,,True,False,0.0
2026-08-23 17:25:30,59.0,,True,58.97623831528587,-0.6543305669521035,,True,False,0.0
2026-08-23 17:25:40,58.0,,True,58.82288124151913,-0.29294201727776975,,True,False,0.0
2026-08-23 17:25:50,57.0,,True,58.80667104133891,0.0017657199931417902,,True,False,0.0
2026-08-23 17:26:00,59.0,,True,58.92490601471517,0.1717677439295895,,True,False,0.0
2026-08-23 17:26:10,59.5,,True,59.03062532387729,0.20968343947336332,,True,False,0.0
2026-08-23 17:26:20,59.5,,True,59.05811552035229,0.08611780350080563,,True,False,0.0
2026-08-23 17:26:30,59.0,,True,59.01195830355267,-0.005237722364461792,,True,False,0.0
2026-08-23 17:26:40,58.0,,True,58.96779413734515,0.13467665518573044,,True,False,0.0
2026-08-23 17:26:50,60.0,,True,58.91826232736183,0.6006085705049817,,True,False,0.0
2026-08-23 17:27:00,58.0,,True,59.021774238605474,1.2202133428131672,,True,False,0.0
2026-08-23 17:27:10,58.0,,True,59.29558185628336,1.864615577018799,,True,False,0.0
2026-08-23 17:27:20,60.0,,True,59.785319783341805,2.284072788346623,,True,False,0.0
2026-08-23 17:27:30,60.0,,True,60.23927767429054,2.298494512017951,,True,False,0.0
2026-08-23 17:27:40,63.0,,True,60.73311517762104,1.963855797216091,,True,False,0.0
2026-08-23 17:27:50,62.0,,True,61.01580521055504,1.4029549533788355,,True,False,0.0
2026-08-23 17:28:00,61.0,,True,61.13446277858154,0.8258799351047339,,True,False,0.0
2026-08-23 17:28:10,61.5,,True,61.19219747637163,0.44002300125285554,,True,False,0.0
2026-08-23 17:28:20,63.0,,True,61.198631753556995,0.484646091419322,,True,False,0.0
2026-08-23 17:28:30,60.0,,True,61.15483798966852,0.9850435301556838,,True,False,0.0
2026-08-23 17:28:40,60.0,,True,61.303517224058126,1.863900604870388,,True,False,0.0
2026-08-23 17:28:50,61.0,,True,61.669449329124085,2.82126492325398,,True,False,0.0
2026-08-23 17:29:00,60.0,,True,62.31362298904405,3.44526863360849,,True,False,0.0
2026-08-23 17:29:10,64.0,,True,63.17673381380469,3.322055211469187,,True,False,0.0
2026-08-23 17:29:20,66.0,,True,63.90263360753278,2.3239462293366584,,True,False,0.0
2026-08-23 17:29:30,67.5,,True,64.27897233584966,0.7488759044745451,,True,False,0.0
2026-08-23 17:29:40,67.0,,True,64.2018064534748,-0.8978103410703668,,True,False,0.0
2026-08-23 17:29:50,64.0,,True,63.65827498001241,-2.1762745006031823,,True,False,0.0
2026-08-23 17:30:00,62.5,,True,63.05778933655209,-2.9067367911888926,,True,False,0.0
2026-08-23 17:30:10,62.0,,True,62.55026858251712,-3.0680837850679707,,True,False,0.0
2026-08-23 17:30:20,62.5,,True,62.05112592556833,-2.6514923621726534,,True,False,0.0
2026-08-23 17:30:30,61.0,,True,61.56050425621425,-1.8375306186870555,,True,False,0.0
2026-08-23 17:30:40,59.0,,True,61.163299962895884,-0.9191096926016649,,True,False,0.0
2026-08-23 17:30:50,59.0,,True,61.1266456633935,-0.02887371528319771,,True,False,0.0
2026-08-23 17:31:00,63.0,,True,61.444432307790024,0.6779785475833199,,True,False,0.0
2026-08-23 17:31:10,62.0,,True,61.66962433681822,1.0539496840266556,,True,False,0.0
2026-08-23 17:31:20,62.0,,True,61.83975375531612,1.0290484888962164,,True,False,0.0
2026-08-23 17:31:30,,,False,61.983175466366696,,,False,False,0.0
2026-08-23 17:31:40,,,False,62.09998356466886,,,False,False,0.0
2026-08-23 17:31:50,,,False,62.18583654279679,,,False,False,0.0
2026-08-23 17:32:00,,,False,62.23123370662894,,,False,False,0.0
2026-08-23 17:32:10,,,False,62.219931726327815,,,False,False,0.0
2026-08-23 17:32:20,,,False,62.12623741470037,,,False,False,0.0
2026-08-23 17:32:30,63.0,,True,61.91072552933251,-0.8594388495399813,,True,False,0.0
2026-08-23 17:32:40,60.0,,True,61.537477422662924,-0.34580285004948086,,True,False,0.0
2026-08-23 17:32:50,57.0,,True,61.42047555310382,0.5999952594667944,,True,False,0.0
2026-08-23 17:33:00,59.5,,True,61.62355294239535,1.7988538033840122,,True,False,0.0
2026-08-23 17:33:10,61.5,,True,62.1805558220861,3.0322151920829317,,True,False,0.0
2026-08-23 17:33:20,62.5,,True,62.850984672124525,3.878088636605213,,True,False,0.0
2026-08-23 17:33:30,63.0,,True,63.579910967517044,4.227453044371239,,True,False,0.0
2026-08-23 17:33:40,66.0,,True,64.40548909082906,4.174250102389623,,True,False,0.0
2026-08-23 17:33:50,65.0,,True,65.1319820626126,3.870326939377718,,True,False,0.0
2026-08-23 17:34:00,,,True,65.71380537816489,3.0864582662621096,,True,False,0.0
2026-08-23 17:34:10,67.0,,True,66.24792959007799,1.6741421613330572,,True,False,0.0
2026-08-23 17:34:20,70.0,,True,66.65670873367075,-0.4234359643261945,,True,False,0.0
2026-08-23 17:34:30,70.0,,True,66.50827266620864,-2.7701581792778924,,True,False,0.0
2026-08-23 17:34:40,70.5,,True,65.77788204311463,-4.721430566966362,,True,False,0.0
2026-08-23 17:34:50,64.0,,True,64.34380509387304,-5.781036620577786,,True,False,0.0
2026-08-23 17:35:00,60.0,,True,62.967028993610306,-5.661291634761686,,True,False,0.0
2026-08-23 17:35:10,59.5,,True,62.084757725615944,-4.610095254739184,,True,False,0.0
2026-08-23 17:35:20,60.0,,True,61.54994607855757,-3.11296236955415,,True,False,0.0
2026-08-23 17:35:30,61.0,,True,61.27345877792544,-1.848942260247181,,True,False,0.0
2026-08-23 17:35:40,60.5,,True,61.125881273614226,-1.0716506228861504,,True,False,0.0
2026-08-23 17:35:50,61.0,,True,60.99928398157204,-0.5443959941013656,,True,False,0.0
2026-08-23 17:36:00,60.0,,True,60.95590068645853,-0.1793026024286952,,True,False,0.0
2026-08-23 17:36:10,62.5,,True,60.90516750575477,0.12019273645824892,,True,False,0.0
2026-08-23 17:36:20,60.0,,True,61.005295576010134,0.4040059123739667,,True,False,0.0
2026-08-23 17:36:30,61.0,,True,61.10630624226719,0.5587248355901201,,True,False,0.0
2026-08-23 17:36:40,61.0,,True,61.22503461556877,0.5565645647379712,,True,False,0.0
2026-08-23 17:36:50,64.0,,True,61.38126875813181,0.4328793403897786,,True,False,0.0
2026-08-23 17:37:00,62.0,,True,61.43438102705015,0.34562638705894233,,True,False,0.0
2026-08-23 17:37:10,61.0,,True,61.393223467143514,0.35169211728556593,,True,False,0.0
2026-08-23 17:37:20,60.0,,True,61.41760315176079,0.36280177182170353,,True,False,0.0
2026-08-23 17:37:30,61.0,,True,61.511583361671526,0.34509267404242416,,True,False,0.0
2026-08-23 17:37:40,62.5,,True,61.69082746519419,0.33132759336546247,,True,False,0.0
2026-08-23 17:37:50,63.0,,True,61.73520947958255,0.5334980639637121,,True,False,0.0
2026-08-23 17:38:00,61.0,,True,61.65212640723466,1.2352991642702078,,True,False,0.0
2026-08-23 17:38:10,59.0,,True,61.677731069425874,2.4376263157646023,,True,False,0.0
2026-08-23 17:38:20,59.0,,True,62.14962424318807,3.9569388056007293,,True,False,0.0
2026-08-23 17:38:30,,,True,63.14645479081494,5.278598239227465,,True,False,0.0
2026-08-23 17:38:40,,,True,64.37602780357763,5.73002404605879,,True,False,0.0
2026-08-23 17:38:50,,,True,65.58493878360325,4.975739574852305,,True,False,0.0
2026-08-23 17:39:00,70.0,,True,66.51633956089607,3.229316461359311,,True,False,0.0
2026-08-23 17:39:10,70.0,,True,66.8671302650049,1.0270651390452674,,True,False,0.0
2026-08-23 17:39:20,,,True,66.69577601328122,-1.1230562791421668,,True,False,0.0
2026-08-23 17:39:30,,,True,66.19593998599328,-2.838329934329462,,True,False,0.0
2026-08-23 17:39:40,66.0,,True,65.50653840081533,-3.7707061976192735,,True,False,0.0
2026-08-23 17:39:50,65.0,,True,64.73489321577327,-3.7898668271789457,,True,False,0.0
2026-08-23 17:40:00,62.5,,True,63.919063566693424,-2.95257668983985,,True,False,0.0
2026-08-23 17:40:10,60.5,,True,63.339744512062474,-1.4823826674740597,,True,False,0.0
2026-08-23 17:40:20,60.5,,True,63.23371620944194,0.3478904341222595,,True,False,0.0
2026-08-23 17:40:30,62.0,,True,63.58330727506172,2.093288131881823,,True,False,0.0
2026-08-23 17:40:40,63.0,,True,64.19678288652511,3.15185289924075,,True,False,0.0
2026-08-23 17:40:50,,,True,65.00972231240937,3.271440768854091,,True,False,0.0
2026-08-23 17:41:00,68.0,,True,65.74094879036184,2.686268766609792,,True,False,0.0
2026-08-23 17:41:10,68.5,,True,66.09566673337461,1.8345225111814294,,True,False,0.0
2026-08-23 17:41:20,66.5,,True,66.13299579861648,1.074244293330937,,True,False,0.0
2026-08-23 17:41:30,65.0,,True,66.10915749696109,0.6537210767499049,,True,False,0.0
2026-08-23 17:41:40,65.5,,True,66.18684544479922,0.6457228015319649,,True,False,0.0
2026-08-23 17:41:50,68.0,,True,66.37900763343721,0.8703449932360381,,True,False,0.0
2026-08-23 17:42:00,66.5,,True,66.55100442764807,1.0257389695270824,,True,False,0.0
2026-08-23 17:42:10,66.5,,True,66.73150195980026,0.78066086931075,,True,False,0.0
2026-08-23 17:42:20,67.5,,True,66.95058315191916,-0.012878514591869143,,True,False,0.0
2026-08-23 17:42:30,69.5,,True,67.07809486935793,-1.1299928890216986,,True,False,0.0
2026-08-23 17:42:40,71.0,,True,66.80195573168967,-2.453296554478948,,True,False,0.0
2026-08-23 17:42:50,66.5,,True,66.07614254930303,-3.864054407587443,,True,False,0.0
2026-08-23 17:43:00,66.0,,True,65.27968645846687,-4.918821328627163,,True,False,0.0
2026-08-23 17:43:10,65.5,,True,64.36317811070852,-5.096963233009487,,True,False,0.0
2026-08-23 17:43:20,62.0,,True,63.257199448068256,-4.321027580988611,,True,False,0.0
2026-08-23 17:43:30,59.0,,True,62.360754026772696,-2.7831203353229563,,True,False,0.0
2026-08-23 17:43:40,58.5,,True,62.024434276605916,-0.8519236217349286,,True,False,0.0
2026-08-23 17:43:50,59.5,,True,62.19218690587345,1.0622858215639548,,True,False,0.0
2026-08-23 17:44:00,63.0,,True,62.808637352786555,2.474971473218751,,True,False,0.0
2026-08-23 17:44:10,,,False,63.39319402516408,,,False,False,0.0
2026-08-23 17:44:20,,,False,63.95994970173562,,,False,False,0.0
2026-08-23 17:44:30,,,False,64.52003032859642,,,False,False,0.0
2026-08-23 17:44:40,,,False,65.08344934355662,,,False,False,0.0
2026-08-23 17:44:50,,,False,65.66077658244294,,,False,False,0.0
2026-08-23 17:45:00,,,False,66.26489991840306,,,False,False,0.0
2026-08-23 17:45:10,66.5,,True,66.91317324076368,3.205098995508764,,True,False,0.0
2026-08-23 17:45:20,70.5,,True,67.63030876991826,2.3600571982002405,,True,False,0.0
2026-08-23 17:45:30,69.5,,True,68.03582909405921,1.301215410115581,,True,False,0.0
2026-08-23 17:45:40,70.5,,True,68.03065426721002,0.3074571427644818,,True,False,0.0
2026-08-23 17:45:50,67.5,,True,67.78058848489584,-0.35827255317347817,,True,False,0.0
2026-08-23 17:46:00,66.0,,True,67.57728745006429,-0.42300005559271875,,True,False,0.0
2026-08-23 17:46:10,,,True,67.51186765691011,-0.013584710134541792,,True,False,0.0
2026-08-23 17:46:20,67.5,,True,67.57342580657429,0.6078522312536044,,True,False,0.0
2026-08-23 17:46:30,66.0,,True,67.77222159066751,0.9823835921364109,,True,False,0.0
2026-08-23 17:46:40,67.5,,True,68.01638763987198,0.9135026945657785,,True,False,0.0
2026-08-23 17:46:50,72.5,,True,68.34661829572177,0.32722938894659587,,True,False,0.0
2026-08-23 17:47:00,70.0,,True,68.40128533419184,-0.6062913994671849,,True,False,0.0
2026-08-23 17:47:10,70.0,,True,68.18949992836056,-1.5694321830302418,,True,False,0.0
2026-08-23 17:47:20,68.0,,True,67.67596451058937,-2.3655735685268944,,True,False,0.0
2026-08-23 17:47:30,66.5,,True,67.10842317791639,-2.698834358301827,,True,False,0.0
2026-08-23 17:47:40,65.0,,True,66.64228570822948,-2.6247580173175287,,True,False,0.0
2026-08-23 17:47:50,66.5,,True,66.19986252324748,-2.291712774457558,,True,False,0.0
2026-08-23 17:48:00,65.5,,True,65.87408309214004,-1.9120482321023984,,True,False,0.0
2026-08-23 17:48:10,65.0,,True,65.61065084305595,-1.4492726808119047,,True,False,0.0
2026-08-23 17:48:20,65.5,,True,65.36566040114785,-0.790542576323379,,True,False,0.0
2026-08-23 17:48:30,62.5,,True,65.18161335943105,-0.0224981393173152,,True,False,0.0
2026-08-23 17:48:40,,,True,65.2361685442861,0.8221537506596823,,True,False,0.0
2026-08-23 17:48:50,65.0,,True,65.53841848652216,1.5895455514609185,,True,False,0.0
2026-08-23 17:49:00,65.5,,True,65.93040484317856,2.023647325124698,,True,False,0.0
2026-08-23 17:49:10,,,True,66.39412534036474,1.97359508154737,,True,False,0.0
2026-08-23 17:49:20,68.0,,True,66.79853339427835,1.4935467801327142,,True,False,0.0
2026-08-23 17:49:30,70.0,,True,67.00269701390502,0.7713515135020976,,True,False,0.0
2026-08-23 17:49:40,68.0,,True,67.04064346918253,-0.03657088183053771,,True,False,0.0
2026-08-23 17:49:50,67.5,,True,66.91869716932378,-0.7345169955634873,,True,False,0.0
2026-08-23 17:50:00,66.5,,True,66.69986706435232,-1.2513111799855854,,True,False,0.0
2026-08-23 17:50:10,67.0,,True,66.43101480343958,-1.5123715134528868,,True,False,0.0
2026-08-23 17:50:20,66.5,,True,66.15066500976675,-1.507636622971835,,True,False,0.0
2026-08-23 17:50:30,65.0,,True,65.81209271772171,-1.3300673601289252,,True,False,0.0
2026-08-23 17:50:40,64.5,,True,65.60886921196362,-1.0661402763551002,,True,False,0.0
2026-08-23 17:50:50,65.5,,True,65.50712390819947,-0.7790103814975795,,True,False,0.0
2026-08-23 17:51:00,,,True,65.4273992558019,-0.5056441216515448,,True,False,0.0
2026-08-23 17:51:10,,,True,65.35640781270465,-0.32101616779504333,,True,False,0.0
2026-08-23 17:51:20,,,True,65.30315100505815,-0.15417662285675593,,True,False,0.0
2026-08-23 17:51:30,65.0,,True,65.27958603158802,0.009288246843506357,,True,False,0.0
2026-08-23 17:51:40,65.0,,True,65.30261873004923,0.09394401482721937,,True,False,0.0
2026-08-23 17:51:50,65.5,,True,65.37608788351864,0.03354283290119429,,True,False,0.0
2026-08-23 17:52:00,66.0,,True,65.42890501757446,-0.22216073401748082,,True,False,0.0
2026-08-23 17:52:10,66.0,,True,65.38653965455937,-0.7113196613676297,,True,False,0.0
2026-08-23 17:52:20,66.0,,True,65.2419309006375,-1.4618890084695082,,True,False,0.0
2026-08-23 17:52:30,66.0,,True,64.97097729682187,-2.456106523649621,,True,False,0.0
2026-08-23 17:52:40,66.5,,True,64.52851990914321,-3.288246554676089,,True,False,0.0
2026-08-23 17:52:50,65.5,,True,63.840815839655086,-3.757713392434273,,True,False,0.0
2026-08-23 17:53:00,61.0,,True,62.876581076776134,-3.7820372241695774,,True,False,0.0
2026-08-23 17:53:10,60.0,,True,62.2251098266932,-3.3831291646950303,,True,False,0.0
2026-08-23 17:53:20,61.0,,True,61.77782354772579,-2.690933108860111,,True,False,0.0
2026-08-23 17:53:30,61.0,,True,61.46017452671268,-1.9115116187875731,,True,False,0.0
2026-08-23 17:53:40,60.5,,True,61.21922126015168,-1.3078182556558022,,True,False,0.0
2026-08-23 17:53:50,61.5,,True,61.014804870282624,-0.7256660303714119,,True,False,0.0
2026-08-23 17:54:00,59.5,,True,60.89618929212734,-0.06802957205367627,,True,False,0.0
2026-08-23 17:54:10,60.0,,True,60.92693859599328,0.7270781480646457,,True,False,0.0
2026-08-23 17:54:20,,,True,61.11217766585809,1.7028893690508933,,True,False,0.0
2026-08-23 17:54:30,,,True,61.45500190225481,2.7541821515456375,,True,False,0.0
2026-08-23 17:54:40,60.5,,True,61.98477090013843,3.4668862450122817,,True,False,0.0
2026-08-23 17:54:50,62.0,,True,62.762001714711786,3.638357093600032,,True,False,0.0
2026-08-23 17:55:00,67.0,,True,63.666232815070444,3.2971731720735105,,True,False,0.0
2026-08-23 17:55:10,66.0,,True,64.18150271794083,2.5412323982735434,,True,False,0.0
2026-08-23 17:55:20,65.0,,True,64.39368974046802,1.5481160718048959,,True,False,0.0
2026-08-23 17:55:30,65.0,,True,64.5048250530732,0.5987333763513554,,True,False,0.0
2026-08-23 17:55:40,65.0,,True,64.53343120785726,-0.07228899447217974,,True,False,0.0
2026-08-23 17:55:50,65.0,,True,64.48427589728419,-0.5410738167553578,,True,False,0.0
2026-08-23 17:56:00,66.5,,True,64.3491665695918,-0.760751894212033,,True,False,0.0
2026-08-23 17:56:10,64.0,,True,64.10558500349805,-0.625079096894511,,True,False,0.0
2026-08-23 17:56:20,62.0,,True,63.87960093798729,-0.16501472048795957,,True,False,0.0
2026-08-23 17:56:30,62.5,,True,63.88355036214109,0.5354043453610968,,True,False,0.0
2026-08-23 17:56:40,63.5,,True,64.11809151331839,1.3964860401989125,,True,False,0.0
2026-08-23 17:56:50,64.0,,True,64.45564791671542,1.9546011226889441,,True,False,0.0
2026-08-23 17:57:00,64.0,,True,64.86914563956502,1.9277687732461892,,True,False,0.0
2026-08-23 17:57:10,69.0,,True,65.42750096900878,1.4900883622016274,,True,False,0.0
2026-08-23 17:57:20,67.5,,True,65.64043979328733,0.9078988686668807,,True,False,0.0
2026-08-23 17:57:30,65.0,,True,65.5434519164471,0.47702585324330254,,True,False,0.0
2026-08-23 17:57:40,65.5,,True,65.45370602568138,0.4649428609793347,,True,False,0.0
2026-08-23 17:57:50,64.0,,True,65.43957780586257,1.0482074884024088,,True,False,0.0
2026-08-23 17:58:00,64.0,,True,65.66537922035418,2.056173363892558,,True,False,0.0
2026-08-23 17:58:10,66.0,,True,66.16874383823814,3.3175490857457564,,True,False,0.0
2026-08-23 17:58:20,65.5,,True,66.78356576249513,4.274706798080398,,True,False,0.0
2026-08-23 17:58:30,65.0,,True,67.61231531383463,4.605029929142739,,True,False,0.0
2026-08-23 17:58:40,71.5,,True,68.79311741747989,4.5242866198241325,,True,False,0.0
2026-08-23 17:58:50,71.5,,True,69.52277242403846,4.3583053661905105,,True,False,0.0
2026-08-23 17:59:00,69.0,,True,69.9228895012701,4.00799405454105,,True,False,0.0
2026-08-23 17:59:10,69.0,,True,70.47682149538011,3.5935388948389226,,True,False,0.0
2026-08-23 17:59:20,72.5,,True,71.27689040538678,3.4208640271337782,,True,False,0.0
2026-08-23 17:59:30,72.5,,True,71.87310771629126,3.112976021093801,,True,False,0.0
2026-08-23 17:59:40,73.0,,True,72.36484297991093,2.2346316376170865,,True,False,0.0
2026-08-23 17:59:50,,,True,72.75071874018244,0.6215830032670443,,True,False,0.0
2026-08-23 18:00:00,,,True,72.88671429048433,-1.736082749586099,,True,False,0.0
2026-08-23 18:00:10,,,True,72.58716222253362,-4.4188099130845275,,True,False,0.0
2026-08-23 18:00:20,78.0,,True,71.5938038583385,-6.686219681144652,,True,False,0.0
2026-08-23 18:00:30,69.5,,True,69.74107947053314,-8.014427967490764,,True,False,0.0
2026-08-23 18:00:40,65.0,,True,67.92853499448329,-8.151588534132934,,True,False,0.0
2026-08-23 18:00:50,64.0,,True,66.60407968418065,-7.191990046940103,,True,False,0.0
2026-08-23 18:01:00,64.5,,True,65.63030432124145,-5.5292708532849035,,True,False,0.0
2026-08-23 18:01:10,64.0,,True,64.92824634517584,-3.930953944700982,,True,False,0.0
2026-08-23 18:01:20,63.0,,True,64.38089609330618,-2.6306531697576885,,True,False,0.0
2026-08-23 18:01:30,63.0,,True,64.06369519032087,-1.7687945897739983,,True,False,0.0
2026-08-23 18:01:40,63.0,,True,63.92377681905572,-1.4695922509431036,,True,False,0.0
2026-08-23 18:01:50,65.5,,True,63.937821250966515,-1.5760362396503251,,True,False,0.0
2026-08-23 18:02:00,66.0,,True,63.691502558038394,-2.0344386492516366,,True,False,0.0
2026-08-23 18:02:10,63.0,,True,63.14376762478333,-2.6354855956329795,,True,False,0.0
2026-08-23 18:02:20,62.0,,True,62.61999396232549,-3.1222087127150457,,True,False,0.0
2026-08-23 18:02:30,63.0,,True,62.03288596025522,-3.1828713771543637,,True,False,0.0
2026-08-23 18:02:40,60.0,,True,61.45125895156082,-2.8990126044527234,,True,False,0.0
2026-08-23 18:02:50,61.0,,True,60.944841768126544,-2.4376083134455677,,True,False,0.0
2026-08-23 18:03:00,59.0,,True,60.595898212713365,-1.7931863603936125,,True,False,0.0
2026-08-23 18:03:10,60.0,,True,60.346271026085745,-1.0547716578834356,,True,False,0.0
2026-08-23 18:03:20,59.5,,True,60.237689010472415,-0.22429508883000804,,True,False,0.0
2026-08-23 18:03:30,59.5,,True,60.252055163271145,0.7473703939898526,,True,False,0.0
2026-08-23 18:03:40,59.0,,True,60.39176384328173,2.004311894855654,,True,False,0.0
2026-08-23 18:03:50,59.0,,True,60.763433163839274,3.595305378197413,,True,False,0.0
2026-08-23 18:04:00,59.0,,True,61.42900801170335,5.267659281714947,,True,False,0.0
2026-08-23 18:04:10,60.0,,True,62.49941752818466,6.5143849702802115,,True,False,0.0
2026-08-23 18:04:20,64.0,,True,63.98639663269674,6.739698630082664,,True,False,0.0
2026-08-23 18:04:30,68.0,,True,65.47110850932494,5.659723966327476,,True,False,0.0
2026-08-23 18:04:40,71.0,,True,66.53433847084061,3.415893773150683,,True,False,0.0
2026-08-23 18:04:50,72.0,,True,66.85329151082972,0.5806649231180617,,True,False,0.0
2026-08-23 18:05:00,69.0,,True,66.48112646929044,-1.9792150111567608,,True,False,0.0
2026-08-23 18:05:10,66.5,,True,65.6891491726329,-3.7796783996719734,,True,False,0.0
2026-08-23 18:05:20,64.0,,True,64.76203007141416,-4.781516759561069,,True,False,0.0
2026-08-23 18:05:30,64.0,,True,63.96191598209779,-5.1695602936627125,,True,False,0.0
2026-08-23 18:05:40,65.0,,True,63.155454556464385,-4.919197210041458,,True,False,0.0
2026-08-23 18:05:50,62.0,,True,62.20823555690837,-4.077986042379483,,True,False,0.0
2026-08-23 18:06:00,58.0,,True,61.29572248350374,-2.8985820722569353,,True,False,0.0
2026-08-23 18:06:10,58.0,,True,60.932496490683064,-1.6487036856057689,,True,False,0.0
2026-08-23 18:06:20,60.5,,True,61.058019912976235,-0.6378949608412655,,True,False,0.0
2026-08-23 18:06:30,64.0,,True,61.27654665409877,-0.10840206288362383,,True,False,0.0
2026-08-23 18:06:40,62.5,,True,61.29116450423776,-0.09697617540657337,,True,False,0.0
2026-08-23 18:06:50,61.0,,True,61.10430977174971,-0.2267129838306061,,True,False,0.0
2026-08-23 18:07:00,60.0,,True,60.934840001219946,-0.17994957527401176,,True,False,0.0
2026-08-23 18:07:10,59.0,,True,60.92117689756017,0.14039366597502403,,True,False,0.0
2026-08-23 18:07:20,61.0,,True,61.061043276827085,0.6091358515532422,,True,False,0.0
2026-08-23 18:07:30,61.5,,True,61.21108353556517,1.0722578219141596,,True,False,0.0
2026-08-23 18:07:40,61.0,,True,61.39630438356412,1.5355180006893538,,True,False,0.0
2026-08-23 18:07:50,60.0,,True,61.64757596215709,1.933269274817553,,True,False,0.0
2026-08-23 18:08:00,61.0,,True,62.006776867776246,1.974660666177259,,True,False,0.0
2026-08-23 18:08:10,63.0,,True,62.533773918024764,1.3808764542808019,,True,False,0.0
2026-08-23 18:08:20,67.0,,True,62.98306662127741,0.26723831809782045,,True,False,0.0
2026-08-23 18:08:30,66.0,,True,62.92953709474295,-1.1590029555450352,,True,False,0.0
2026-08-23 18:08:40,62.0,,True,62.36426375066564,-2.599839959873947,,True,False,0.0
2026-08-23 18:08:50,63.0,,True,61.69303436503261,-3.5989836241818356,,True,False,0.0
2026-08-23 18:09:00,61.0,,True,60.97064404023834,-3.6443864639485826,,True,False,0.0
2026-08-23 18:09:10,59.5,,True,60.243361055483795,-2.725758476278176,,True,False,0.0
2026-08-23 18:09:20,56.0,,True,59.639971579976546,-1.0114235679874524,,True,False,0.0
2026-08-23 18:09:30,56.5,,True,59.559910701132054,1.5521978884958452,,True,False,0.0
2026-08-23 18:09:40,57.5,,True,59.9898349391429,5.0709475644903605,,True,False,0.0
2026-08-23 18:09:50,56.5,,True,61.001398333677564,9.180390882185659,,True,True,36.721563528742635
2026-08-23 18:10:00,56.0,,True,62.76319478382514,13.230613632626195,,True,True,52.92245453050478
2026-08-23 18:10:10,,,True,65.5688570312769,16.655581512313972,,True,True,66.62232604925589
2026-08-23 18:10:20,,,True,68.99016211727482,18.76719392976838,,True,True,75.06877571907351
2026-08-23 18:10:30,,,True,72.6181608894852,18.944172002184196,,True,True,75.77668800873678
2026-08-23 18:10:40,79.5,,True,76.07835314327644,17.028512074964056,,True,True,68.11404829985622
2026-08-23 18:10:50,84.5,,True,78.96827092094709,13.584866064999835,,True,True,54.33946425999934
2026-08-23 18:11:00,86.5,,True,80.93623385210891,9.253578684916555,,True,True,37.01431473966622
2026-08-23 18:11:10,89.5,,True,81.97690242528888,4.906518704700329,,True,False,0.0
2026-08-23 18:11:20,,,True,82.26372140268366,1.2789975562198987,,True,False,0.0
2026-08-23 18:11:30,83.0,,True,81.88616061385903,-1.1710716186048125,,True,False,0.0
2026-08-23 18:11:40,,,True,81.32295992734424,-2.4859622536731547,,True,False,0.0
2026-08-23 18:11:50,80.0,,True,80.7302525620535,-2.9651799310203373,,True,False,0.0
2026-08-23 18:12:00,77.5,,True,80.25925395710499,-3.001094263537563,,True,False,0.0
2026-08-23 18:12:10,80.0,,True,79.83146434500732,-3.108619544739611,,True,False,0.0
2026-08-23 18:12:20,80.0,,True,79.37558545707752,-3.5735337976839685,,True,False,0.0
2026-08-23 18:12:30,,,True,78.81563747866063,-4.312608445480402,,True,False,0.0
2026-08-23 18:12:40,80.0,,True,78.05829574668718,-4.913308310380694,,True,False,0.0
2026-08-23 18:12:50,,,True,76.97733663916158,-4.832892893677742,,True,False,0.0
2026-08-23 18:13:00,,,True,75.89260030482957,-3.7365310544924872,,True,False,0.0
2026-08-23 18:13:10,,,True,75.12329735463582,-1.4950672481988145,,True,False,0.0
2026-08-23 18:13:20,68.0,,True,75.0412106302147,1.532932969109355,,True,False,0.0
2026-08-23 18:13:30,,,True,75.63265901082937,4.566422014602429,,True,False,0.0
2026-08-23 18:13:40,,,True,76.91288389324893,6.825267110148303,,True,False,0.0
2026-08-23 18:13:50,,,True,78.51192275787663,8.007371009766532,,True,True,32.029484039066126
2026-08-23 18:14:00,82.0,,True,80.1129487488171,8.291893887202999,,True,True,33.167575548811996
2026-08-23 18:14:10,82.0,,True,81.39946619789376,7.851256222030457,,True,False,0.0
2026-08-23 18:14:20,82.5,,True,82.5858946799527,7.058446974815401,,True,False,0.0
2026-08-23 18:14:30,85.0,,True,83.78663894200375,6.084902699593399,,True,False,0.0
2026-08-23 18:14:40,86.0,,True,84.78515636105541,5.018366017160797,,True,False,0.0
2026-08-23 18:14:50,88.0,,True,85.58119984028299,3.8060808137788285,,True,False,0.0
2026-08-23 18:15:00,87.5,,True,86.05744329289105,2.6031424126933516,,True,False,0.0
2026-08-23 18:15:10,,,True,86.29326062764763,1.6554896518186841,,True,False,0.0
2026-08-23 18:15:20,,,True,86.41128806701214,1.0373232614852335,,True,False,0.0
2026-08-23 18:15:30,86.0,,True,86.51453018421199,0.7884726528279145,,True,False,0.0
2026-08-23 18:15:40,87.0,,True,86.62019399878051,0.8138912958324057,,True,False,0.0
2026-08-23 18:15:50,86.5,,True,86.7458901464791,0.9213870595708938,,True,False,0.0
2026-08-23 18:16:00,86.5,,True,86.91256798525754,0.9770901903807487,,True,False,0.0
2026-08-23 18:16:10,87.5,,True,87.14800715491224,0.9367131148255112,,True,False,0.0
2026-08-23 18:16:20,,,True,87.32478085038564,0.811383463169776,,True,False,0.0
2026-08-23 18:16:30,88.0,,True,87.43068468758997,0.6337843887090123,,True,False,0.0
2026-08-23 18:16:40,87.5,,True,87.4833693060593,0.4636017599854756,,True,False,0.0
2026-08-23 18:16:50,87.0,,True,87.53328214220517,0.3439003769738157,,True,False,0.0
2026-08-23 18:17:00,87.5,,True,87.58874200205189,0.23687286631495708,,True,False,0.0
2026-08-23 18:17:10,88.0,,True,87.65899219557392,0.14253845242289326,,True,False,0.0
2026-08-23 18:17:20,88.5,,True,87.67240775502492,0.08088901869657988,,True,False,0.0
2026-08-23 18:17:30,87.5,,True,87.63122460698008,0.12200680237209502,,True,False,0.0
2026-08-23 18:17:40,,,True,87.61191222676524,0.3352447673953609,,True,False,0.0
2026-08-23 18:17:50,87.0,,True,87.65291855101128,0.7472140031750192,,True,False,0.0
2026-08-23 18:18:00,87.0,,True,87.80274463375919,1.185504620436246,,True,False,0.0
2026-08-23 18:18:10,87.5,,True,88.08636148880029,1.517807912532102,,True,False,0.0
2026-08-23 18:18:20,89.0,,True,88.46770525864144,1.7012934757642681,,True,False,0.0
2026-08-23 18:18:30,89.0,,True,88.76033323825617,1.7576136659095511,,True,False,0.0
2026-08-23 18:18:40,88.5,,True,89.01301675758023,1.7318694670397823,,True,False,0.0
2026-08-23 18:18:50,89.0,,True,89.267869736501,1.6911987507719002,,True,False,0.0
2026-08-23 18:19:00,89.5,,True,89.56736767150527,1.735965921537457,,True,False,0.0
2026-08-23 18:19:10,90.0,,True,89.87809355176041,1.7486321744640436,,True,False,0.0
2026-08-23 18:19:20,90.0,,True,90.16850169064229,1.677737123134649,,True,False,0.0
2026-08-23 18:19:30,91.0,,True,90.48699344463121,1.5293220685181792,,True,False,0.0
2026-08-23 18:19:40,91.0,,True,90.71998410605866,1.3679368824642852,,True,False,0.0
2026-08-23 18:19:50,91.0,,True,90.90630545182921,1.255969748249706,,True,False,0.0
2026-08-23 18:20:00,90.0,,True,91.07701103957129,1.2461880482672354,,True,False,0.0
2026-08-23 18:20:10,91.0,,True,91.26055180057526,1.3369614991864736,,True,False,0.0
2026-08-23 18:20:20,91.0,,True,91.4875178616751,1.445204723779669,,True,False,0.0
2026-08-23 18:20:30,92.0,,True,91.79573689972078,1.5086011166218691,,True,False,0.0
2026-08-23 18:20:40,,,False,92.06991208771993,,,False,False,0.0
2026-08-23 18:20:50,,,False,92.31407262367239,,,False,False,0.0
2026-08-23 18:21:00,,,False,92.52724526357024,,,False,False,0.0
2026-08-23 18:21:10,,,False,92.70329211406313,,,False,False,0.0
2026-08-23 18:21:20,,,False,92.8298876502332,,,False,False,0.0
2026-08-23 18:21:30,93.5,,True,92.88646446144215,0.05544964464880147,,True,False,0.0
2026-08-23 18:21:40,93.0,,True,92.88245201622478,-0.5465546824334084,,True,False,0.0
2026-08-23 18:21:50,,,True,92.77551490704487,-1.4092943137306848,,True,False,0.0
2026-08-23 18:22:00,94.0,,True,92.54783028237243,-2.5872734735068774,,True,False,0.0
2026-08-23 18:22:10,95.0,,True,92.07811737142873,-4.0327744026770524,,True,False,0.0
2026-08-23 18:22:20,,,False,91.28809068905649,,,False,False,0.0
2026-08-23 18:22:30,,,False,90.15719023263809,,,False,False,0.0
2026-08-23 18:22:40,,,False,88.77471037054826,,,False,False,0.0
2026-08-23 18:22:50,,,False,87.18801557021648,,,False,False,0.0
2026-08-23 18:23:00,,,False,85.41043447603187,,,False,False,0.0
2026-08-23 18:23:10,85.0,,True,83.42348135007478,-11.960510011303146,,True,False,0.0
2026-08-23 18:23:20,81.5,,True,81.17377511579681,-11.885630476253471,,True,False,0.0
2026-08-23 18:23:30,75.0,,True,78.86969806748499,-11.13692744915077,,True,False,0.0
2026-08-23 18:23:40,75.5,,True,77.12723736375399,-9.851521854049366,,True,False,0.0
2026-08-23 18:23:50,74.5,,True,75.73931622064865,-8.23482228224189,,True,False,0.0
2026-08-23 18:24:00,73.5,,True,74.55794778098475,-6.579878805093766,,True,False,0.0
2026-08-23 18:24:10,,,True,73.55290397148497,-5.066224652604107,,True,False,0.0
2026-08-23 18:24:20,71.0,,True,72.76501082389935,-3.450512704119873,,True,False,0.0
2026-08-23 18:24:30,70.0,,True,72.2712861469636,-1.5973862063222721,,True,False,0.0
2026-08-23 18:24:40,69.5,,True,72.15610916118847,0.34665211423115827,,True,False,0.0
2026-08-23 18:24:50,70.0,,True,72.40028370227807,2.0895372157278844,,True,False,0.0
2026-08-23 18:25:00,,,True,73.04450552708069,3.5021070912745165,,True,False,0.0
2026-08-23 18:25:10,74.0,,True,73.86281160639675,4.2126471963192875,,True,False,0.0
2026-08-23 18:25:20,74.0,,True,74.65825295344558,4.1252951674172875,,True,False,0.0
2026-08-23 18:25:30,81.0,,True,75.56340312606869,3.6183494759419967,,True,False,0.0
2026-08-23 18:25:40,,,True,76.06245381970324,3.1787477447427652,,True,False,0.0
2026-08-23 18:25:50,75.0,,True,76.23858014995498,3.063580161476864,,True,False,0.0
2026-08-23 18:26:00,74.5,,True,76.62113650519923,3.262580700361876,,True,False,0.0
2026-08-23 18:26:10,,,True,77.27388227797667,3.8535589750215125,,True,False,0.0
2026-08-23 18:26:20,78.0,,True,78.09727509708354,4.49304707885142,,True,False,0.0
2026-08-23 18:26:30,79.0,,True,78.936880432371,4.8188763624899105,,True,False,0.0
2026-08-23 18:26:40,,,False,79.7659658397203,,,False,False,0.0
2026-08-23 18:26:50,,,False,80.57687888702297,,,False,False,0.0
2026-08-23 18:27:00,,,False,81.35893841549613,,,False,False,0.0
2026-08-23 18:27:10,,,False,82.16957101321863,,,False,False,0.0
2026-08-23 18:27:20,,,False,82.92513211314424,,,False,False,0.0
2026-08-23 18:27:30,,,False,83.53279856526055,,,False,False,0.0
2026-08-23 18:27:40,,,False,84.02093144492028,,,False,False,0.0
2026-08-23 18:27:50,86.0,,True,84.32505289873338,1.8119578082704908,,True,False,0.0
2026-08-23 18:28:00,85.0,,True,84.4958498356687,1.6615113247417397,,True,False,0.0
2026-08-23 18:28:10,82.0,,True,84.58262174521546,1.9506109463570427,,True,False,0.0
2026-08-23 18:28:20,,,False,84.88554489801243,,,False,False,0.0
2026-08-23 18:28:30,,,False,85.4551064861924,,,False,False,0.0
2026-08-23 18:28:40,,,False,86.17194772683303,,,False,False,0.0
2026-08-23 18:28:50,,,False,86.94125644575533,,,False,False,0.0
2026-08-23 18:29:00,,,False,87.676965048494,,,False,False,0.0
2026-08-23 18:29:10,,,False,88.28740592121974,,,False,False,0.0
2026-08-23 18:29:20,91.0,,True,88.66003349510116,1.5303687424888963,,True,False,0.0
2026-08-23 18:29:30,,,False,88.78552379435658,,,False,False,0.0
2026-08-23 18:29:40,,,False,88.6847918688619,,,False,False,0.0
2026-08-23 18:29:50,,,False,88.48390620722513,,,False,False,0.0
2026-08-23 18:30:00,,,False,88.22081443726876,,,False,False,0.0
2026-08-23 18:30:10,,,False,87.92309650209526,,,False,False,0.0
2026-08-23 18:30:20,,,False,87.47651959933502,,,False,False,0.0
2026-08-23 18:30:30,,,False,86.80665424519466,,,False,False,0.0
2026-08-23 18:30:40,,,False,85.80185621398412,,,False,False,0.0
2026-08-23 18:30:50,,,False,84.29465916716832,,,False,False,0.0
2026-08-23 18:31:00,,,False,82.03386359694461,,,False,False,0.0
2026-08-23 18:31:10,,,False,81.5099205378525,,,False,False,0.0
2026-08-23 18:31:20,,,False,81.04715471125961,,,False,False,0.0
2026-08-23 18:31:30,,,False,80.63986705082904,,,False,False,0.0
2026-08-23 18:31:40,79.0,,True,80.3630334226795,-0.49932814147279403,,True,False,0.0
2026-08-23 18:31:50,77.0,,True,80.31337203164318,0.7431306686933965,,True,False,0.0
2026-08-23 18:32:00,78.5,,True,80.5659393125474,1.9293425494921757,,True,False,0.0
2026-08-23 18:32:10,81.0,,True,81.16282981220951,2.853948256566883,,True,False,0.0
2026-08-23 18:32:20,,,False,81.78685861390655,,,False,False,0.0
2026-08-23 18:32:30,,,False,82.408697184588,,,False,False,0.0
2026-08-23 18:32:40,,,False,82.99865195270077,,,False,False,0.0
2026-08-23 18:32:50,,,False,83.52171537959701,,,False,False,0.0
2026-08-23 18:33:00,85.0,,True,83.93173136975942,1.9913557953962773,,True,False,0.0
2026-08-23 18:33:10,,,False,84.18592481043727,,,False,False,0.0
2026-08-23 18:33:20,,,False,84.32666127507689,,,False,False,0.0
2026-08-23 18:33:30,,,False,84.39961906334042,,,False,False,0.0
2026-08-23 18:33:40,,,False,84.42806891771626,,,False,False,0.0
2026-08-23 18:33:50,,,False,84.42786359171147,,,False,False,0.0
2026-08-23 18:34:00,,,False,84.42755560270427,,,False,False,0.0
2026-08-23 18:34:10,,,False,84.42709361919349,,,False,False,0.0
2026-08-23 18:34:20,,,False,84.4264006439273,,,False,False,0.0
2026-08-23 18:34:30,,,False,84.42536118102802,,,False,False,0.0
2026-08-23 18:34:40,,,False,84.42380198667911,,,False,False,0.0
2026-08-23 18:34:50,,,False,84.42146319515574,,,False,False,0.0
2026-08-23 18:35:00,,,False,84.41795500787067,,,False,False,0.0
2026-08-23 18:35:10,,,False,84.41269272694309,,,False,False,0.0
2026-08-23 18:35:20,,,False,84.40479930555172,,,False,False,0.0
2026-08-23 18:35:30,,,False,84.39295917346466,,,False,False,0.0
2026-08-23 18:35:40,,,False,84.37519897533407,,,False,False,0.0
2026-08-23 18:35:50,,,False,84.34855867813818,,,False,False,0.0
2026-08-23 18:36:00,,,False,84.30859823234434,,,False,False,0.0
2026-08-23 18:36:10,,,False,84.24865756365358,,,False,False,0.0
2026-08-23 18:36:20,,,False,84.15874656061744,,,False,False,0.0
2026-08-23 18:36:30,,,False,84.02388005606323,,,False,False,0.0
2026-08-23 18:36:40,,,False,83.82158029923193,,,False,False,0.0
2026-08-23 18:36:50,,,False,83.51813066398496,,,False,False,0.0
2026-08-23 18:37:00,,,False,83.06295621111452,,,False,False,0.0
2026-08-23 18:37:10,,,False,82.38019453180887,,,False,False,0.0
2026-08-23 18:37:20,,,False,81.35605201285037,,,False,False,0.0
2026-08-23 18:37:30,,,False,81.33347109556648,,,False,False,0.0
2026-08-23 18:37:40,,,False,81.31091313865478,,,False,False,0.0
2026-08-23 18:37:50,,,False,81.29572959374109,,,False,False,0.0
2026-08-23 18:38:00,81.0,,True,81.30761209222868,0.5919339541478628,,True,False,0.0
2026-08-23 18:38:10,80.5,,True,81.37076327275439,1.3798504627837203,,True,False,0.0
2026-08-23 18:38:20,79.0,,True,81.57904166540581,2.3822658580740304,,True,False,0.0
2026-08-23 18:38:30,80.0,,True,82.0504936689582,3.2245827059005046,,True,False,0.0
2026-08-23 18:38:40,82.5,,True,82.86369461733695,3.622187147567559,,True,False,0.0
2026-08-23 18:38:50,85.5,,True,83.73751133527185,3.409203732876854,,True,False,0.0
2026-08-23 18:39:00,87.0,,True,84.31757994241872,2.5679923689037323,,True,False,0.0
2026-08-23 18:39:10,86.0,,True,84.61724520663537,1.2172797330812453,,True,False,0.0
2026-08-23 18:39:20,86.0,,True,84.6864513386246,-0.38591009008483,,True,False,0.0
2026-08-23 18:39:30,87.0,,True,84.5367326937179,-2.0802039758840793,,True,False,0.0
2026-08-23 18:39:40,,,True,84.10146949776417,-3.960484238616377,,True,False,0.0
2026-08-23 18:39:50,,,True,83.30811788477114,-6.170488064927566,,True,False,0.0
2026-08-23 18:40:00,,,True,82.14945258590662,-8.337477997298084,,True,False,0.0
2026-08-23 18:40:10,84.0,,True,80.55736271802652,-9.93869045302778,,True,False,0.0
2026-08-23 18:40:20,78.0,,True,78.39149996981753,-10.49992274616684,,True,False,0.0
2026-08-23 18:40:30,74.0,,True,76.29088721657811,-9.918285020809886,,True,False,0.0
2026-08-23 18:40:40,71.0,,True,74.57208899943505,-8.552194798921233,,True,False,0.0
2026-08-23 18:40:50,70.5,,True,73.4486389488645,-6.968613233995628,,True,False,0.0
2026-08-23 18:41:00,73.0,,True,72.73329538977134,-5.528610065212135,,True,False,0.0
2026-08-23 18:41:10,73.0,,True,71.97350106230675,-4.313613335868748,,True,False,0.0
2026-08-23 18:41:20,67.0,,True,71.04262357855995,-3.3711235910748956,,True,False,0.0
2026-08-23 18:41:30,68.5,,True,70.5355166912398,-2.508344920983986,,True,False,0.0
2026-08-23 18:41:40,70.0,,True,70.36766258579296,-1.581480880580884,,True,False,0.0
2026-08-23 18:41:50,70.0,,True,70.26108557797826,-0.7039112726555331,,True,False,0.0
2026-08-23 18:42:00,71.0,,True,70.19802283315994,-0.12223163874417867,,True,False,0.0
2026-08-23 18:42:10,68.0,,True,70.16796389386826,0.33193319823364176,,True,False,0.0
2026-08-23 18:42:20,69.5,,True,70.2492322702213,0.7521345206313662,,True,False,0.0
2026-08-23 18:42:30,70.0,,True,70.45537269161122,1.1012630250390922,,True,False,0.0
2026-08-23 18:42:40,73.5,,True,70.737408561603,1.3660782240962046,,True,False,0.0
2026-08-23 18:42:50,71.0,,True,70.97567919186194,1.5550016985979347,,True,False,0.0
2026-08-23 18:43:00,69.5,,True,71.20989635409786,1.7173778371517132,,True,False,0.0
2026-08-23 18:43:10,71.0,,True,71.47909624201677,1.8624121866593648,,True,False,0.0
2026-08-23 18:43:20,71.5,,True,71.82814550360513,1.9785628529912145,,True,False,0.0
2026-08-23 18:43:30,72.5,,True,72.231885682461,1.9066168519644644,,True,False,0.0
2026-08-23 18:43:40,73.0,,True,72.59094014172703,1.56315461197942,,True,False,0.0
2026-08-23 18:43:50,74.0,,True,72.88181795794756,0.9266467120861978,,True,False,0.0
2026-08-23 18:44:00,74.0,,True,72.98633210049267,0.14100850230259923,,True,False,0.0
2026-08-23 18:44:10,74.5,,True,72.9219015931199,-0.5675568618591204,,True,False,0.0
2026-08-23 18:44:20,72.0,,True,72.67778801793376,-0.9778578934735356,,True,False,0.0
2026-08-23 18:44:30,73.0,,True,72.37997244573658,-0.9439923835239987,,True,False,0.0
2026-08-23 18:44:40,71.0,,True,72.1454856144955,-0.6210303660665458,,True,False,0.0
2026-08-23 18:44:50,71.0,,True,72.10191305233698,-0.22300198104873256,,True,False,0.0
2026-08-23 18:45:00,72.5,,True,72.24199266556796,0.012859407127639864,,True,False,0.0
2026-08-23 18:45:10,73.0,,True,72.33907105639359,-0.07056454160326184,,True,False,0.0
2026-08-23 18:45:20,73.0,,True,72.32599462328483,-0.4336063901251646,,True,False,0.0
2026-08-23 18:45:30,73.5,,True,72.20058396072352,-0.7260588274774432,,True,False,0.0
2026-08-23 18:45:40,72.0,,True,71.94193729161614,-0.6216639265521382,,True,False,0.0
2026-08-23 18:45:50,70.0,,True,71.67361350444477,-0.299451108623615,,True,False,0.0
2026-08-23 18:46:00,70.0,,True,71.68422530134752,0.044281762629563556,,True,False,0.0
2026-08-23 18:46:10,73.0,,True,71.97554131514153,0.21682349908291954,,True,False,0.0
2026-08-23 18:46:20,74.0,,True,72.09611421479244,-0.0030689431879739287,,True,False,0.0
2026-08-23 18:46:30,73.0,,True,72.06603948357542,-0.7591871617044601,,True,False,0.0
2026-08-23 18:46:40,73.0,,True,71.88030466628764,-1.5882651452669194,,True,False,0.0
2026-08-23 18:46:50,73.0,,True,71.5079539600478,-2.003482557802428,,True,False,0.0
2026-08-23 18:47:00,69.5,,True,70.88692891381592,-1.9133280156859547,,True,False,0.0
2026-08-23 18:47:10,69.0,,True,70.49705868655334,-1.3920614761837873,,True,False,0.0
2026-08-23 18:47:20,69.0,,True,70.35669824038298,-0.5492337541408071,,True,False,0.0
2026-08-23 18:47:30,70.0,,True,70.44245416760978,0.39848358030729514,,True,False,0.0
2026-08-23 18:47:40,71.0,,True,70.60195245610488,1.1626148448066385,,True,False,0.0
2026-08-23 18:47:50,69.0,,True,70.86177615395079,1.6740866786785356,,True,False,0.0
2026-08-23 18:48:00,70.5,,True,71.18189587745515,1.8752872447111488,,True,False,0.0
2026-08-23 18:48:10,72.0,,True,71.6156649138687,1.7997499705765792,,True,False,0.0
2026-08-23 18:48:20,73.0,,True,71.9853781025937,1.4348853105857484,,True,False,0.0
2026-08-23 18:48:30,74.0,,True,72.18598764175097,0.9341682023592254,,True,False,0.0
2026-08-23 18:48:40,73.0,,True,72.2509284545334,0.4284315088116301,,True,False,0.0
2026-08-23 18:48:50,72.0,,True,72.19102400973806,0.10124292387551737,,True,False,0.0
2026-08-23 18:49:00,71.0,,True,72.16295689989906,-0.04835755470036868,,True,False,0.0
2026-08-23 18:49:10,72.0,,True,72.16204927337655,-0.11673191144059433,,True,False,0.0
2026-08-23 18:49:20,72.5,,True,72.18814985908348,-0.20456158675424194,,True,False,0.0
2026-08-23 18:49:30,73.0,,True,72.16227542130432,-0.43362771700310415,,True,False,0.0
2026-08-23 18:49:40,72.5,,True,72.08011355374252,-0.7706794191334214,,True,False,0.0
2026-08-23 18:49:50,72.0,,True,71.92797061180448,-1.0933205482621497,,True,False,0.0
2026-08-23 18:50:00,74.0,,True,71.68048943850052,-1.3035389116250224,,True,False,0.0
2026-08-23 18:50:10,71.0,,True,71.37975650494663,-1.385775665020616,,True,False,0.0
2026-08-23 18:50:20,,,False,71.14231632221718,,,False,False,0.0
2026-08-23 18:50:30,,,False,70.94248441541282,,,False,False,0.0
2026-08-23 18:50:40,,,False,70.7608443556217,,,False,False,0.0
2026-08-23 18:50:50,,,False,70.58101168843419,,,False,False,0.0
2026-08-23 18:51:00,,,False,70.38690319154126,,,False,False,0.0
2026-08-23 18:51:10,70.5,,True,70.16005633768299,-1.5507982063416488,,True,False,0.0
2026-08-23 18:51:20,,136.0,False,69.87655220677186,,,False,False,0.0
2026-08-23 18:51:30,,137.0,False,69.55395492513753,,,False,False,0.0
2026-08-23 18:51:40,,136.5,False,69.20331309398907,,,False,False,0.0
2026-08-23 18:51:50,,137.0,False,68.79859381554249,,,False,False,0.0
2026-08-23 18:52:00,,137.0,False,68.30475128413076,,,False,False,0.0
2026-08-23 18:52:10,,135.0,False,67.83392285562971,,,False,False,0.0
2026-08-23 18:52:20,,,False,67.34004453269657,,,False,False,0.0
2026-08-23 18:52:30,,131.0,False,66.77321066891655,,,False,False,0.0
2026-08-23 18:52:40,67.0,131.0,True,66.10376376847448,-3.596620070205223,,True,False,0.0
2026-08-23 18:52:50,63.0,,True,65.28494416277815,-3.2888557970204304,,True,False,0.0
2026-08-23 18:53:00,,,True,64.76361525087817,-2.7574087598469745,,True,False,0.0
2026-08-23 18:53:10,64.0,,True,64.45288888079122,-2.0724346112194345,,True,False,0.0
2026-08-23 18:53:20,65.0,,True,64.21764399083612,-1.3757233739855894,,True,False,0.0
2026-08-23 18:53:30,63.5,,True,64.0186730993537,-0.890442222892185,,True,False,0.0
2026-08-23 18:53:40,63.5,,True,63.90614772443024,-0.6607109660903063,,True,False,0.0
2026-08-23 18:53:50,63.0,,True,63.86131363691182,-0.7196696322082173,,True,False,0.0
2026-08-23 18:54:00,67.0,,True,63.87669848887869,-0.898573237027482,,True,False,0.0
2026-08-23 18:54:10,65.0,,True,63.704866422325345,-1.1022390480179833,,True,False,0.0
2026-08-23 18:54:20,62.5,,True,63.31717875949289,-1.2217542241543282,,True,False,0.0
2026-08-23 18:54:30,60.5,,True,63.06568755657592,-1.330609390030664,,True,False,0.0
2026-08-23 18:54:40,62.5,,True,62.90847761308826,-1.4826613590073434,,True,False,0.0
2026-08-23 18:54:50,68.5,,True,62.81934727178197,-1.5603949830566652,,True,False,0.0
2026-08-23 18:55:00,64.0,,True,62.53344147577268,-1.594623009043991,,True,False,0.0
2026-08-23 18:55:10,60.5,,True,62.00310925905883,-1.57319296511006,,True,False,0.0
2026-08-23 18:55:20,60.0,,True,61.723295252188116,-1.4925331772658883,,True,False,0.0
2026-08-23 18:55:30,62.0,,True,61.64736378734875,-1.303486061823162,,True,False,0.0
2026-08-23 18:55:40,64.5,,True,61.51265962040085,-1.0281151947795153,,True,False,0.0
2026-08-23 18:55:50,61.5,,True,61.296732056853074,-0.8169540030562498,,True,False,0.0
2026-08-23 18:56:00,59.0,,True,61.04692650278081,-0.6348089546994949,,True,False,0.0
2026-08-23 18:56:10,60.0,,True,60.97160869917202,-0.4156082559355005,,True,False,0.0
2026-08-23 18:56:20,61.5,,True,61.05822567875857,-0.24781845697026708,,True,False,0.0
2026-08-23 18:56:30,61.5,,True,61.07121360480486,-0.23442697226197542,,True,False,0.0
2026-08-23 18:56:40,,,True,61.01273713165197,-0.4446304591211456,,True,False,0.0
2026-08-23 18:56:50,,,True,60.90082795821884,-0.6277485463100154,,True,False,0.0
2026-08-23 18:57:00,61.0,,True,60.74461233337774,-0.5464437721695822,,True,False,0.0
2026-08-23 18:57:10,59.0,,True,60.54583209743292,-0.20502248386692676,,True,False,0.0
2026-08-23 18:57:20,59.5,,True,60.521357211060256,0.22127600950554005,,True,False,0.0
2026-08-23 18:57:30,60.0,,True,60.66710852653097,0.595168123509894,,True,False,0.0
2026-08-23 18:57:40,61.5,,True,60.9240445964235,0.8968263533373367,,True,False,0.0
2026-08-23 18:57:50,62.0,,True,61.08498809905328,1.0979556420543444,,True,False,0.0
2026-08-23 18:58:00,60.0,,True,61.17676295152526,1.2892203949232803,,True,False,0.0
2026-08-23 18:58:10,,,False,61.36466496258479,,,False,False,0.0
2026-08-23 18:58:20,,,False,61.68001113407511,,,False,False,0.0
2026-08-23 18:58:30,,,False,62.07535916124461,,,False,False,0.0
2026-08-23 18:58:40,,,False,62.51660038195488,,,False,False,0.0
2026-08-23 18:58:50,63.0,,True,62.977274999657624,2.9171368189934777,,True,False,0.0
2026-08-23 18:59:00,63.0,,True,63.4341621173033,3.1369377476877984,,True,False,0.0
2026-08-23 18:59:10,62.0,,True,63.963409587832864,3.2617044914729614,,True,False,0.0
2026-08-23 18:59:20,65.5,,True,64.65322532300122,3.3598505552655347,,True,False,0.0
2026-08-23 18:59:30,66.0,,True,65.20191194533645,3.531860600491261,,True,False,0.0
2026-08-23 18:59:40,64.0,,True,65.70091722522776,3.774656936275073,,True,False,0.0
2026-08-23 18:59:50,,,False,66.27970500561997,,,False,False,0.0
2026-08-23 19:00:00,,,False,67.03473991657847,,,False,False,0.0
2026-08-23 19:00:10,,136.0,False,67.88815740622599,,,False,False,0.0
2026-08-23 19:00:20,,137.0,False,68.88034187098523,,,False,False,0.0
2026-08-23 19:00:30,,137.0,False,70.07480553646424,,,False,False,0.0
2026-08-23 19:00:40,,,False,71.05951456913172,,,False,False,0.0
2026-08-23 19:00:50,,,False,71.89673528924708,,,False,False,0.0
2026-08-23 19:01:00,,,False,72.62415263164435,,,False,False,0.0
2026-08-23 19:01:10,75.0,,True,73.15929911635271,2.267266515194508,,True,False,0.0
2026-08-23 19:01:20,75.0,,True,73.38766212045319,1.3518439863773075,,True,False,0.0
2026-08-23 19:01:30,73.0,,True,73.3473021446292,0.36609386798807775,,True,False,0.0
2026-08-23 19:01:40,73.0,,True,73.36482585957674,-0.8860215581174089,,True,False,0.0
2026-08-23 19:01:50,76.5,,True,73.44315388445372,-2.30366438676626,,True,False,0.0
2026-08-23 19:02:00,77.0,,True,73.01200755673965,-3.8016798513047165,,True,False,0.0
2026-08-23 19:02:10,73.0,,True,71.99952915514885,-5.129737195822508,,True,False,0.0
2026-08-23 19:02:20,71.0,,True,70.82030561274952,-5.866322168215446,,True,False,0.0
2026-08-23 19:02:30,68.0,,True,69.61113300580844,-5.705627501977616,,True,False,0.0
2026-08-23 19:02:40,67.0,,True,68.6704825665021,-4.585156467021765,,True,False,0.0
2026-08-23 19:02:50,67.0,,True,68.00824588827945,-2.728878176569535,,True,False,0.0
2026-08-23 19:03:00,63.0,,True,67.51405019143668,-0.7738414869741259,,True,False,0.0
2026-08-23 19:03:10,64.0,,True,67.60552952650002,0.7665073357446567,,True,False,0.0
2026-08-23 19:03:20,69.5,,True,68.29793044931336,1.7024645239447076,,True,False,0.0
2026-08-23 19:03:30,71.0,,True,68.78998644701224,2.011451513754614,,True,False,0.0
2026-08-23 19:03:40,70.0,,True,69.08037351921317,1.6556804225236368,,True,False,0.0
2026-08-23 19:03:50,69.0,,True,69.21748951128295,0.9508560683799525,,True,False,0.0
2026-08-23 19:04:00,,,True,69.30752042189988,0.3687934399186644,,True,False,0.0
2026-08-23 19:04:10,70.0,,True,69.36547140283345,-0.06251790093712002,,True,False,0.0
2026-08-23 19:04:20,70.0,,True,69.3176676175726,-0.3792488919490726,,True,False,0.0
2026-08-23 19:04:30,68.5,,True,69.15614176857385,-0.7413308887620393,,True,False,0.0
2026-08-23 19:04:40,69.0,,True,69.02063954767073,-1.2448251765591405,,True,False,0.0
2026-08-23 19:04:50,70.0,,True,68.88857725137939,-1.8843617556875152,,True,False,0.0
2026-08-23 19:05:00,72.0,,True,68.57127783031795,-2.5522443417161824,,True,False,0.0
2026-08-23 19:05:10,69.0,,True,68.01585804764284,-3.145500984697537,,True,False,0.0
2026-08-23 19:05:20,67.0,,True,67.29641460624153,-3.495150648938001,,True,False,0.0
2026-08-23 19:05:30,66.0,,True,66.62637359921379,-3.516611135620509,,True,False,0.0
2026-08-23 19:05:40,64.0,,True,66.06072819205501,-3.3384591925254705,,True,False,0.0
2026-08-23 19:05:50,65.5,,True,65.58853748357205,-3.1095742577084717,,True,False,0.0
2026-08-23 19:06:00,70.0,,True,65.1311030223511,-2.7560945563190558,,True,False,0.0
2026-08-23 19:06:10,64.5,,True,64.61218573152199,-2.1476782333637443,,True,False,0.0
2026-08-23 19:06:20,62.0,,True,64.1119660626132,-1.2543511397785676,,True,False,0.0
2026-08-23 19:06:30,61.5,,True,63.96374073747328,-0.08793971234694922,,True,False,0.0
2026-08-23 19:06:40,63.5,,True,64.14280553524557,1.0995293820744774,,True,False,0.0
2026-08-23 19:06:50,63.0,,True,64.51233792222544,1.8452533735083394,,True,False,0.0
2026-08-23 19:07:00,65.5,,True,65.05059329624288,1.8270910224317085,,True,False,0.0
2026-08-23 19:07:10,67.5,,True,65.51394755296747,1.2205866989032277,,True,False,0.0
2026-08-23 19:07:20,68.0,,True,65.64629306851997,0.29965634900149907,,True,False,0.0
2026-08-23 19:07:30,66.0,,True,65.4696874288258,-0.571331276066638,,True,False,0.0
2026-08-23 19:07:40,65.5,,True,65.20469636060257,-0.9482550661935004,,True,False,0.0
2026-08-23 19:07:50,63.0,,True,64.89048801914645,-0.6082213673526121,,True,False,0.0
2026-08-23 19:08:00,64.0,,True,64.72469434754805,0.4161563893104768,,True,False,0.0
2026-08-23 19:08:10,63.0,,True,64.84634973387432,1.8848935441920005,,True,False,0.0
2026-08-23 19:08:20,62.5,,True,65.2757300758463,3.364208194534113,,True,False,0.0
2026-08-23 19:08:30,64.5,,True,66.08439876379266,4.511367067774788,,True,False,0.0
2026-08-23 19:08:40,68.0,,True,67.15713391237114,5.035420452311278,,True,False,0.0
2026-08-23 19:08:50,68.5,,True,68.08939137967813,4.916567721756798,,True,False,0.0
2026-08-23 19:09:00,70.5,,True,68.95321407693147,4.295714373399889,,True,False,0.0
2026-08-23 19:09:10,70.5,,True,69.55923912034005,3.551527706323923,,True,False,0.0
2026-08-23 19:09:20,69.0,,True,70.0084706838053,3.077833752206719,,True,False,0.0
2026-08-23 19:09:30,70.5,,True,70.37578069457143,3.00996923298113,,True,False,0.0
2026-08-23 19:09:40,70.0,,True,70.80572082109946,3.443766252585746,,True,False,0.0
2026-08-23 19:09:50,70.0,,True,71.36994775114405,4.308667171430861,,True,False,0.0
2026-08-23 19:10:00,71.0,,True,72.16249930637932,5.400607856943044,,True,False,0.0
2026-08-23 19:10:10,71.5,,True,73.14880074601113,6.428364137660038,,True,False,0.0
2026-08-23 19:10:20,,,True,74.40990230997814,7.250728727034667,,True,False,0.0
2026-08-23 19:10:30,76.0,,True,75.78098759227483,7.567262389962705,,True,False,0.0
2026-08-23 19:10:40,77.0,,True,77.11557080661731,7.100363594075016,,True,False,0.0
2026-08-23 19:10:50,80.5,,True,78.46941582206267,5.763287301961742,,True,False,0.0
2026-08-23 19:11:00,84.0,,True,79.48483014118514,3.7885446077944955,,True,False,0.0
2026-08-23 19:11:10,,,False,79.9143828171718,,,False,False,0.0
2026-08-23 19:11:20,,,False,79.82966596268707,,,False,False,0.0
2026-08-23 19:11:30,,,False,79.3832267686502,,,False,False,0.0
2026-08-23 19:11:40,,,False,78.66732536938837,,,False,False,0.0
2026-08-23 19:11:50,,,False,77.72931153169125,,,False,False,0.0
2026-08-23 19:12:00,,,False,76.57951628260935,,,False,False,0.0
2026-08-23 19:12:10,77.0,,True,75.19297374729565,-10.454674777572482,,True,False,0.0
2026-08-23 19:12:20,79.0,,True,73.3385935031979,-12.497178502729554,,True,False,0.0
2026-08-23 19:12:30,,,True,70.87397884296647,-13.943973883103432,,True,False,0.0
2026-08-23 19:12:40,67.0,,True,68.05502732322944,-14.625479196375489,,True,False,0.0
2026-08-23 19:12:50,63.0,,True,65.41191369069732,-14.208850089995831,,True,False,0.0
2026-08-23 19:13:00,62.5,,True,63.170785673281415,-12.678219808139279,,True,False,0.0
2026-08-23 19:13:10,58.0,,True,61.04145526807907,-10.36776901811545,,True,False,0.0
2026-08-23 19:13:20,56.0,,True,59.419034074223234,-7.695994016825135,,True,False,0.0
2026-08-23 19:13:30,55.0,,True,58.366451892737935,-4.806884685005664,,True,False,0.0
2026-08-23 19:13:40,55.0,,True,57.87494502670896,-1.9867799435442606,,True,False,0.0
2026-08-23 19:13:50,55.0,,True,57.862595665131465,0.30576623589787505,,True,False,0.0
2026-08-23 19:14:00,58.0,,True,58.32734558107588,1.72963059751348,,True,False,0.0
2026-08-23 19:14:10,58.5,,True,58.84665309386628,2.120338153952773,,True,False,0.0
2026-08-23 19:14:20,,,True,59.42373612230106,1.498363974146115,,True,False,0.0
2026-08-23 19:14:30,64.0,,True,59.69644183778601,0.3404028376495335,,True,False,0.0
2026-08-23 19:14:40,62.0,,True,59.58522119290196,-0.8411816354292587,,True,False,0.0
2026-08-23 19:14:50,58.5,,True,59.071537413501574,-1.8415344763176809,,True,False,0.0
2026-08-23 19:15:00,58.5,,True,58.653109869684776,-2.318452587068565,,True,False,0.0
2026-08-23 19:15:10,58.5,,True,58.26020063748211,-2.288922319473728,,True,False,0.0
2026-08-23 19:15:20,57.0,,True,57.82732484485978,-1.9444505336959332,,True,False,0.0
2026-08-23 19:15:30,56.5,,True,57.532336526380746,-1.6026252654388775,,True,False,0.0
2026-08-23 19:15:40,57.0,,True,57.326070962298495,-1.2600470652311424,,True,False,0.0
2026-08-23 19:15:50,58.5,,True,57.17415055859932,-0.8596195663714338,,True,False,0.0
2026-08-23 19:16:00,57.0,,True,57.05125524800003,-0.42389056666885616,,True,False,0.0
2026-08-23 19:16:10,56.0,,True,56.93690247873408,0.1554757195413033,,True,False,0.0
2026-08-23 19:16:20,56.0,,True,56.97870012259048,0.7607546256750235,,True,False,0.0
2026-08-23 19:16:30,56.0,,True,57.18361445354528,1.3142545408498294,,True,False,0.0
2026-08-23 19:16:40,58.0,,True,57.585797860090956,1.7653683080710467,,True,False,0.0
2026-08-23 19:16:50,59.5,,True,57.91894757665179,2.082138698066026,,True,False,0.0
2026-08-23 19:17:00,58.0,,True,58.23858855598792,2.3887893472625037,,True,False,0.0
2026-08-23 19:17:10,57.0,,True,58.597994294655365,2.8257144114789345,,True,False,0.0
2026-08-23 19:17:20,58.0,,True,59.057065749098705,3.3764490204656767,,True,False,0.0
2026-08-23 19:17:30,58.5,,True,59.69231482839182,3.8292108471490924,,True,False,0.0
2026-08-23 19:17:40,61.0,,True,60.52628304575024,3.884460195976413,,True,False,0.0
2026-08-23 19:17:50,62.0,,True,61.281298437400366,3.3906910060379083,,True,False,0.0
2026-08-23 19:18:00,65.5,,True,61.916530235283886,2.4798941266295436,,True,False,0.0
2026-08-23 19:18:10,64.0,,True,62.20451707238138,1.535984363564212,,True,False,0.0
2026-08-23 19:18:20,62.5,,True,62.19325675487576,0.9730719944262621,,True,False,0.0
2026-08-23 19:18:30,61.0,,True,62.13087256318277,0.8937668624546118,,True,False,0.0
2026-08-23 19:18:40,61.0,,True,62.25696713202024,1.2669943027968402,,True,False,0.0
2026-08-23 19:18:50,62.0,,True,62.592556222861084,1.8871017459861703,,True,False,0.0
2026-08-23 19:19:00,63.0,,True,63.026904684178774,2.2860118611255813,,True,False,0.0
2026-08-23 19:19:10,63.0,,True,63.46573725952625,2.2266382388335546,,True,False,0.0
2026-08-23 19:19:20,65.5,,True,63.98219271146143,1.7705138468233297,,True,False,0.0
2026-08-23 19:19:30,67.0,,True,64.2456802819735,1.1630465245217745,,True,False,0.0
2026-08-23 19:19:40,65.0,,True,64.30011456614784,0.5887060039262425,,True,False,0.0
2026-08-23 19:19:50,64.0,,True,64.23790127801348,0.16605457922319317,,True,False,0.0
2026-08-23 19:20:00,63.0,,True,64.21533820288137,-0.03249251084740881,,True,False,0.0
2026-08-23 19:20:10,64.0,,True,64.22866482822947,-0.18288359082114453,,True,False,0.0
2026-08-23 19:20:20,65.0,,True,64.28010225828248,-0.47089812640791795,,True,False,0.0
2026-08-23 19:20:30,,,True,64.21155673138257,-0.8909671116340944,,True,False,0.0
2026-08-23 19:20:40,65.0,,True,64.01160399304642,-1.1023877583230748,,True,False,0.0
2026-08-23 19:20:50,63.5,,True,63.64691858688467,-0.8368254123516011,,True,False,0.0
2026-08-23 19:21:00,61.0,,True,63.30671961187035,-0.1750196827244275,,True,False,0.0
2026-08-23 19:21:10,61.0,,True,63.35097390550109,0.6183303854963078,,True,False,0.0
2026-08-23 19:21:20,64.0,,True,63.78705718338202,1.3004498036807342,,True,False,0.0
2026-08-23 19:21:30,65.0,,True,64.1876499918266,1.6100251415262543,,True,False,0.0
2026-08-23 19:21:40,67.0,,True,64.45285113224229,1.4379380029594913,,True,False,0.0
2026-08-23 19:21:50,65.0,,True,64.62686079469836,1.0055071982193144,,True,False,0.0
2026-08-23 19:22:00,65.0,,True,64.73868058960416,0.6870894979442734,,True,False,0.0
2026-08-23 19:22:10,67.0,,True,64.80694714944397,0.5724724282789964,,True,False,0.0
2026-08-23 19:22:20,64.5,,True,64.8430382341911,0.49969600142213044,,True,False,0.0
2026-08-23 19:22:30,64.0,,True,64.93630235797008,0.34948795575468583,,True,False,0.0
2026-08-23 19:22:40,66.0,,True,65.10228354141073,0.07895647414160904,,True,False,0.0
2026-08-23 19:22:50,66.0,,True,65.1186453150865,-0.30341559511451327,,True,False,0.0
2026-08-23 19:23:00,65.5,,True,64.98811464127668,-0.8077855016516134,,True,False,0.0
2026-08-23 19:23:10,65.0,,True,64.77226974101296,-1.1789291822734986,,True,False,0.0
2026-08-23 19:23:20,65.0,,True,64.51846979758474,-1.192989631369533,,True,False,0.0
2026-08-23 19:23:30,63.0,,True,64.18441482042064,-0.8344531142652385,,True,False,0.0
2026-08-23 19:23:40,63.0,,True,64.04776231332663,-0.23999211620512573,,True,False,0.0
2026-08-23 19:23:50,62.0,,True,64.08573685845371,0.4394701958208148,,True,False,0.0
2026-08-23 19:24:00,65.0,,True,64.30466754665642,1.1028918261978622,,True,False,0.0
2026-08-23 19:24:10,64.0,,True,64.57437615930186,1.575128760941237,,True,False,0.0
2026-08-23 19:24:20,,,False,64.85648079849761,,,False,False,0.0
2026-08-23 19:24:30,,,False,65.19799890410962,,,False,False,0.0
2026-08-23 19:24:40,,,False,65.57251682707323,,,False,False,0.0
2026-08-23 19:24:50,,,False,66.00078755454905,,,False,False,0.0
2026-08-23 19:25:00,,,False,66.5125228744497,,,False,False,0.0
2026-08-23 19:25:10,,,False,66.94301200675864,,,False,False,0.0
2026-08-23 19:25:20,,,False,67.32233647352734,,,False,False,0.0
2026-08-23 19:25:30,,,False,67.6720503525506,,,False,False,0.0
2026-08-23 19:25:40,68.5,,True,67.96710595699895,0.9911646501329004,,True,False,0.0
2026-08-23 19:25:50,,,True,68.17334588761378,0.25431647569449384,,True,False,0.0
2026-08-23 19:26:00,71.0,,True,68.1168101328309,-0.25264561946147973,,True,False,0.0
2026-08-23 19:26:10,66.0,,True,67.78807606685318,-0.36421531786102357,,True,False,0.0
2026-08-23 19:26:20,67.0,,True,67.59068801201765,0.04386957361974705,,True,False,0.0
2026-08-23 19:26:30,65.0,,True,67.65841462585172,0.8967660607038092,,True,False,0.0
2026-08-23 19:26:40,,,True,67.9192103439944,1.8366235579051804,,True,False,0.0
2026-08-23 19:26:50,,,True,68.41654111946946,2.350442124281243,,True,False,0.0
2026-08-23 19:27:00,,,True,68.98329541485609,2.291715330418496,,True,False,0.0
2026-08-23 19:27:10,71.0,,True,69.46393227938539,1.9185125201969553,,True,False,0.0
2026-08-23 19:27:20,71.0,,True,69.6885578571456,1.4722046538177835,,True,False,0.0
2026-08-23 19:27:30,69.0,,True,69.69460974443007,1.2712642297415884,,True,False,0.0
2026-08-23 19:27:40,68.0,,True,69.81642992245288,1.188451177289001,,True,False,0.0
2026-08-23 19:27:50,69.0,,True,70.07432175421783,1.0581776067655362,,True,False,0.0
2026-08-23 19:28:00,73.5,,True,70.51126721168575,0.7158741135601473,,True,False,0.0
2026-08-23 19:28:10,,,True,70.63759053776795,0.09109725832908465,,True,False,0.0
2026-08-23 19:28:20,,,True,70.4743456201448,-0.6658181490851987,,True,False,0.0
2026-08-23 19:28:30,,,True,70.18182497254578,-1.3372746765850878,,True,False,0.0
2026-08-23 19:28:40,69.0,,True,69.89877515370439,-1.6735746025634275,,True,False,0.0
2026-08-23 19:28:50,70.0,,True,69.59885452714707,-1.7798750575404227,,True,False,0.0
2026-08-23 19:29:00,,,True,69.31540965511425,-1.789964212583664,,True,False,0.0
2026-08-23 19:29:10,,,True,69.00119972560047,-1.745702164962266,,True,False,0.0
2026-08-23 19:29:20,,,True,68.68718975035343,-1.635247621025043,,True,False,0.0
2026-08-23 19:29:30,68.0,,True,68.40437806683195,-1.4861098574627285,,True,False,0.0
2026-08-23 19:29:40,68.0,,True,68.18896272778247,-1.3142489068788754,,True,False,0.0
2026-08-23 19:29:50,,142.0,False,68.00504117669672,,,False,False,0.0
2026-08-23 19:30:00,,,False,67.83386458363185,,,False,False,0.0
2026-08-23 19:30:10,,143.0,False,67.65880827831515,,,False,False,0.0
2026-08-23 19:30:20,,,False,67.46260097176524,,,False,False,0.0
2026-08-23 19:30:30,,,False,67.2244462081286,,,False,False,0.0
2026-08-23 19:30:40,,,False,66.91655628870384,,,False,False,0.0
2026-08-23 19:30:50,67.5,,True,66.49952098882497,-2.653384650852978,,True,False,0.0
2026-08-23 19:31:00,66.0,,True,65.91573918708359,-2.7115718181243165,,True,False,0.0
2026-08-23 19:31:10,64.0,,True,65.3179139165228,-2.3441366013415212,,True,False,0.0
2026-08-23 19:31:20,64.0,,True,64.93974096538247,-1.4847377568911397,,True,False,0.0
2026-08-23 19:31:30,62.0,,True,64.71819150847254,-0.247795205255943,,True,False,0.0
2026-08-23 19:31:40,63.0,,True,64.78300730297471,0.9835624312175615,,True,False,0.0
2026-08-23 19:31:50,64.0,,True,65.144990981306,1.9859899967035328,,True,False,0.0
2026-08-23 19:32:00,66.0,,True,65.69780648985493,2.676558752116301,,True,False,0.0
2026-08-23 19:32:10,68.0,,True,66.20025641337968,3.027506347167514,,True,False,0.0
2026-08-23 19:32:20,66.0,,True,66.73608240580104,2.990181190556183,,True,False,0.0
2026-08-23 19:32:30,67.0,,True,67.22792213252258,2.451219565704241,,True,False,0.0
2026-08-23 19:32:40,,,True,67.75774888133121,1.3565088208506308,,True,False,0.0
2026-08-23 19:32:50,71.0,,True,68.08053377702836,-0.15497426338501483,,True,False,0.0
2026-08-23 19:33:00,73.0,,True,67.91674096889692,-1.5672863915181496,,True,False,0.0
2026-08-23 19:33:10,68.0,,True,67.23907165558161,-2.544384346809055,,True,False,0.0
2026-08-23 19:33:20,64.0,,True,66.4345809515299,-2.820546359901448,,True,False,0.0
2026-08-23 19:33:30,,,True,65.9525204060665,-2.4507280044059754,,True,False,0.0
2026-08-23 19:33:40,65.0,,True,65.71254659494751,-1.7840071734543403,,True,False,0.0
2026-08-23 19:33:50,66.0,,True,65.59133054965311,-1.2806922999831793,,True,False,0.0
2026-08-23 19:34:00,,,True,65.44366959596755,-1.0354690003187341,,True,False,0.0
2026-08-23 19:34:10,65.5,,True,65.24495357494324,-0.8288952959454867,,True,False,0.0
2026-08-23 19:34:20,64.0,,True,65.00372981640946,-0.4658279504202791,,True,False,0.0
2026-08-23 19:34:30,64.0,,True,64.92979436061059,0.024958546225380827,,True,False,0.0
2026-08-23 19:34:40,64.0,,True,65.01082463158015,0.5466905148609985,,True,False,0.0
2026-08-23 19:34:50,66.0,,True,65.26032567447973,0.9988232835925147,,True,False,0.0
2026-08-23 19:35:00,65.5,,True,65.46988099645927,1.242426599589465,,True,False,0.0
2026-08-23 19:35:10,65.5,,True,65.67441648451533,1.3359581583751425,,True,False,0.0
2026-08-23 19:35:20,66.0,,True,65.9080213866573,1.3307208387947815,,True,False,0.0
2026-08-23 19:35:30,66.0,,True,66.1262965199088,1.3508417542516589,,True,False,0.0
2026-08-23 19:35:40,66.5,,True,66.3656210731451,1.3461029620838256,,True,False,0.0
2026-08-23 19:35:50,66.5,,True,66.58254913857225,1.3157146635966435,,True,False,0.0
2026-08-23 19:36:00,67.0,,True,66.81323539376143,1.468897856661304,,True,False,0.0
2026-08-23 19:36:10,68.5,,True,67.01279421457751,1.9740402163123874,,True,False,0.0
2026-08-23 19:36:20,65.5,,True,67.21448540448985,2.7724749929679344,,True,False,0.0
2026-08-23 19:36:30,64.0,,True,67.70192416181716,3.532988935118145,,True,False,0.0
2026-08-23 19:36:40,68.0,,True,68.55635027944732,4.0787629378832975,,True,False,0.0
2026-08-23 19:36:50,71.0,,True,69.50350144365203,4.179330763629,,True,False,0.0
2026-08-23 19:37:00,71.0,,True,70.20123618179873,3.708596573789077,,True,False,0.0
2026-08-23 19:37:10,72.0,,True,70.7658436169119,2.73096181291402,,True,False,0.0
2026-08-23 19:37:20,74.0,,True,71.12475832151036,1.7620587827627388,,True,False,0.0
2026-08-23 19:37:30,70.5,,True,71.33779941302721,1.0332607878338402,,True,False,0.0
2026-08-23 19:37:40,73.0,,True,71.27380707338193,0.5123872099248864,,True,False,0.0
2026-08-23 19:37:50,69.0,,True,71.3387825793003,0.18047623342307295,,True,False,0.0
2026-08-23 19:38:00,71.5,,True,71.37688851510205,-0.1514347430788342,,True,False,0.0
2026-08-23 19:38:10,,,True,71.39447587008748,-0.4833457195807411,,True,False,0.0
