timestamp,steps,hr_bpm,valid,hr_smooth,dHR_dt,cadence_spm,gate_open,is_stress,stress_score,gt_kind
2026-03-04 07:00:00,1,62.0,True,60.72412882367123,-1.8643289864799482,2.0,False,False,0.0,baseline
2026-03-04 07:00:10,0,60.5,True,60.46119323550684,-1.6698507646056984,1.5,False,False,0.0,baseline
2026-03-04 07:00:20,0,60.1,True,60.19178985326025,-1.4753725427314486,1.2000000000000002,False,False,0.0,baseline
2026-03-04 07:00:30,0,59.4,True,59.93768477989037,-1.280894320857247,1.0,False,False,0.0,baseline
2026-03-04 07:00:40,0,59.6,True,59.73986050316887,-1.149714497158855,0.0,False,False,0.0,baseline
2026-03-04 07:00:50,0,58.5,True,59.598679643642186,-1.0958680420345421,0.0,False,False,0.0,baseline
2026-03-04 07:01:00,0,60.5,True,59.45727872472253,-1.1782376891540653,0.0,False,False,0.0,baseline
2026-03-04 07:01:10,0,59.7,True,59.275424259923284,-1.3176945701802074,9.0,False,False,0.0,baseline
2026-03-04 07:01:20,0,59.5,True,59.02280717177792,-1.3339100700458943,20.0,False,False,0.0,baseline
2026-03-04 07:01:30,9,58.2,True,58.69065794559554,-1.0831582006335034,30.0,False,False,0.0,baseline
2026-03-04 07:01:40,11,56.5,True,58.440285043679076,-0.4950755551362047,38.0,False,False,0.0,baseline
2026-03-04 07:01:50,10,57.2,True,58.39662631570913,0.38549449783840045,47.0,False,False,0.0,baseline
2026-03-04 07:02:00,8,57.3,True,58.552405307024024,1.426742205214655,56.0,False,False,0.0,baseline
2026-03-04 07:02:10,9,58.0,True,58.91691851617626,2.420065994412415,56.0,False,False,0.0,baseline
2026-03-04 07:02:20,9,58.7,True,59.43425147802453,3.2524484017265434,55.0,False,False,0.0,baseline
2026-03-04 07:02:30,9,59.6,True,60.073959686210216,3.898334114090345,53.0,False,False,0.0,baseline
2026-03-04 07:02:40,10,60.4,True,60.79266117543094,4.301085035945407,53.0,False,False,0.0,baseline
2026-03-04 07:02:50,8,62.8,True,61.57680619389016,4.549254892362812,52.0,False,False,0.0,baseline
2026-03-04 07:03:00,8,61.4,True,62.390418911331054,4.619919611793076,56.0,False,False,0.0,baseline
2026-03-04 07:03:10,8,62.8,True,63.13576811399379,4.581999504617436,54.0,False,False,0.0,baseline
2026-03-04 07:03:20,13,64.5,True,63.937078668988825,4.4291745529732856,51.0,False,False,0.0,baseline
2026-03-04 07:03:30,7,65.9,True,64.64456900214866,4.128831074443752,54.0,False,False,0.0,baseline
2026-03-04 07:03:40,7,64.6,True,65.35948750233327,3.6844832511786625,50.0,False,False,0.0,baseline
2026-03-04 07:03:50,11,67.0,True,65.98432058624007,3.064930255490979,45.0,False,False,0.0,baseline
2026-03-04 07:04:00,4,67.3,True,66.43987376785357,2.3561989690518064,39.0,False,False,0.0,baseline
2026-03-04 07:04:10,3,67.7,True,66.75207257744265,1.454453225073669,39.0,False,False,0.0,baseline
2026-03-04 07:04:20,7,67.5,True,66.9396168166055,0.3594020662268795,38.0,False,False,0.0,baseline
2026-03-04 07:04:30,7,68.7,True,67.00043052520259,-0.8078916053916088,34.0,False,False,0.0,baseline
2026-03-04 07:04:40,6,68.8,True,66.77798265466679,-1.9098338779086803,40.0,False,False,0.0,baseline
2026-03-04 07:04:50,7,66.9,True,66.23519855990878,-2.8515103681724328,39.0,False,False,0.0,baseline
2026-03-04 07:05:00,10,65.5,True,65.58161422513557,-3.4148671578934877,39.0,False,False,0.0,baseline
2026-03-04 07:05:10,2,65.1,True,64.94163226121827,-3.4902256167872547,32.0,False,False,0.0,baseline
2026-03-04 07:05:20,7,63.2,True,64.27525567417068,-3.129431202288406,26.0,False,False,0.0,baseline
2026-03-04 07:05:30,0,63.1,True,63.788088366151534,-2.5330657976947433,21.0,False,False,0.0,baseline
2026-03-04 07:05:40,0,61.2,True,63.41560245249098,-1.8267351689073303,11.0,False,False,0.0,baseline
2026-03-04 07:05:50,2,62.5,True,63.195716947578916,-1.1177175444615943,9.0,False,False,0.0,baseline
2026-03-04 07:06:00,0,63.1,True,63.09178426726334,-0.5057004631403998,4.0,False,False,0.0,baseline
2026-03-04 07:06:10,0,62.3,True,63.086482298158316,0.039890350514552475,8.0,False,False,0.0,baseline
2026-03-04 07:06:20,2,62.9,True,63.11226071207968,0.5385581273505129,8.0,False,False,0.0,baseline
2026-03-04 07:06:30,4,62.5,True,63.240082578014324,0.9269855920782334,7.0,False,False,0.0,baseline
2026-03-04 07:06:40,0,62.8,True,63.44125154028469,1.1841963697713875,13.0,False,False,0.0,baseline
2026-03-04 07:06:50,1,64.2,True,63.74929575926916,1.360201780521684,22.0,False,False,0.0,baseline
2026-03-04 07:07:00,6,64.7,True,63.98222260479849,1.5271932023113224,26.0,False,False,0.0,baseline
2026-03-04 07:07:10,9,63.9,True,64.17885321779423,1.8344311102004798,27.0,False,False,0.0,baseline
2026-03-04 07:07:20,6,63.3,True,64.421959367089,2.297407536456399,35.0,False,False,0.0,baseline
2026-03-04 07:07:30,5,63.5,True,64.81872541089861,2.9468566473598172,41.0,False,False,0.0,baseline
2026-03-04 07:07:40,8,65.7,True,65.43527902319131,3.480305675680357,43.0,False,False,0.0,baseline
2026-03-04 07:07:50,7,64.9,True,66.1410458060159,3.6866627928047713,42.0,False,False,0.0,baseline
2026-03-04 07:08:00,8,68.2,True,66.92032022317645,3.4753208515871323,44.0,False,False,0.0,baseline
2026-03-04 07:08:10,8,68.5,True,67.48631467753307,2.871770480872133,46.0,False,False,0.0,baseline
2026-03-04 07:08:20,8,69.1,True,67.8833615781452,2.003991380778705,50.0,False,False,0.0,baseline
2026-03-04 07:08:30,7,68.7,True,68.14430207511485,0.9666394155769843,55.0,False,False,0.0,baseline
2026-03-04 07:08:40,12,69.4,True,68.24595958460365,0.1403940196381034,58.0,False,False,0.0,baseline
2026-03-04 07:08:50,12,69.9,True,68.15527702485973,-0.37316665874203475,56.0,False,False,0.0,baseline
2026-03-04 07:09:00,11,66.9,True,67.85714063592575,-0.6382074945315555,54.0,False,False,0.0,baseline
2026-03-04 07:09:10,6,66.2,True,67.71852768631271,-0.720330531790613,47.0,False,False,0.0,baseline
2026-03-04 07:09:20,6,68.1,True,67.71633601775179,-0.7332229433957057,36.0,False,False,0.0,baseline
2026-03-04 07:09:30,0,68.1,True,67.65020035214948,-0.8254620360429146,24.0,False,False,0.0,baseline
2026-03-04 07:09:40,1,67.8,True,67.5090980785721,-1.2802781346972554,13.0,False,False,0.0,baseline
2026-03-04 07:09:50,0,68.6,True,67.26951215142338,-1.9163310653249233,7.0,False,False,0.0,baseline
2026-03-04 07:10:00,0,65.6,True,66.94151158284524,-2.59677250684007,1.0,False,False,0.0,baseline
2026-03-04 07:10:10,0,68.4,True,66.37042961140796,-3.1207236518761743,1.0,False,False,0.0,baseline
2026-03-04 07:10:20,0,66.5,True,65.77775257520534,-3.393366834129719,0.0,False,False,0.0,baseline
2026-03-04 07:10:30,0,64.1,True,65.0647009682036,-3.4029997268334364,0.0,False,False,0.0,baseline
2026-03-04 07:10:40,0,64.0,True,64.51243285590245,-3.129799240676042,0.0,False,False,0.0,baseline
2026-03-04 07:10:50,0,63.8,True,64.04557021958504,-2.7389462470122585,0.0,False,False,0.0,baseline
2026-03-04 07:11:00,0,63.1,True,63.61963595319848,-2.2688700088028786,0.0,False,False,0.0,baseline
2026-03-04 07:11:10,0,62.9,True,63.28030767901166,-1.8626530577749223,4.0,False,False,0.0,baseline
2026-03-04 07:11:20,0,62.6,True,63.00436401799345,-1.445449711614211,8.0,False,False,0.0,baseline
2026-03-04 07:11:30,4,62.1,True,62.795814359974145,-0.9441546507225245,13.0,False,False,0.0,baseline
2026-03-04 07:11:40,4,62.4,True,62.653233761950524,-0.32879012685600906,19.0,False,False,0.0,baseline
2026-03-04 07:11:50,5,60.5,True,62.60285879091865,0.3532046139630915,24.0,False,False,0.0,baseline
2026-03-04 07:12:00,6,61.6,True,62.71962695170655,1.0797810761570101,26.0,False,False,0.0,baseline
2026-03-04 07:12:10,5,62.7,True,63.02299960444554,1.8506067653294926,25.0,False,False,0.0,baseline
2026-03-04 07:12:20,2,63.7,True,63.380205524592114,2.7120097725330887,22.0,False,False,0.0,baseline
2026-03-04 07:12:30,3,62.7,True,63.850779032170706,3.3682715513493577,24.0,False,False,0.0,baseline
2026-03-04 07:12:40,1,62.9,True,64.47981571177775,3.728769064914345,23.0,False,False,0.0,baseline
2026-03-04 07:12:50,7,66.8,True,65.3721550100144,3.807156660726977,22.0,False,False,0.0,baseline
2026-03-04 07:13:00,5,67.1,True,66.02652014325345,3.6522132238036407,21.0,False,False,0.0,baseline
2026-03-04 07:13:10,4,66.2,True,66.55197196703475,3.395257705133309,21.0,False,False,0.0,baseline
2026-03-04 07:13:20,1,67.3,True,66.98608578532183,3.272035613509025,22.0,False,False,0.0,baseline
2026-03-04 07:13:30,3,66.7,True,67.46788056782921,3.5120099336600616,23.0,False,False,0.0,baseline
2026-03-04 07:13:40,2,66.9,True,68.04432211164146,3.91946209989731,35.0,False,False,0.0,baseline
2026-03-04 07:13:50,8,68.5,True,68.81148400739396,4.398015092307932,47.0,False,False,0.0,baseline
2026-03-04 07:14:00,17,69.7,True,69.63055990437877,4.784570600103219,63.0,False,False,0.0,activity
2026-03-04 07:14:10,16,70.0,True,70.43806245209338,4.982840255534766,77.0,False,False,0.0,activity
2026-03-04 07:14:20,17,71.4,True,71.3185754084902,5.015154715460215,93.0,False,False,0.0,activity
2026-03-04 07:14:30,17,72.6,True,72.18551759963539,4.9190425803433415,102.0,False,False,0.0,activity
2026-03-04 07:14:40,18,72.9,True,72.9833793907198,4.72134230385514,102.0,False,False,0.0,activity
2026-03-04 07:14:50,17,74.5,True,73.79513774692418,4.410532411342815,102.0,False,False,0.0,activity
2026-03-04 07:15:00,17,74.8,True,74.48941906094926,4.109811254054315,103.0,False,False,0.0,activity
2026-03-04 07:15:10,16,75.6,True,75.13193688513255,3.858344353393925,102.0,False,False,0.0,activity
2026-03-04 07:15:20,18,75.5,True,75.71311085683791,3.678506273537296,101.0,False,False,0.0,activity
2026-03-04 07:15:30,16,76.4,True,76.31313663801627,3.611752572603562,100.0,False,False,0.0,activity
2026-03-04 07:15:40,17,76.7,True,76.89868519219733,3.657671919484725,101.0,False,False,0.0,activity
2026-03-04 07:15:50,16,77.6,True,77.51734794507794,3.859631824375265,102.0,False,False,0.0,activity
2026-03-04 07:16:00,18,78.0,True,78.12223535547155,4.033435128566452,102.0,False,False,0.0,activity
2026-03-04 07:16:10,17,77.4,True,78.81416199177707,4.0901919065663535,104.0,False,False,0.0,activity
2026-03-04 07:16:20,18,81.1,True,79.64178229337877,4.00364733566066,103.0,False,False,0.0,activity
2026-03-04 07:16:30,18,80.5,True,80.32636631054358,3.730805892126995,105.0,False,False,0.0,activity
2026-03-04 07:16:40,16,81.1,True,80.88201137946565,3.2654797163288034,105.0,False,False,0.0,activity
2026-03-04 07:16:50,18,82.2,True,81.401325011632,2.7229715884901884,105.0,False,False,0.0,activity
2026-03-04 07:17:00,18,82.2,True,81.787526145737,2.2521492015904316,104.0,False,False,0.0,activity
2026-03-04 07:17:10,17,82.9,True,82.10498163746485,1.8959707292414711,102.0,False,False,0.0,activity
2026-03-04 07:17:20,17,82.3,True,82.38993406877015,1.6950730927184854,102.0,False,False,0.0,activity
2026-03-04 07:17:30,16,83.0,True,82.58987551153713,1.7588304954581298,101.0,False,False,0.0,activity
2026-03-04 07:17:40,16,82.3,True,82.8381295395603,2.115726314107488,101.0,False,False,0.0,activity
2026-03-04 07:17:50,17,82.2,True,83.17607182417684,2.6145288993938363,101.0,False,False,0.0,activity
2026-03-04 07:18:00,18,82.4,True,83.66002607948954,3.1348005869601305,99.0,False,False,0.0,activity
2026-03-04 07:18:10,17,84.6,True,84.35398468138382,3.513253324734074,100.0,False,False,0.0,activity
2026-03-04 07:18:20,15,85.2,True,85.0069407301754,3.7522482832970465,100.0,False,False,0.0,activity
2026-03-04 07:18:30,17,85.8,True,85.62772023399621,3.9130465271714443,99.0,False,False,0.0,activity
2026-03-04 07:18:40,16,86.2,True,86.21978644348304,4.183162049383956,113.0,False,False,0.0,activity
2026-03-04 07:18:50,16,85.6,True,86.88181706021706,4.7647569607795255,124.0,False,False,0.0,activity
2026-03-04 07:19:00,32,86.2,True,87.65748385365391,5.6261923180193225,138.0,False,False,0.0,activity
2026-03-04 07:19:10,28,87.4,True,88.67606462269974,6.653897823500465,150.0,False,False,0.0,activity
2026-03-04 07:19:20,29,88.8,True,89.90732282886219,7.676300585279309,163.0,False,False,0.0,activity
2026-03-04 07:19:30,29,90.6,True,91.323134839835,8.63880106365234,176.0,False,False,0.0,activity
2026-03-04 07:19:40,29,92.4,True,92.85946932411366,9.523244576443634,176.0,False,False,0.0,activity
2026-03-04 07:19:50,29,93.5,True,94.4723820290779,10.33775266149936,178.0,False,False,0.0,activity
2026-03-04 07:20:00,32,95.1,True,96.24735840555513,11.050219523471663,177.0,False,False,0.0,activity
2026-03-04 07:20:10,30,97.7,True,98.2135611829582,11.622246782213082,178.0,False,False,0.0,activity
2026-03-04 07:20:20,28,100.2,True,100.26535749085431,11.881315171323367,178.0,False,False,0.0,activity
2026-03-04 07:20:30,30,102.5,True,102.3280467138928,11.756317041368515,180.0,False,False,0.0,activity
2026-03-04 07:20:40,29,105.7,True,104.36207705591343,11.344276513546529,178.0,False,False,0.0,activity
2026-03-04 07:20:50,31,106.9,True,106.17312024058627,10.719377309410886,179.0,False,False,0.0,activity
2026-03-04 07:21:00,30,108.1,True,107.86301679869015,10.091755275891368,179.0,False,False,0.0,activity
2026-03-04 07:21:10,31,110.7,True,109.51341615657573,9.628235312163296,176.0,False,False,0.0,activity
2026-03-04 07:21:20,28,110.6,True,110.98271820722393,9.319421233795811,178.0,False,False,0.0,activity
2026-03-04 07:21:30,27,112.1,True,112.4991399590761,9.156701170584784,177.0,False,False,0.0,activity
2026-03-04 07:21:40,31,114.9,True,114.08208503744096,9.123669397709332,177.0,False,False,0.0,activity
2026-03-04 07:21:50,30,115.0,True,115.52871095537931,9.171963476833076,175.0,False,False,0.0,activity
2026-03-04 07:22:00,30,116.8,True,117.06345536588086,9.18106099257188,177.0,False,False,0.0,activity
2026-03-04 07:22:10,29,119.0,True,118.64210900402922,9.123906768977449,178.0,False,False,0.0,activity
2026-03-04 07:22:20,30,120.1,True,120.16111414284912,9.001689387831659,177.0,False,False,0.0,activity
2026-03-04 07:22:30,28,122.2,True,121.69030497214385,8.758324999895935,175.0,False,False,0.0,activity
2026-03-04 07:22:40,30,123.8,True,123.13454663012922,8.471110016704786,174.0,False,False,0.0,activity
2026-03-04 07:22:50,28,124.4,True,124.46787939313612,8.217175274393036,172.0,False,False,0.0,activity
2026-03-04 07:23:00,29,126.0,True,125.81252538833236,7.922055458765876,171.0,False,False,0.0,activity
2026-03-04 07:23:10,27,127.2,True,127.12592561491732,7.5937067910283025,172.0,False,False,0.0,activity
2026-03-04 07:23:20,29,129.2,True,128.42698011065517,7.2881187789383315,172.0,False,False,0.0,activity
2026-03-04 07:23:30,29,130.3,True,129.59919795816887,7.022217230004751,173.0,False,False,0.0,activity
2026-03-04 07:23:40,30,130.4,True,130.6546154653774,6.79097093369103,171.0,False,False,0.0,activity
2026-03-04 07:23:50,29,131.4,True,131.75246888348212,6.6022674120401055,174.0,False,False,0.0,activity
2026-03-04 07:24:00,27,133.4,True,132.9090671155005,6.517513220967321,174.0,False,False,0.0,activity
2026-03-04 07:24:10,30,134.2,True,133.9838432001023,6.454725519103391,173.0,False,False,0.0,activity
2026-03-04 07:24:20,29,134.9,True,135.0225931513878,6.399868260899599,173.0,False,False,0.0,activity
2026-03-04 07:24:30,28,136.3,True,136.0817752945713,6.283084284274368,174.0,False,False,0.0,activity
2026-03-04 07:24:40,30,136.6,True,137.1045866535166,6.159909593123457,175.0,False,False,0.0,activity
2026-03-04 07:24:50,30,139.1,True,138.21149578804804,5.956243643683634,174.0,False,False,0.0,activity
2026-03-04 07:25:00,28,139.4,True,139.17032088725415,5.588142111048241,172.0,False,False,0.0,activity
2026-03-04 07:25:10,29,140.6,True,140.09086613433593,5.119254739778078,173.0,False,False,0.0,activity
2026-03-04 07:25:20,27,142.1,True,140.92655573714035,4.6464336346614274,173.0,False,False,0.0,activity
2026-03-04 07:25:30,29,141.9,True,141.60000462946815,4.315875278178843,172.0,False,False,0.0,activity
2026-03-04 07:25:40,30,141.5,True,142.22345429337398,4.101058039488003,173.0,False,False,0.0,activity
2026-03-04 07:25:50,29,142.9,True,142.90081300617547,4.076893331188031,173.0,False,False,0.0,activity
2026-03-04 07:26:00,29,143.5,True,143.57830722000617,4.142925130467038,173.0,False,False,0.0,activity
2026-03-04 07:26:10,29,143.8,True,144.26885263717122,4.110158737204851,174.0,False,False,0.0,activity
2026-03-04 07:26:20,27,145.6,True,145.03754016053145,3.915990228714949,175.0,False,False,0.0,activity
2026-03-04 07:26:30,30,146.5,True,145.7124843773136,3.5994867583442467,176.0,False,False,0.0,activity
2026-03-04 07:26:40,31,147.2,True,146.25617599031463,3.222183461983341,177.0,False,False,0.0,activity
2026-03-04 07:26:50,30,146.7,True,146.7258969350348,2.80333931404826,175.0,False,False,0.0,activity
2026-03-04 07:27:00,30,147.1,True,147.1332673689274,2.4195755279783824,176.0,False,False,0.0,activity
2026-03-04 07:27:10,27,148.0,True,147.5461823643079,2.064074329904947,175.0,False,False,0.0,activity
2026-03-04 07:27:20,28,149.0,True,147.88346108707302,1.7418712344347582,172.0,False,False,0.0,activity
2026-03-04 07:27:30,29,148.5,True,148.1179833243503,1.4956942970847085,169.0,False,False,0.0,activity
2026-03-04 07:27:40,28,147.4,True,148.28883611568597,1.2809425997249941,166.0,False,False,0.0,activity
2026-03-04 07:27:50,27,148.2,True,148.47449492630264,1.1189670499385445,167.0,False,False,0.0,activity
2026-03-04 07:28:00,27,149.1,True,148.70590289130308,0.9863431513323583,169.0,False,False,0.0,activity
2026-03-04 07:28:10,28,149.8,True,148.87162800485402,0.857395492233945,170.0,False,False,0.0,activity
2026-03-04 07:28:20,30,149.2,True,148.9826244525473,0.724918510412636,170.0,False,False,0.0,activity
2026-03-04 07:28:30,30,149.0,True,149.0573916423318,0.6418327088982295,172.0,False,False,0.0,activity
2026-03-04 07:28:40,28,149.0,True,149.14172410583822,0.6764333112478546,175.0,False,False,0.0,activity
2026-03-04 07:28:50,29,148.2,True,149.24967725365102,0.7380585130911778,178.0,False,False,0.0,activity
2026-03-04 07:29:00,30,149.2,True,149.39924327707232,0.7476934671164082,178.0,False,False,0.0,activity
2026-03-04 07:29:10,31,150.0,True,149.582016513339,0.6498011418515586,178.0,False,False,0.0,activity
2026-03-04 07:29:20,30,150.1,True,149.69512583516214,0.5280661497524697,178.0,False,False,0.0,activity
2026-03-04 07:29:30,30,150.3,True,149.74075612951233,0.4693421826121394,178.0,False,False,0.0,activity
2026-03-04 07:29:40,28,149.2,True,149.7265124454479,0.5031276268595757,178.0,False,False,0.0,activity
2026-03-04 07:29:50,29,148.9,True,149.80002083562476,0.6243391041550852,174.0,False,False,0.0,activity
2026-03-04 07:30:00,30,149.9,True,149.97353269840573,0.7710356702383616,173.0,False,False,0.0,activity
2026-03-04 07:30:10,27,150.4,True,150.159300010921,0.939095324218553,171.0,False,False,0.0,activity
2026-03-04 07:30:20,29,150.6,True,150.30495065858975,1.1208137227113903,170.0,False,False,0.0,activity
2026-03-04 07:30:30,28,149.5,True,150.43475974935677,1.367905836894267,169.0,False,False,0.0,activity
2026-03-04 07:30:40,27,149.9,True,150.6536954650166,1.6715536857976319,168.0,False,False,0.0,activity
2026-03-04 07:30:50,28,150.5,True,150.9982470915125,1.9430795299530148,171.0,False,False,0.0,activity
2026-03-04 07:31:00,29,151.6,True,151.42583989992715,2.0920233910053594,173.0,False,False,0.0,activity
2026-03-04 07:31:10,30,152.3,True,151.8244060249963,2.078923531511002,174.0,False,False,0.0,activity
2026-03-04 07:31:20,31,152.4,True,152.14370648756486,1.9801680701256477,176.0,False,False,0.0,activity
2026-03-04 07:31:30,29,152.4,True,152.42029136472752,1.9364406204279325,176.0,False,False,0.0,activity
2026-03-04 07:31:40,29,152.1,True,152.70025813601143,2.1047389884206376,174.0,False,False,0.0,activity
2026-03-04 07:31:50,28,152.5,True,153.03026792996388,2.5702557592453736,173.0,False,False,0.0,activity
2026-03-04 07:32:00,27,152.5,True,153.44865571224366,3.342719918515819,170.0,False,False,0.0,activity
2026-03-04 07:32:10,29,152.7,True,154.02515277989738,4.4615897784913185,171.0,False,False,0.0,activity
2026-03-04 07:32:20,28,153.3,True,154.82250864420064,5.74905793488207,170.0,False,False,0.0,activity
2026-03-04 07:32:30,30,153.7,True,155.873615949204,6.93041669946747,173.0,False,False,0.0,activity
2026-03-04 07:32:40,28,156.7,True,157.2869925790747,7.838273485392705,176.0,False,False,0.0,activity
2026-03-04 07:32:50,31,159.3,True,158.79820130545784,8.259652042692943,178.0,False,False,0.0,activity
2026-03-04 07:33:00,30,160.3,True,160.22577691608393,8.1254964166325,181.0,False,False,0.0,activity
2026-03-04 07:33:10,31,166.7,True,161.64098201272398,7.5920187647727575,178.0,False,False,0.0,activity
2026-03-04 07:33:20,31,162.9,True,162.84635077815136,6.956020430851374,182.0,False,False,0.0,activity
2026-03-04 07:33:30,27,164.0,True,163.85944467327062,6.261501692548106,180.0,False,False,0.0,activity
2026-03-04 07:33:40,32,165.1,True,164.84911268060165,5.414137998240984,180.0,False,False,0.0,activity
2026-03-04 07:33:50,29,167.1,True,165.7969661346996,4.472702065545492,178.0,False,False,0.0,activity
2026-03-04 07:34:00,30,168.3,True,166.52764727791413,3.394573619964749,179.0,False,False,0.0,activity
2026-03-04 07:34:10,29,168.3,True,166.962936300781,2.1607788729495803,183.0,False,False,0.0,activity
2026-03-04 07:34:20,32,168.7,True,167.17538137377804,0.9085425095212866,181.0,False,False,0.0,activity
2026-03-04 07:34:30,31,168.2,True,167.20039000907138,-0.21369867374866286,182.0,False,False,0.0,activity
2026-03-04 07:34:40,30,167.9,True,167.05879697920994,-1.178699159786204,182.0,False,False,0.0,activity
2026-03-04 07:34:50,30,167.1,True,166.77700344588348,-2.0830066486452177,183.0,False,False,0.0,activity
2026-03-04 07:35:00,30,167.6,True,166.35804382020424,-2.880910483706943,178.0,False,False,0.0,activity
2026-03-04 07:35:10,30,166.9,True,165.81542483122573,-3.5875374946245406,175.0,False,False,0.0,activity
2026-03-04 07:35:20,27,165.2,True,165.09204331411814,-4.2778017070271455,172.0,False,False,0.0,activity
2026-03-04 07:35:30,28,164.9,True,164.35066901603025,-5.034604299172353,169.0,False,False,0.0,activity
2026-03-04 07:35:40,27,164.6,True,163.5177395539474,-5.816221893560539,169.0,False,False,0.0,activity
2026-03-04 07:35:50,27,163.9,True,162.50443335085575,-6.542209803542111,169.0,False,False,0.0,activity
2026-03-04 07:36:00,30,161.7,True,161.25853270624003,-7.197851728399707,172.0,False,False,0.0,activity
2026-03-04 07:36:10,30,160.0,True,159.939054179331,-7.520992750847688,172.0,False,False,0.0,activity
2026-03-04 07:36:20,30,158.6,True,158.6094180156438,-7.397632565103571,174.0,False,False,0.0,activity
2026-03-04 07:36:30,28,155.9,True,157.28135152123056,-6.850068283067142,176.0,False,False,0.0,activity
2026-03-04 07:36:40,29,155.1,True,156.18351028035573,-6.101324905351397,174.0,False,False,0.0,activity
2026-03-04 07:36:50,29,154.2,True,155.26625408620686,-5.2766118690036965,173.0,False,False,0.0,activity
2026-03-04 07:37:00,28,153.3,True,154.5267069064258,-4.524191287013736,171.0,False,False,0.0,activity
2026-03-04 07:37:10,29,154.2,True,153.8416108777157,-4.050802586192712,173.0,False,False,0.0,activity
2026-03-04 07:37:20,28,153.1,True,153.2467833286249,-3.7811190783085626,171.0,False,False,0.0,activity
2026-03-04 07:37:30,30,153.1,True,152.6764196676382,-3.5237649406186935,172.0,False,False,0.0,activity
2026-03-04 07:37:40,27,151.8,True,152.0354592845912,-3.139419245412855,173.0,False,False,0.0,activity
2026-03-04 07:37:50,30,150.1,True,151.43374211564273,-2.63545294825198,172.0,False,False,0.0,activity
2026-03-04 07:38:00,29,149.5,True,151.05431529930135,-2.010014523418769,173.0,False,False,0.0,activity
2026-03-04 07:38:10,28,150.3,True,150.83394103284354,-1.319578519155304,172.0,False,False,0.0,activity
2026-03-04 07:38:20,29,150.6,True,150.7025569385263,-0.7097865537986281,172.0,False,False,0.0,activity
2026-03-04 07:38:30,29,150.3,True,150.63826566729676,-0.27543520455121256,171.0,False,False,0.0,activity
2026-03-04 07:38:40,27,149.6,True,150.63035200728336,0.05586742012816459,172.0,False,False,0.0,activity
2026-03-04 07:38:50,29,150.5,True,150.67749701515052,0.30005271006702167,173.0,False,False,0.0,activity
2026-03-04 07:39:00,30,151.1,True,150.75422485887609,0.46210392787422083,172.0,False,False,0.0,activity
2026-03-04 07:39:10,29,150.4,True,150.87332351241432,0.558315324136674,170.0,False,False,0.0,activity
2026-03-04 07:39:20,28,151.0,True,150.97130941802158,0.6940078458505152,172.0,False,False,0.0,activity
2026-03-04 07:39:30,27,151.0,True,151.06451355996577,0.9810826275870931,172.0,False,False,0.0,activity
2026-03-04 07:39:40,29,150.0,True,151.16846996190426,1.3245283234453553,172.0,False,False,0.0,activity
2026-03-04 07:39:50,29,150.3,True,151.41717135749346,1.699443025592162,173.0,False,False,0.0,activity
2026-03-04 07:40:00,30,152.2,True,151.85206797933154,2.064741089147217,173.0,False,False,0.0,activity
2026-03-04 07:40:10,30,152.3,True,152.2289759310582,2.3813055247030364,178.0,False,False,0.0,activity
2026-03-04 07:40:20,28,152.0,True,152.61071320462787,2.6411827858046353,176.0,False,False,0.0,activity
2026-03-04 07:40:30,32,152.7,True,153.0442360123022,2.855542892159442,177.0,False,False,0.0,activity
2026-03-04 07:40:40,27,152.9,True,153.53513148869357,3.1672553853027474,147.0,False,False,0.0,activity
2026-03-04 07:40:50,30,154.2,True,154.1318822132005,3.5818437759965165,117.0,False,False,0.0,activity
2026-03-04 07:41:00,0,154.2,True,154.71727997324086,3.804120415070666,89.0,False,False,0.0,activity
2026-03-04 07:41:10,0,154.4,True,155.38889106215467,3.5211314090375914,57.0,False,False,0.0,activity
2026-03-04 07:41:20,0,158.1,True,156.22531732809423,2.546426209272718,30.0,False,False,0.0,activity
2026-03-04 07:41:30,0,159.8,True,156.7492964820495,0.8461253777199812,0.0,False,False,0.0,activity
2026-03-04 07:41:40,0,160.3,True,156.76482504967967,-1.4631545575460312,0.0,False,False,0.0,activity
2026-03-04 07:41:50,0,159.4,True,156.27449112558978,-3.8805793000220485,0.0,False,False,0.0,activity
2026-03-04 07:42:00,0,157.3,True,155.2632390557648,-5.484052973454085,0.0,False,False,0.0,activity
2026-03-04 07:42:10,0,153.8,True,153.91252682856734,-5.872964047223683,28.0,False,False,0.0,activity
2026-03-04 07:42:20,0,149.3,True,152.58056907279774,-5.019273890768612,59.0,False,False,0.0,activity
2026-03-04 07:42:30,28,146.6,True,151.7953728291611,-3.219986525632088,85.0,False,False,0.0,activity
2026-03-04 07:42:40,31,148.8,True,151.50940539038461,-1.0430778671485077,115.0,False,False,0.0,activity
2026-03-04 07:42:50,26,150.1,True,151.67500551667223,0.9028416230008326,145.0,False,False,0.0,activity
2026-03-04 07:43:00,30,151.4,True,152.1031065624052,2.234949002697971,174.0,False,False,0.0,activity
2026-03-04 07:43:10,30,152.5,True,152.64839203520572,2.893119311416239,174.0,False,False,0.0,activity
2026-03-04 07:43:20,29,153.1,True,153.21840951387384,2.965619029180096,172.0,False,False,0.0,activity
2026-03-04 07:43:30,28,154.9,True,153.80816191152093,2.6538171565692315,175.0,False,False,0.0,activity
2026-03-04 07:43:40,29,155.1,True,154.2159412944215,2.0914610005294496,172.0,False,False,0.0,activity
2026-03-04 07:43:50,29,155.0,True,154.4930442263923,1.3776816779112815,171.0,False,False,0.0,activity
2026-03-04 07:44:00,27,155.6,True,154.6689878627618,0.6292302539926367,170.0,False,False,0.0,activity
2026-03-04 07:44:10,29,155.5,True,154.70642947625828,-0.039349460927199,170.0,False,False,0.0,activity
2026-03-04 07:44:20,28,154.9,True,154.6116093357978,-0.6894874193348617,168.0,False,False,0.0,activity
2026-03-04 07:44:30,28,155.0,True,154.45205741797025,-1.261682804774491,167.0,False,False,0.0,activity
2026-03-04 07:44:40,27,155.6,True,154.20118173647109,-1.6548729433907794,167.0,False,False,0.0,activity
2026-03-04 07:44:50,28,153.8,True,153.8171696777171,-1.8595895249531165,166.0,False,False,0.0,activity
2026-03-04 07:45:00,27,153.0,True,153.43601923191594,-1.8635234082933074,168.0,False,False,0.0,activity
2026-03-04 07:45:10,28,152.3,True,153.12753865810078,-1.6316159549204456,169.0,False,False,0.0,activity
2026-03-04 07:45:20,30,152.9,True,152.85698119396906,-1.1966444940342948,171.0,False,False,0.0,activity
2026-03-04 07:45:30,29,151.6,True,152.6792539288322,-0.7075423535823955,174.0,False,False,0.0,activity
2026-03-04 07:45:40,29,152.0,True,152.61473565183402,-0.22564965301325351,175.0,False,False,0.0,activity
2026-03-04 07:45:50,31,152.4,True,152.65267331680818,0.2507776291965586,176.0,False,False,0.0,activity
2026-03-04 07:46:00,28,152.4,True,152.73272320125037,0.6725726115105742,176.0,False,False,0.0,activity
2026-03-04 07:46:10,29,152.8,True,152.8682269525676,1.0528916005049593,173.0,False,False,0.0,activity
2026-03-04 07:46:20,30,152.4,True,153.08176852931274,1.3551210943454306,175.0,False,False,0.0,activity
2026-03-04 07:46:30,26,152.9,True,153.34227152761,1.5974898181958774,172.0,False,False,0.0,activity
2026-03-04 07:46:40,31,153.9,True,153.6764864471756,1.7561068450790185,174.0,False,False,0.0,activity
2026-03-04 07:46:50,28,154.7,True,153.97344910793709,1.860979774713471,173.0,False,False,0.0,activity
2026-03-04 07:47:00,30,153.9,True,154.2826532866881,1.9260160001335334,171.0,False,False,0.0,activity
2026-03-04 07:47:10,28,154.3,True,154.58896634655378,1.9513406065282601,175.0,False,False,0.0,activity
2026-03-04 07:47:20,28,158.1,True,154.94344046417842,2.051888647344408,174.0,False,False,0.0,activity
2026-03-04 07:47:30,30,155.0,True,155.28848799249946,2.244418129384648,178.0,False,False,0.0,activity
2026-03-04 07:47:40,30,155.4,True,155.61495018623705,2.496731585369964,177.0,False,False,0.0,activity
2026-03-04 07:47:50,32,154.7,True,156.04390407768082,2.758024115107458,178.0,False,False,0.0,activity
2026-03-04 07:48:00,29,156.5,True,156.58017531540472,2.9504159021248086,177.0,False,False,0.0,activity
2026-03-04 07:48:10,29,157.1,True,157.12980910569604,3.027400815686814,178.0,False,False,0.0,activity
2026-03-04 07:48:20,27,158.3,True,157.68441108027005,3.0160953890061863,177.0,False,False,0.0,activity
2026-03-04 07:48:30,31,158.9,True,158.13641490155572,3.078901098588523,175.0,False,False,0.0,activity
2026-03-04 07:48:40,29,158.0,True,158.56115453976736,3.2691427055546765,176.0,False,False,0.0,activity
2026-03-04 07:48:50,30,157.8,True,159.07941993460688,3.5149557158275853,175.0,False,False,0.0,activity
2026-03-04 07:49:00,30,159.6,True,159.77758865188085,3.7823089644527443,177.0,False,False,0.0,activity
2026-03-04 07:49:10,28,161.5,True,160.5053554778016,4.01933275477243,174.0,False,False,0.0,activity
2026-03-04 07:49:20,29,160.9,True,161.1673482166893,4.104816766125661,174.0,False,False,0.0,activity
2026-03-04 07:49:30,28,161.3,True,161.8072323250252,4.099436905166551,173.0,False,False,0.0,activity
2026-03-04 07:49:40,29,162.9,True,162.53165515419863,4.138010814116184,172.0,False,False,0.0,activity
2026-03-04 07:49:50,29,162.9,True,163.1946871757385,4.273396049228052,174.0,False,False,0.0,activity
2026-03-04 07:50:00,29,163.7,True,163.9068337265681,4.417442530639873,173.0,False,False,0.0,activity
2026-03-04 07:50:10,30,164.3,True,164.65345256515903,4.519158005253605,173.0,False,False,0.0,activity
2026-03-04 07:50:20,28,165.6,True,165.45898016460978,4.516923623600111,172.0,False,False,0.0,activity
2026-03-04 07:50:30,28,166.3,True,166.24100445816217,4.342509845880004,171.0,False,False,0.0,activity
2026-03-04 07:50:40,28,168.0,True,167.01319616140822,4.05970485199708,171.0,False,False,0.0,activity
2026-03-04 07:50:50,28,168.0,True,167.6209205582223,3.692803047732748,170.0,False,False,0.0,activity
2026-03-04 07:51:00,29,168.2,True,168.16546504807343,3.337796989519147,172.0,False,False,0.0,activity
2026-03-04 07:51:10,29,169.3,True,168.70425371260345,2.9998047152730662,174.0,False,False,0.0,activity
2026-03-04 07:51:20,30,169.1,True,169.17708466256735,2.6832084650011114,175.0,False,False,0.0,activity
2026-03-04 07:51:30,30,170.1,True,169.62942972295915,2.2995279112769937,176.0,False,False,0.0,activity
2026-03-04 07:51:40,29,170.7,True,170.00334640384412,1.6991020094324194,177.0,False,False,0.0,activity
2026-03-04 07:51:50,29,170.8,True,170.26115415203645,0.806859775826622,178.0,False,False,0.0,activity
2026-03-04 07:52:00,30,172.8,True,170.4291542589015,-0.47233439990327897,163.0,False,False,0.0,activity
2026-03-04 07:52:10,30,172.2,True,170.3020134089168,-2.0552509756170387,149.0,False,False,0.0,activity
2026-03-04 07:52:20,15,172.3,True,169.84187479375154,-3.9307093806002706,136.0,False,False,0.0,activity
2026-03-04 07:52:30,16,170.3,True,168.9887153108782,-6.043428872826359,121.0,False,False,0.0,activity
2026-03-04 07:52:40,16,170.7,True,167.8503417131512,-8.141957939094898,107.0,False,False,0.0,activity
2026-03-04 07:52:50,14,168.7,True,166.30369173428275,-9.968908566641106,94.0,False,False,0.0,activity
2026-03-04 07:53:00,16,165.7,True,164.3576570444614,-11.414486812436971,95.0,False,False,0.0,activity
2026-03-04 07:53:10,17,162.1,True,162.18789852871697,-12.426765241258014,95.0,False,False,0.0,activity
2026-03-04 07:53:20,16,160.4,True,160.0327897677587,-12.90659978171729,96.0,False,False,0.0,activity
2026-03-04 07:53:30,16,157.7,True,157.81647930142685,-12.823248571510383,99.0,False,False,0.0,activity
2026-03-04 07:53:40,17,155.1,True,155.61958205199946,-12.266391170840901,95.0,False,False,0.0,activity
2026-03-04 07:53:50,17,151.9,True,153.50928181123862,-11.361075155787722,91.0,False,False,0.0,activity
2026-03-04 07:54:00,12,149.9,True,151.6671952056842,-10.074271666699131,88.0,False,False,0.0,activity
2026-03-04 07:54:10,13,148.7,True,150.1196411344105,-8.555799169679377,86.0,False,False,0.0,activity
2026-03-04 07:54:20,13,146.9,True,148.80869391887185,-6.849007486653758,83.0,False,False,0.0,activity
2026-03-04 07:54:30,14,146.4,True,147.8158623564785,-5.048002765689433,80.0,False,False,0.0,activity
2026-03-04 07:54:40,14,144.7,True,147.05900785349826,-3.149046124720925,80.0,False,False,0.0,activity
2026-03-04 07:54:50,14,144.6,True,146.69532132610104,-1.2356447902534953,79.0,False,False,0.0,activity
2026-03-04 07:55:00,12,144.2,True,146.68085501972067,0.475387174409791,88.0,False,False,0.0,activity
2026-03-04 07:55:10,12,145.8,True,147.01319788329374,1.5656503348080608,87.0,False,False,0.0,activity
2026-03-04 07:55:20,22,147.3,True,147.5477403940824,1.5847123605315196,84.0,False,False,0.0,activity
2026-03-04 07:55:30,13,150.8,True,148.12357297055146,0.3500359701530957,84.0,False,False,0.0,activity
2026-03-04 07:55:40,11,152.5,True,148.25333437544577,-2.0370153775807216,75.0,False,False,0.0,activity
2026-03-04 07:55:50,14,152.1,True,147.74198484291438,-5.202855002530339,67.0,False,False,0.0,activity
2026-03-04 07:56:00,3,150.1,True,146.50429945086867,-8.70012284218735,55.0,False,False,0.0,activity
2026-03-04 07:56:10,4,147.6,True,144.66733063396777,-11.733125441256531,45.0,False,False,0.0,activity
2026-03-04 07:56:20,10,145.1,True,142.3415835893948,-13.846648947201748,38.0,False,False,0.0,activity
2026-03-04 07:56:30,3,139.1,True,139.55610047638763,-14.82866156339483,27.0,False,False,0.0,activity
2026-03-04 07:56:40,4,135.6,True,136.84663410944503,-14.699974916344177,29.0,False,False,0.0,activity
2026-03-04 07:56:50,3,132.5,True,134.34494009407663,-13.781998374398468,30.0,False,False,0.0,activity
2026-03-04 07:57:00,5,129.9,True,132.15073609438767,-12.421735847233437,26.0,False,False,0.0,activity
2026-03-04 07:57:10,5,129.7,True,130.33165477709662,-10.978191199369189,29.0,False,False,0.0,activity
2026-03-04 07:57:20,6,127.7,True,128.61784925598835,-9.639345084733135,31.0,False,False,0.0,activity
2026-03-04 07:57:30,6,125.1,True,127.05701861087812,-8.439199341362091,34.0,False,False,0.0,activity
2026-03-04 07:57:40,6,125.2,True,125.8056910675809,-7.413443964408505,32.0,False,False,0.0,activity
2026-03-04 07:57:50,6,123.4,True,124.6719787022138,-6.505405438665845,33.0,False,False,0.0,activity
2026-03-04 07:58:00,3,123.5,True,123.73359612054902,-5.831601152700783,33.0,False,False,0.0,activity
2026-03-04 07:58:10,6,122.7,True,122.85081289230907,-5.48330182075724,31.0,False,False,0.0,activity
2026-03-04 07:58:20,6,122.0,True,121.9931651461206,-5.309600411320821,32.0,False,False,0.0,activity
2026-03-04 07:58:30,4,121.5,True,121.13437825761892,-5.338689546628325,31.0,False,False,0.0,activity
2026-03-04 07:58:40,7,119.8,True,120.21465441205372,-5.486131701611956,35.0,False,False,0.0,activity
2026-03-04 07:58:50,5,120.0,True,119.3307063018308,-5.637214854483268,31.0,False,False,0.0,activity
2026-03-04 07:59:00,7,118.8,True,118.36854257524634,-5.713548102149409,30.0,False,False,0.0,activity
2026-03-04 07:59:10,2,116.9,True,117.33446927786959,-5.581425081126143,33.0,False,False,0.0,activity
2026-03-04 07:59:20,5,116.0,True,116.37280752680444,-5.211682430766734,33.0,False,False,0.0,activity
2026-03-04 07:59:30,7,113.1,True,115.47328036354,-4.664124947439834,34.0,False,False,0.0,activity
2026-03-04 07:59:40,7,114.3,True,114.76929992753223,-4.122493050590977,37.0,False,False,0.0,activity
2026-03-04 07:59:50,6,113.7,True,114.24353614611316,-3.8322290431263086,37.0,False,False,0.0,activity
2026-03-04 08:00:00,10,114.6,True,113.70836172237962,-3.7520984476112336,38.0,False,False,0.0,activity
2026-03-04 08:00:10,2,114.1,True,113.107914252376,-3.922317593364685,34.0,False,False,0.0,activity
2026-03-04 08:00:20,6,112.0,True,112.34211915776838,-4.217684909440802,29.0,False,False,0.0,activity
2026-03-04 08:00:30,3,112.0,True,111.63334392278881,-4.426713996137988,29.0,False,False,0.0,activity
2026-03-04 08:00:40,2,111.0,True,110.86345934160737,-4.5521001774295735,25.0,False,False,0.0,activity
2026-03-04 08:00:50,6,109.7,True,110.07081798402714,-4.589741150197486,29.0,False,False,0.0,activity
2026-03-04 08:01:00,6,109.7,True,109.33997962378477,-4.678053267045912,34.0,False,False,0.0,activity
2026-03-04 08:01:10,6,108.5,True,108.54913786750652,-4.696040928401964,34.0,False,False,0.0,activity
2026-03-04 08:01:20,11,108.1,True,107.76648575581268,-4.668130649253563,40.0,False,False,0.0,activity
2026-03-04 08:01:30,3,106.0,True,106.92824793675427,-4.553956430695016,40.0,False,False,0.0,activity
2026-03-04 08:01:40,8,106.4,True,106.17805144048825,-4.334489236299904,34.0,False,False,0.0,activity
2026-03-04 08:01:50,6,104.8,True,105.45753018430358,-4.116008343192848,28.0,False,False,0.0,activity
2026-03-04 08:02:00,0,104.5,True,104.8465972921695,-3.9013859834750546,17.0,False,False,0.0,recovery
2026-03-04 08:02:10,0,105.0,True,104.243430615397,-3.7227089067173624,14.0,False,False,0.0,recovery
2026-03-04 08:02:20,0,103.4,True,103.597502374524,-3.5430547429839656,6.0,False,False,0.0,recovery
2026-03-04 08:02:30,0,102.2,True,102.98449119607164,-3.3753382745097817,0.0,False,False,0.0,recovery
2026-03-04 08:02:40,0,102.5,True,102.4522285502979,-3.2130353279776833,0.0,False,False,0.0,recovery
2026-03-04 08:02:50,0,101.1,True,101.96200399624047,-3.1576668408704185,0.0,False,False,0.0,recovery
2026-03-04 08:03:00,0,101.8,True,101.4987801082231,-3.1571475891462857,0.0,False,False,0.0,recovery
2026-03-04 08:03:10,0,102.0,True,100.98535290490958,-3.186391030851276,0.0,False,False,0.0,recovery
2026-03-04 08:03:20,0,99.6,True,100.33615118574764,-3.25384250150765,0.0,False,False,0.0,recovery
2026-03-04 08:03:30,0,99.2,True,99.80964133087699,-3.427886770034328,0.0,False,False,0.0,recovery
2026-03-04 08:03:40,0,100.5,True,99.31807169781915,-3.6518169288048075,0.0,False,False,0.0,recovery
2026-03-04 08:03:50,0,99.8,True,98.74618068106449,-3.8236689566617925,0.0,False,False,0.0,recovery
2026-03-04 08:04:00,0,98.2,True,97.9986531111539,-3.957799143962395,0.0,False,False,0.0,recovery
2026-03-04 08:04:10,0,96.5,True,97.21756772643562,-3.9372768076376516,0.0,False,False,0.0,recovery
2026-03-04 08:04:20,0,95.7,True,96.55607696278993,-3.7158244154429596,0.0,False,False,0.0,recovery
2026-03-04 08:04:30,0,95.9,True,96.00393235960922,-3.3958189496315985,0.0,False,False,0.0,recovery
2026-03-04 08:04:40,0,94.3,True,95.50244314969672,-3.2239261659016725,0.0,False,False,0.0,recovery
2026-03-04 08:04:50,0,95.3,True,95.03469446473366,-3.2536401241077244,0.0,False,False,0.0,recovery
2026-03-04 08:05:00,0,95.3,True,94.52272819055953,-3.4077702934745715,0.0,False,False,0.0,recovery
2026-03-04 08:05:10,0,93.9,True,93.88121661481199,-3.5870050355633483,0.0,False,False,0.0,recovery
2026-03-04 08:05:20,0,92.5,True,93.23657447486643,-3.6712168073888547,0.0,False,False,0.0,recovery
2026-03-04 08:05:30,0,93.2,True,92.59802808073194,-3.5351551899696227,0.0,False,False,0.0,recovery
2026-03-04 08:05:40,0,91.4,True,91.97581970005277,-3.152571818497681,0.0,False,False,0.0,recovery
2026-03-04 08:05:50,0,90.3,True,91.44958126938238,-2.666845654870567,0.0,False,False,0.0,recovery
2026-03-04 08:06:00,0,90.6,True,91.06493971694238,-2.2255937670551944,0.0,False,False,0.0,recovery
2026-03-04 08:06:10,0,90.2,True,90.80778811732611,-1.9838456023204318,0.0,False,False,0.0,recovery
2026-03-04 08:06:20,0,91.1,True,90.58526787059752,-1.9548812284485724,0.0,False,False,0.0,recovery
2026-03-04 08:06:30,0,91.2,True,90.27695893563518,-2.130301821222888,0.0,False,False,0.0,recovery
2026-03-04 08:06:40,0,89.4,True,89.83147648994536,-2.4822012889629046,0.0,False,False,0.0,recovery
2026-03-04 08:06:50,0,89.7,True,89.40790679257977,-2.8406581143871845,0.0,False,False,0.0,recovery
2026-03-04 08:07:00,0,90.1,True,88.93565489397746,-3.079700816018841,0.0,False,False,0.0,recovery
2026-03-04 08:07:10,0,88.2,True,88.3360121443714,-3.1820269869869473,0.0,False,False,0.0,recovery
2026-03-04 08:07:20,0,87.5,True,87.7590380854939,-3.2004052748338125,0.0,False,False,0.0,recovery
2026-03-04 08:07:30,0,86.5,True,87.22523704086537,-3.0843272989624824,0.0,False,False,0.0,recovery
2026-03-04 08:07:40,0,87.0,True,86.72897550304774,-2.893018158632503,0.0,False,False,0.0,recovery
2026-03-04 08:07:50,0,86.0,True,86.27087654907139,-2.773164425693645,0.0,False,False,0.0,recovery
2026-03-04 08:08:00,0,85.7,True,85.85792368660694,-2.6940761922751384,0.0,False,False,0.0,recovery
2026-03-04 08:08:10,0,86.1,True,85.42129143857697,-2.6175720861405796,0.0,False,False,0.0,recovery
2026-03-04 08:08:20,0,84.6,True,84.93820776364315,-2.488044280077047,0.0,False,False,0.0,recovery
2026-03-04 08:08:30,0,83.6,True,84.51149204931652,-2.291047663550148,0.0,False,False,0.0,recovery
2026-03-04 08:08:40,0,84.2,True,84.13669167654263,-2.0008923242815846,0.0,False,False,0.0,recovery
2026-03-04 08:08:50,0,83.6,True,83.85133991652584,-1.672790467631355,2.0,False,False,0.0,recovery
2026-03-04 08:09:00,0,83.2,True,83.60787814259669,-1.4092013079672931,3.0,False,False,0.0,recovery
2026-03-04 08:09:10,2,83.3,True,83.41572939243365,-1.251907604392995,3.0,False,False,0.0,recovery
2026-03-04 08:09:20,1,83.3,True,83.24286887434288,-1.206836596788939,3.0,False,False,0.0,recovery
2026-03-04 08:09:30,0,82.9,True,83.0604865019759,-1.2593335934115895,3.0,False,False,0.0,recovery
2026-03-04 08:09:40,0,84.3,True,82.83818521327159,-1.4038623794123457,3.0,False,False,0.0,recovery
2026-03-04 08:09:50,0,82.9,True,82.60558146011253,-1.6109396572199086,1.0,False,False,0.0,recovery
2026-03-04 08:10:00,0,82.6,True,82.32390795030555,-1.7793640207545796,0.0,False,False,0.0,recovery
2026-03-04 08:10:10,0,82.3,True,81.99621909888283,-1.876491911557857,0.0,False,False,0.0,recovery
2026-03-04 08:10:20,0,79.3,True,81.6179000972739,-1.9327970257160012,0.0,False,False,0.0,recovery
2026-03-04 08:10:30,0,81.2,True,81.3092311118773,-1.8612349774934607,0.0,False,False,0.0,recovery
2026-03-04 08:10:40,0,81.8,True,81.01876731179357,-1.6570216159960094,0.0,False,False,0.0,recovery
2026-03-04 08:10:50,0,80.0,True,80.69809806367542,-1.364692809545489,0.0,False,False,0.0,recovery
2026-03-04 08:11:00,0,79.9,True,80.4937784928365,-1.124812804685867,0.0,False,False,0.0,recovery
2026-03-04 08:11:10,0,80.1,True,80.37175533747032,-0.9866873148929176,0.0,False,False,0.0,recovery
2026-03-04 08:11:20,0,82.6,True,80.2950247383492,-0.9058668537725683,0.0,False,False,0.0,recovery
2026-03-04 08:11:30,0,80.7,True,80.15079826228627,-0.9081670587571479,0.0,False,False,0.0,recovery
2026-03-04 08:11:40,0,79.5,True,79.91503816327105,-0.9011141544869554,0.0,False,False,0.0,recovery
2026-03-04 08:11:50,0,79.3,True,79.74845109146767,-0.8371040854883839,0.0,False,False,0.0,recovery
2026-03-04 08:12:00,0,79.5,True,79.6232725349089,-0.7233256497854788,1.0,False,False,0.0,recovery
2026-03-04 08:12:10,0,78.7,True,79.55197273416827,-0.676530060475379,1.0,False,False,0.0,recovery
2026-03-04 08:12:20,1,79.8,True,79.48933505578903,-0.8496323383873485,1.0,False,False,0.0,recovery
2026-03-04 08:12:30,0,80.0,True,79.37491988670794,-1.0607685774591005,1.0,False,False,0.0,recovery
2026-03-04 08:12:40,0,81.1,True,79.15632469874484,-1.1915567222978285,1.0,False,False,0.0,recovery
2026-03-04 08:12:50,0,77.9,True,78.79711696057255,-1.2352233684719003,1.0,False,False,0.0,recovery
2026-03-04 08:13:00,0,77.7,True,78.587428715829,-1.2490462903436461,0.0,False,False,0.0,recovery
2026-03-04 08:13:10,0,79.1,True,78.49231192372362,-1.3103293082250325,0.0,False,False,0.0,recovery
2026-03-04 08:13:20,0,78.8,True,78.34591378557217,-1.536429115572482,0.0,False,False,0.0,recovery
2026-03-04 08:13:30,0,79.2,True,78.07383461168274,-1.8900290136105529,0.0,False,False,0.0,recovery
2026-03-04 08:13:40,0,78.5,True,77.68072787307376,-2.187205175821797,0.0,False,False,0.0,recovery
2026-03-04 08:13:50,0,76.3,True,77.15107577997708,-2.216772676860471,0.0,False,False,0.0,recovery
2026-03-04 08:14:00,0,75.4,True,76.7632696502099,-1.9658022907092143,0.0,False,False,0.0,recovery
2026-03-04 08:14:10,0,77.0,True,76.45267512881104,-1.5210370482475712,0.0,False,False,0.0,recovery
2026-03-04 08:14:20,0,75.6,True,76.28419312888067,-1.0940636947795557,0.0,False,False,0.0,recovery
2026-03-04 08:14:30,0,75.9,True,76.17974331709708,-0.9315771475843123,0.0,False,False,0.0,recovery
2026-03-04 08:14:40,0,76.7,True,76.12191739149632,-0.9564963154626277,0.0,False,False,0.0,recovery
2026-03-04 08:14:50,0,76.7,True,75.96774436447829,-1.1158315359180364,2.0,False,False,0.0,recovery
2026-03-04 08:15:00,0,75.3,True,75.69152873153996,-1.3039958218835745,2.0,False,False,0.0,recovery
2026-03-04 08:15:10,2,75.6,True,75.43056788719161,-1.4559213162582645,2.0,False,False,0.0,recovery
2026-03-04 08:15:20,0,75.2,True,75.1913683573752,-1.4897860776283622,2.0,False,False,0.0,recovery
2026-03-04 08:15:30,0,75.0,True,74.95073022045464,-1.4005199471745955,2.0,False,False,0.0,recovery
2026-03-04 08:15:40,0,74.6,True,74.70188045360986,-1.2589595222022858,2.0,False,False,0.0,recovery
2026-03-04 08:15:50,0,73.2,True,74.47001076236671,-1.098654255692249,0.0,False,False,0.0,recovery
2026-03-04 08:16:00,0,74.0,True,74.31647619818467,-0.9536008889404302,0.0,False,False,0.0,recovery
2026-03-04 08:16:10,0,75.6,True,74.21568766703342,-0.8817667179643753,0.0,False,False,0.0,recovery
2026-03-04 08:16:20,0,74.3,True,74.10084708038772,-0.8926079523633189,0.0,False,False,0.0,recovery
2026-03-04 08:16:30,0,74.3,True,73.95281434047331,-0.966502893108512,0.0,False,False,0.0,recovery
2026-03-04 08:16:40,0,73.4,True,73.74691732397112,-0.9550530779432064,0.0,False,False,0.0,recovery
2026-03-04 08:16:50,0,73.7,True,73.5488398614641,-0.74920734719699,0.0,False,False,0.0,recovery
2026-03-04 08:17:00,0,72.3,True,73.37556904253444,-0.4646580790788301,0.0,False,False,0.0,recovery
2026-03-04 08:17:10,0,72.5,True,73.3482263973605,-0.24683753842617567,0.0,False,False,0.0,recovery
2026-03-04 08:17:20,0,74.6,True,73.46225481841331,-0.2201565875111972,0.0,False,False,0.0,recovery
2026-03-04 08:17:30,0,74.0,True,73.48665904253501,-0.41231125832426935,0.0,False,False,0.0,recovery
2026-03-04 08:17:40,0,74.3,True,73.37550644041254,-0.7446130436199402,0.0,False,False,0.0,recovery
2026-03-04 08:17:50,0,73.5,True,73.16027157835882,-1.0438741457093916,0.0,False,False,0.0,recovery
2026-03-04 08:18:00,0,72.3,True,72.88841531269821,-1.1385428435123037,0.0,False,False,0.0,recovery
2026-03-04 08:18:10,0,72.5,True,72.68129493248732,-0.9801115390434386,0.0,False,False,0.0,recovery
2026-03-04 08:18:20,0,72.3,True,72.53772370769097,-0.6028893006056013,0.0,False,False,0.0,recovery
2026-03-04 08:18:30,0,71.7,True,72.43377310084311,-0.07614861226868117,0.0,False,False,0.0,recovery
2026-03-04 08:18:40,0,70.4,True,72.45211801080244,0.33790064069012965,0.0,False,False,0.0,recovery
2026-03-04 08:18:50,0,71.9,True,72.59581592256217,0.5154095242401686,0.0,False,False,0.0,recovery
2026-03-04 08:19:00,0,74.0,True,72.85548315474891,0.4681057094492998,0.0,False,False,0.0,recovery
2026-03-04 08:19:10,0,73.9,True,72.94106424606046,0.23810522718570692,0.0,False,False,0.0,recovery
2026-03-04 08:19:20,0,73.0,True,72.86682271171543,-0.06649676483263027,0.0,False,False,0.0,recovery
2026-03-04 08:19:30,0,72.2,True,72.7703849626563,-0.3178958367039966,0.0,False,False,0.0,recovery
2026-03-04 08:19:40,0,72.6,True,72.7023447073732,-0.3651346908831544,0.0,False,False,0.0,recovery
2026-03-04 08:19:50,0,73.5,True,72.65136190331897,-0.28751504116187726,0.0,False,False,0.0,recovery
2026-03-04 08:20:00,0,71.9,True,72.60893941648457,-0.19352885068184827,0.0,False,False,0.0,baseline
2026-03-04 08:20:10,0,72.5,True,72.58467349906427,-0.09965461150592138,1.0,False,False,0.0,baseline
2026-03-04 08:20:20,0,73.0,True,72.57451983148799,0.056181954323791854,1.0,False,False,0.0,baseline
2026-03-04 08:20:30,1,72.4,True,72.57678613582638,0.32495360777891136,1.0,False,False,0.0,baseline
2026-03-04 08:20:40,0,71.2,True,72.60851679613583,0.5728841958638738,1.0,False,False,0.0,baseline
2026-03-04 08:20:50,0,72.0,True,72.74166692246791,0.7162954832595054,1.0,False,False,0.0,baseline
2026-03-04 08:21:00,0,73.7,True,72.99842820254464,0.6969464940555389,1.0,False,False,0.0,baseline
2026-03-04 08:21:10,0,75.4,True,73.13826084971215,0.5258981110037027,0.0,False,False,0.0,baseline
2026-03-04 08:21:20,0,73.7,True,73.18447030516502,0.22821369883345277,0.0,False,False,0.0,baseline
2026-03-04 08:21:30,0,73.2,True,73.14475814481204,-0.12786366829310952,0.0,False,False,0.0,baseline
2026-03-04 08:21:40,0,72.7,True,73.09583900859441,-0.43382307537327186,0.0,False,False,0.0,baseline
2026-03-04 08:21:50,0,73.9,True,73.02955970714251,-0.7120863283489709,0.0,False,False,0.0,baseline
2026-03-04 08:22:00,0,73.4,True,72.90154035688103,-0.9876020646209146,0.0,False,False,0.0,baseline
2026-03-04 08:22:10,0,72.7,True,72.69044439943305,-1.2241467164249094,0.0,False,False,0.0,baseline
2026-03-04 08:22:20,0,72.9,True,72.44442250855722,-1.375430106680659,0.0,False,False,0.0,baseline
2026-03-04 08:22:30,0,71.6,True,72.1558043691076,-1.4309518480498329,0.0,False,False,0.0,baseline
2026-03-04 08:22:40,0,71.8,True,71.92648695784257,-1.4213941355225237,0.0,False,False,0.0,baseline
2026-03-04 08:22:50,0,72.3,True,71.71825070621797,-1.3773068741537056,0.0,False,False,0.0,baseline
2026-03-04 08:23:00,0,71.6,True,71.49638957229637,-1.302056472762866,0.0,False,False,0.0,baseline
2026-03-04 08:23:10,0,71.1,True,71.25726003375749,-1.175958340642015,0.0,False,False,0.0,baseline
2026-03-04 08:23:20,0,70.2,True,71.04434050084485,-0.8994246938662501,0.0,False,False,0.0,baseline
2026-03-04 08:23:30,0,70.8,True,70.8721443847397,-0.41565230559198896,0.0,False,False,0.0,baseline
2026-03-04 08:23:40,0,69.9,True,70.81197233275782,0.11670184127409489,0.0,False,False,0.0,baseline
2026-03-04 08:23:50,0,69.8,True,70.90379566956891,0.5685062950192079,0.0,False,False,0.0,baseline
2026-03-04 08:24:00,0,72.0,True,71.16291828464148,0.8686332265056292,0.0,False,False,0.0,baseline
2026-03-04 08:24:10,0,71.6,True,71.34919394715429,0.8635323624096718,0.0,False,False,0.0,baseline
2026-03-04 08:24:20,0,71.6,True,71.49366860085948,0.502353558715342,0.0,False,False,0.0,baseline
2026-03-04 08:24:30,0,73.7,True,71.62042135470791,-0.04295679471688942,0.0,False,False,0.0,baseline
2026-03-04 08:24:40,0,72.7,True,71.567244334341,-0.5811408996495385,0.0,False,False,0.0,baseline
2026-03-04 08:24:50,0,71.3,True,71.32527470303091,-1.0590389640475686,0.0,False,False,0.0,baseline
2026-03-04 08:25:00,0,70.8,True,71.08751752222598,-1.4420149510249403,0.0,False,False,0.0,baseline
2026-03-04 08:25:10,0,72.2,True,70.81434659512537,-1.6974696203159834,0.0,False,False,0.0,baseline
2026-03-04 08:25:20,0,70.7,True,70.54356676721233,-1.917978750135866,0.0,False,False,0.0,baseline
2026-03-04 08:25:30,0,70.8,True,70.230048067168,-2.1902938621212398,0.0,False,False,0.0,baseline
2026-03-04 08:25:40,0,70.3,True,69.83820404498499,-2.395515093983953,0.0,False,False,0.0,baseline
2026-03-04 08:25:50,0,69.5,True,69.36939403029949,-2.4785602700820784,0.0,False,False,0.0,baseline
2026-03-04 08:26:00,0,68.3,True,68.87881635399722,-2.3675559673843476,0.0,False,False,0.0,baseline
2026-03-04 08:26:10,0,68.0,True,68.48470807002782,-2.0725728973459017,0.0,False,False,0.0,baseline
2026-03-04 08:26:20,0,67.0,True,68.17138446439638,-1.6730186435317602,0.0,False,False,0.0,baseline
2026-03-04 08:26:30,0,67.6,True,67.953291602831,-1.2844436874490837,0.0,False,False,0.0,baseline
2026-03-04 08:26:40,0,67.6,True,67.79408067507077,-0.9849426792745721,0.0,False,False,0.0,baseline
2026-03-04 08:26:50,0,69.5,True,67.66721652648901,-0.7174559271696193,0.0,False,False,0.0,baseline
2026-03-04 08:27:00,0,66.9,True,67.55155513232208,-0.49097373435482466,0.0,False,False,0.0,baseline
2026-03-04 08:27:10,0,67.4,True,67.46115292687549,-0.2963204972658125,0.0,False,False,0.0,baseline
2026-03-04 08:27:20,0,66.3,True,67.46427620924146,-0.13319686686394247,0.0,False,False,0.0,baseline
2026-03-04 08:27:30,0,67.5,True,67.47811219314768,-0.02084414284413424,0.0,False,False,0.0,baseline
2026-03-04 08:27:40,0,67.6,True,67.48830020924518,0.06660598593976219,0.0,False,False,0.0,baseline
2026-03-04 08:27:50,0,67.0,True,67.49653826021688,0.11872854095172453,0.0,False,False,0.0,baseline
2026-03-04 08:28:00,0,69.2,True,67.48753268789139,0.19421061469373965,0.0,False,False,0.0,baseline
2026-03-04 08:28:10,0,67.1,True,67.54311589688112,0.23063255278947686,0.0,False,False,0.0,baseline
2026-03-04 08:28:20,0,67.5,True,67.60588508868436,0.17335039254061865,0.0,False,False,0.0,baseline
2026-03-04 08:28:30,0,68.2,True,67.68630179526832,-0.02289717847525872,0.0,False,False,0.0,baseline
2026-03-04 08:28:40,0,68.3,True,67.681102134397,-0.2551038030465209,0.0,False,False,0.0,baseline
2026-03-04 08:28:50,0,68.2,True,67.58941949592517,-0.38697058526837574,0.0,False,False,0.0,baseline
2026-03-04 08:29:00,0,66.7,True,67.39597344010754,-0.39047532217780073,0.0,False,False,0.0,baseline
2026-03-04 08:29:10,0,66.7,True,67.31852295764115,-0.24834499373589514,0.0,False,False,0.0,baseline
2026-03-04 08:29:20,0,67.4,True,67.34415963478162,-0.03331978329757816,0.0,False,False,0.0,baseline
2026-03-04 08:29:30,0,67.2,True,67.39382291771902,0.14758070135306534,0.0,False,False,0.0,baseline
2026-03-04 08:29:40,0,67.5,True,67.44245668694292,0.16379225527686114,1.0,False,False,0.0,baseline
2026-03-04 08:29:50,0,67.7,True,67.48149990399064,0.08587394698491123,1.0,False,False,0.0,baseline
2026-03-04 08:30:00,1,67.7,True,67.48412643837013,0.025839391761883528,1.0,False,False,0.0,baseline
2026-03-04 08:30:10,0,67.4,True,67.4507740458113,0.04153997326108781,1.0,False,False,0.0,baseline
2026-03-04 08:30:20,0,67.1,True,67.42588399422102,0.18202102649428903,1.0,False,False,0.0,baseline
2026-03-04 08:30:30,0,66.8,True,67.45530794166757,0.3492674889051274,1.0,False,False,0.0,baseline
2026-03-04 08:30:40,0,68.3,True,67.54394987939204,0.4925823423239718,0.0,False,False,0.0,baseline
2026-03-04 08:30:50,0,67.0,True,67.72325013034852,0.5215656813682513,0.0,False,False,0.0,baseline
2026-03-04 08:31:00,0,68.3,True,67.80642540302975,0.4339052054024998,0.0,False,False,0.0,baseline
2026-03-04 08:31:10,0,67.9,True,67.87400490954926,0.33284797795622967,0.0,False,False,0.0,baseline
2026-03-04 08:31:20,0,68.5,True,67.87058523432697,0.32655112778839096,2.0,False,False,0.0,baseline
2026-03-04 08:31:30,0,67.3,True,67.86226309815918,0.4532508941567208,3.0,False,False,0.0,baseline
2026-03-04 08:31:40,2,67.3,True,67.94765147835125,0.623349619075004,3.0,False,False,0.0,baseline
2026-03-04 08:31:50,1,68.3,True,68.14098177160184,0.8151970900296068,4.0,False,False,0.0,baseline
2026-03-04 08:32:00,0,68.8,True,68.30780902678607,1.0036250283701094,4.0,False,False,0.0,baseline
2026-03-04 08:32:10,1,68.4,True,68.45927111976799,1.2128952333437457,4.0,False,False,0.0,baseline
2026-03-04 08:32:20,0,68.1,True,68.62061173271123,1.4243146438746914,2.0,False,False,0.0,baseline
2026-03-04 08:32:30,0,67.7,True,68.868720967773,1.6838341140990447,1.0,False,False,0.0,baseline
2026-03-04 08:32:40,0,69.5,True,69.24495036413028,1.9275640319113412,1.0,False,False,0.0,baseline
2026-03-04 08:32:50,0,69.4,True,69.59533815450925,2.038983193137453,0.0,False,False,0.0,baseline
2026-03-04 08:33:00,0,70.0,True,69.96161563730642,1.883090029410296,0.0,False,False,0.0,baseline
2026-03-04 08:33:10,0,71.7,True,70.32149572632133,1.4624737753467798,0.0,False,False,0.0,baseline
2026-03-04 08:33:20,0,70.9,True,70.5849584363898,0.8570317219363226,0.0,False,False,0.0,baseline
2026-03-04 08:33:30,0,71.9,True,70.66258088585656,0.19085686027717427,0.0,False,False,0.0,baseline
2026-03-04 08:33:40,0,71.5,True,70.60063348296607,-0.3542228103833899,0.0,False,False,0.0,baseline
2026-03-04 08:33:50,0,70.2,True,70.38879166056994,-0.6404824732507006,0.0,False,False,0.0,baseline
2026-03-04 08:34:00,0,69.7,True,70.20841511493545,-0.626346357850254,0.0,False,False,0.0,baseline
2026-03-04 08:34:10,0,69.7,True,70.11277442179019,-0.4308870163772151,0.0,False,False,0.0,baseline
2026-03-04 08:34:20,0,69.7,True,70.08592946560996,-0.1679564633479793,0.0,False,False,0.0,baseline
2026-03-04 08:34:30,0,70.7,True,70.1234060870314,0.024124202932795137,0.0,False,False,0.0,baseline
2026-03-04 08:34:40,0,70.2,True,70.1481170562914,0.1309398554166641,0.0,False,False,0.0,baseline
2026-03-04 08:34:50,0,68.3,True,70.16418086826663,0.13815024570808443,0.0,False,False,0.0,baseline
2026-03-04 08:35:00,0,70.1,True,70.19094149161961,0.0469571055222893,0.0,False,False,0.0,baseline
2026-03-04 08:35:10,0,70.6,True,70.23285903024252,-0.03998127898120218,0.0,False,False,0.0,baseline
2026-03-04 08:35:20,0,70.7,True,70.21358640723919,-0.08715463855296646,0.0,False,False,0.0,baseline
2026-03-04 08:35:30,0,69.8,True,70.12991151877571,-0.013139485502581084,0.0,False,False,0.0,baseline
2026-03-04 08:35:40,0,69.2,True,70.10122188344153,0.23368575329739533,0.0,False,False,0.0,baseline
2026-03-04 08:35:50,0,70.9,True,70.12273589534759,0.7158871890755163,0.0,False,False,0.0,baseline
2026-03-04 08:36:00,0,69.3,True,70.28137255647825,1.3388317277948083,0.0,False,False,0.0,baseline
2026-03-04 08:36:10,0,69.6,True,70.55357131035528,1.8384863163846712,0.0,False,False,0.0,baseline
2026-03-04 08:36:20,0,70.6,True,70.98469861595818,2.0981267196100912,0.0,False,False,0.0,baseline
2026-03-04 08:36:30,0,72.5,True,71.47994235755411,2.0253120522943515,0.0,False,False,0.0,baseline
2026-03-04 08:36:40,0,72.4,True,71.82184315874238,1.6293351079800715,0.0,False,False,0.0,baseline
2026-03-04 08:36:50,0,73.0,True,72.05071781972106,0.9763425864244017,0.0,False,False,0.0,baseline
2026-03-04 08:37:00,0,72.8,True,72.1547121173199,0.2575024007013829,0.0,False,False,0.0,baseline
2026-03-04 08:37:10,0,73.7,True,72.11782510113873,-0.3077064325237688,0.0,False,False,0.0,baseline
2026-03-04 08:37:20,0,72.3,True,71.96724226848069,-0.6884853854552486,0.0,False,False,0.0,baseline
2026-03-04 08:37:30,0,71.1,True,71.76119981390275,-0.8732976169149748,2.0,False,False,0.0,baseline
2026-03-04 08:37:40,0,71.5,True,71.59869066164194,-0.8036594511938501,2.0,False,False,0.0,baseline
2026-03-04 08:37:50,2,71.4,True,71.46929661965478,-0.4893930987669334,2.0,False,False,0.0,baseline
2026-03-04 08:38:00,0,70.0,True,71.35145201427675,-0.05669226280115575,2.0,False,False,0.0,baseline
2026-03-04 08:38:10,0,70.5,True,71.37551607794484,0.34513129126920383,2.0,False,False,0.0,baseline
2026-03-04 08:38:20,0,71.4,True,71.54549948793705,0.6651910129320598,2.0,False,False,0.0,baseline
2026-03-04 08:38:30,0,72.0,True,71.73973281258544,0.8389730462740822,0.0,False,False,0.0,baseline
2026-03-04 08:38:40,0,72.7,True,71.89058827266474,0.8097267778046533,0.0,False,False,0.0,baseline
2026-03-04 08:38:50,0,72.0,True,72.02320844485482,0.6475778294455407,0.0,False,False,0.0,baseline
2026-03-04 08:39:00,0,72.3,True,72.10969669118735,0.46478709075592783,0.0,False,False,0.0,baseline
2026-03-04 08:39:10,0,73.3,True,72.16446771938445,0.33803229576374616,0.0,False,False,0.0,baseline
2026-03-04 08:39:20,0,72.3,True,72.1966500341456,0.28904478816077783,0.0,False,False,0.0,baseline
2026-03-04 08:39:30,0,71.8,True,72.21160735459769,0.3203742690608098,0.0,False,False,0.0,baseline
2026-03-04 08:39:40,0,72.0,True,72.26183256748271,0.4158137471852805,0.0,False,False,0.0,baseline
2026-03-04 08:39:50,0,72.3,True,72.35569654161485,0.537698373650186,0.0,False,False,0.0,baseline
2026-03-04 08:40:00,0,72.7,True,72.45884327268278,0.6634851100091946,0.0,False,False,0.0,baseline
2026-03-04 08:40:10,0,72.1,True,72.58846388253119,0.7069955551792757,0.0,False,False,0.0,baseline
2026-03-04 08:40:20,0,72.6,True,72.71616180613479,0.6469100214506864,0.0,False,False,0.0,baseline
2026-03-04 08:40:30,0,74.4,True,72.86322003076086,0.4910713960591261,0.0,False,False,0.0,baseline
2026-03-04 08:40:40,0,73.3,True,72.93748159384705,0.24564943191552124,0.0,False,False,0.0,baseline
2026-03-04 08:40:50,0,73.2,True,72.95132342257443,-0.044545245956434935,0.0,False,False,0.0,baseline
2026-03-04 08:41:00,0,73.4,True,72.90705248839754,-0.2957355600592076,0.0,False,False,0.0,baseline
2026-03-04 08:41:10,0,73.0,True,72.81395696895356,-0.4033579913146922,0.0,False,False,0.0,baseline
2026-03-04 08:41:20,0,72.2,True,72.68985427766852,-0.3746353258845136,0.0,False,False,0.0,baseline
2026-03-04 08:41:30,0,72.4,True,72.61406063266155,-0.29049473857792707,0.0,False,False,0.0,baseline
2026-03-04 08:41:40,0,72.1,True,72.60727709309816,-0.2333413696057354,0.0,False,False,0.0,baseline
2026-03-04 08:41:50,0,73.0,True,72.63503973571781,-0.2865068003297206,0.0,False,False,0.0,baseline
2026-03-04 08:42:00,0,73.4,True,72.60197566762375,-0.4981376501562669,0.0,False,False,0.0,baseline
2026-03-04 08:42:10,0,73.0,True,72.50257421080032,-0.7820771559612237,0.0,False,False,0.0,baseline
2026-03-04 08:42:20,0,71.9,True,72.32026845577694,-1.1392199972835209,0.0,False,False,0.0,baseline
2026-03-04 08:42:30,0,72.7,True,72.0746741100497,-1.4005185524387724,0.0,False,False,0.0,baseline
2026-03-04 08:42:40,0,70.6,True,71.85819211599741,-1.5202368663338184,0.0,False,False,0.0,baseline
2026-03-04 08:42:50,0,73.0,True,71.50140880794469,-1.5040422769987656,0.0,False,False,0.0,baseline
2026-03-04 08:43:00,0,70.9,True,71.24486030121606,-1.442092829068252,0.0,False,False,0.0,baseline
2026-03-04 08:43:10,0,70.0,True,71.04578851135678,-1.438349328839585,0.0,False,False,0.0,baseline
2026-03-04 08:43:20,0,71.6,True,70.87101480672362,-1.4600450024651126,0.0,False,False,0.0,baseline
2026-03-04 08:43:30,0,71.2,True,70.64141023654439,-1.6465100812633806,0.0,False,False,0.0,baseline
2026-03-04 08:43:40,0,69.4,True,70.31870737245588,-1.989536364081719,0.0,False,False,0.0,baseline
2026-03-04 08:43:50,0,70.4,True,69.98245573711002,-2.2248663266279465,1.0,False,False,0.0,baseline
2026-03-04 08:44:00,0,71.2,True,69.57661339128248,-2.188150200755002,1.0,False,False,0.0,baseline
2026-03-04 08:44:10,1,67.6,True,69.03353994400202,-1.7768400607221615,1.0,False,False,0.0,baseline
2026-03-04 08:44:20,0,63.2,True,68.72938982072189,-1.0259556450953835,1.0,False,False,0.0,baseline
2026-03-04 08:44:30,0,67.6,True,68.61347133422873,-0.18534955127020297,1.0,False,False,0.0,baseline
2026-03-04 08:44:40,0,67.1,True,68.74979807010703,0.49579352210520056,1.0,False,False,0.0,baseline
2026-03-04 08:44:50,0,70.9,True,69.07775781766983,0.7809974205933855,0.0,False,False,0.0,baseline
2026-03-04 08:45:00,0,70.0,True,69.25201053484426,0.7463675558471546,0.0,False,False,0.0,baseline
2026-03-04 08:45:10,0,69.5,True,69.3015983411594,0.5004179980278429,0.0,False,False,0.0,baseline
2026-03-04 08:45:20,0,69.2,True,69.31811920433444,0.23430001130841976,0.0,False,False,0.0,baseline
2026-03-04 08:45:30,0,69.4,True,69.32099326823187,0.1429463121880381,2.0,False,False,0.0,baseline
2026-03-04 08:45:40,0,67.5,True,69.34403287683462,0.1468455698609043,2.0,False,False,0.0,baseline
2026-03-04 08:45:50,2,69.3,True,69.37441129824312,0.10021908917728056,2.0,False,False,0.0,baseline
2026-03-04 08:46:00,0,69.5,True,69.41719160269214,-0.07613278140535816,2.0,False,False,0.0,baseline
2026-03-04 08:46:10,0,70.8,True,69.44617050758984,-0.3187448774603066,2.0,False,False,0.0,baseline
2026-03-04 08:46:20,0,70.1,True,69.36617783041919,-0.5644811197586287,2.0,False,False,0.0,baseline
2026-03-04 08:46:30,0,68.9,True,69.16388145831839,-0.7221546915405175,0.0,False,False,0.0,baseline
2026-03-04 08:46:40,0,68.9,True,69.00556532927064,-0.7180445214362897,0.0,False,False,0.0,baseline
2026-03-04 08:46:50,0,67.6,True,68.86484342176799,-0.5550370096666757,0.0,False,False,0.0,baseline
2026-03-04 08:47:00,0,68.4,True,68.80159541789334,-0.3202499518891017,0.0,False,False,0.0,baseline
2026-03-04 08:47:10,0,68.8,True,68.80527998366756,-0.11383788609301972,0.0,False,False,0.0,baseline
2026-03-04 08:47:20,0,69.1,True,68.8098445467197,0.07717262725900126,0.0,False,False,0.0,baseline
2026-03-04 08:47:30,0,68.4,True,68.81604986755846,0.20961667372563328,0.0,False,False,0.0,baseline
2026-03-04 08:47:40,0,68.6,True,68.85826349965697,0.2627111181941771,0.0,False,False,0.0,baseline
2026-03-04 08:47:50,0,70.1,True,68.94352104836496,0.27030503474272277,0.0,False,False,0.0,baseline
2026-03-04 08:48:00,0,69.0,True,69.0193654384671,0.19437836184363189,0.0,False,False,0.0,baseline
2026-03-04 08:48:10,0,69.4,True,69.03177073498043,0.0044195111565923165,0.0,False,False,0.0,baseline
2026-03-04 08:48:20,0,69.1,True,69.03280448732383,-0.2990884686233761,0.0,False,False,0.0,baseline
2026-03-04 08:48:30,0,70.3,True,68.97263898755452,-0.6095873836500942,0.0,False,False,0.0,baseline
2026-03-04 08:48:40,0,69.4,True,68.84124665237763,-0.882398481666101,0.0,False,False,0.0,baseline
2026-03-04 08:48:50,0,68.5,True,68.61672875926368,-1.0879902790073954,0.0,False,False,0.0,baseline
2026-03-04 08:49:00,0,68.0,True,68.41166565936032,-1.0963423609451382,0.0,False,False,0.0,baseline
2026-03-04 08:49:10,0,68.5,True,68.19188016935036,-0.8267038839927711,0.0,False,False,0.0,baseline
2026-03-04 08:49:20,0,67.1,True,68.00407470756545,-0.24484938770584408,0.0,False,False,0.0,baseline
2026-03-04 08:49:30,0,66.0,True,67.96694836370811,0.44976830586821687,0.0,False,False,0.0,baseline
2026-03-04 08:49:40,0,66.8,True,68.12431341380213,1.1336330980393647,0.0,False,False,0.0,baseline
2026-03-04 08:49:50,0,68.6,True,68.50239736619649,1.613579597026607,0.0,False,False,0.0,baseline
2026-03-04 08:50:00,0,69.0,True,68.86421421295692,1.7374560288516279,0.0,False,False,0.0,baseline
2026-03-04 08:50:10,0,70.4,True,69.20340009521017,1.5437656083424107,0.0,False,False,0.0,baseline
2026-03-04 08:50:20,0,69.8,True,69.44315265999845,1.1145123130331342,0.0,False,False,0.0,baseline
2026-03-04 08:50:30,0,70.2,True,69.55676400145312,0.7317253556103462,0.0,False,False,0.0,baseline
2026-03-04 08:50:40,0,69.1,True,69.62983600981664,0.3923211955512027,0.0,False,False,0.0,baseline
2026-03-04 08:50:50,0,70.2,True,69.60788068648293,0.2504467585601317,0.0,False,False,0.0,baseline
2026-03-04 08:51:00,0,68.8,True,69.6705721442297,0.38245630513861995,0.0,False,False,0.0,baseline
2026-03-04 08:51:10,0,70.2,True,69.64502562601474,0.8139228549545083,0.0,False,False,0.0,baseline
2026-03-04 08:51:20,0,68.7,True,69.76031671213558,1.4846146425009266,0.0,False,False,0.0,baseline
2026-03-04 08:51:30,0,68.3,True,70.05232725027899,2.1420279180832256,0.0,False,False,0.0,baseline
2026-03-04 08:51:40,0,70.0,True,70.5697256634689,2.6671601323937018,0.0,False,False,0.0,baseline
2026-03-04 08:51:50,0,71.7,True,71.18207835390362,2.8689618925793376,0.0,False,False,0.0,baseline
2026-03-04 08:52:00,0,73.6,True,71.70811076998893,2.784638253909167,0.0,False,False,0.0,baseline
2026-03-04 08:52:10,0,72.4,True,72.11882831440575,2.51799241946197,0.0,False,False,0.0,baseline
2026-03-04 08:52:20,0,72.5,True,72.46601724455684,2.246011988258445,0.0,False,False,0.0,baseline
2026-03-04 08:52:30,0,73.2,True,72.80754238213406,2.044795459859911,0.0,False,False,0.0,baseline
2026-03-04 08:52:40,0,72.8,True,73.15032458340029,1.8986638890570924,0.0,False,False,0.0,baseline
2026-03-04 08:52:50,0,74.2,True,73.48482754856656,1.7796905854780949,0.0,False,False,0.0,baseline
2026-03-04 08:53:00,0,73.9,True,73.75013510516058,1.6073323794788013,0.0,False,False,0.0,baseline
2026-03-04 08:53:10,0,73.7,True,73.99046517928137,1.3742914748212294,0.0,False,False,0.0,baseline
2026-03-04 08:53:20,0,75.4,True,74.24587278328238,1.134584863586265,0.0,False,False,0.0,baseline
2026-03-04 08:53:30,0,74.8,True,74.40892585116379,0.9446900153299785,0.0,False,False,0.0,baseline
2026-03-04 08:53:40,0,73.6,True,74.50679989423915,0.805100645819178,0.0,False,False,0.0,baseline
2026-03-04 08:53:50,0,74.5,True,74.60580725302104,0.7496947172782559,0.0,False,False,0.0,baseline
2026-03-04 08:54:00,0,74.9,True,74.7224491539731,0.8513807654265854,0.0,False,False,0.0,baseline
2026-03-04 08:54:10,0,74.6,True,74.859499247254,1.105677893526979,0.0,False,False,0.0,baseline
2026-03-04 08:54:20,0,74.6,True,75.03979921507724,1.376397527691402,0.0,False,False,0.0,baseline
2026-03-04 08:54:30,0,74.4,True,75.29339905208002,1.5836596069472704,0.0,False,False,0.0,baseline
2026-03-04 08:54:40,0,76.0,True,75.66256539776279,1.7012935254562742,16.0,False,False,0.0,baseline
2026-03-04 08:54:50,0,76.3,True,75.97549264307268,1.8560477934461024,32.0,False,False,0.0,baseline
2026-03-04 08:55:00,16,76.3,True,76.2343353288947,2.2022862174864812,49.0,False,False,0.0,activity
2026-03-04 08:55:10,16,75.2,True,76.48223390286583,2.7762866301555795,65.0,False,False,0.0,activity
2026-03-04 08:55:20,17,75.2,True,76.94383812731459,3.5594300526125298,82.0,False,False,0.0,activity
2026-03-04 08:55:30,16,76.8,True,77.69608203964911,4.385811817171567,100.0,False,False,0.0,activity
2026-03-04 08:55:40,17,78.4,True,78.59767295859182,5.018162217925887,102.0,False,False,0.0,activity
2026-03-04 08:55:50,18,79.5,True,79.53220937063315,5.119015845477389,102.0,False,False,0.0,activity
2026-03-04 08:56:00,18,81.0,True,80.47211401111333,4.5801816377513305,102.0,False,False,0.0,activity
2026-03-04 08:56:10,16,83.2,True,81.32403765344574,3.5011396077457433,104.0,False,False,0.0,activity
2026-03-04 08:56:20,17,84.0,True,81.86330090468576,2.0413351314120805,104.0,False,False,0.0,activity
2026-03-04 08:56:30,18,84.3,True,82.04644764004007,0.47532460555187644,103.0,False,False,0.0,activity
2026-03-04 08:56:40,17,83.4,True,81.90400231540104,-0.9436080098591978,101.0,False,False,0.0,activity
2026-03-04 08:56:50,17,81.8,True,81.51222404332886,-1.9733800554848733,102.0,False,False,0.0,activity
2026-03-04 08:57:00,16,81.5,True,81.07248311181147,-2.6177630627389648,102.0,False,False,0.0,activity
2026-03-04 08:57:10,17,80.3,True,80.56148936559597,-3.0127256280685724,101.0,False,False,0.0,activity
2026-03-04 08:57:20,17,80.5,True,80.06074384697982,-3.3598091314095964,100.0,False,False,0.0,activity
2026-03-04 08:57:30,17,80.1,True,79.52012230286029,-3.7561465376045766,99.0,False,False,0.0,activity
2026-03-04 08:57:40,16,79.8,True,78.88285447588413,-4.121365509590778,100.0,False,False,0.0,activity
2026-03-04 08:57:50,16,78.3,True,78.09272906155532,-4.34847873317543,100.0,False,False,0.0,activity
2026-03-04 08:58:00,17,77.0,True,77.26805849081906,-4.3003384122892925,99.0,False,False,0.0,activity
2026-03-04 08:58:10,17,75.6,True,76.4880643352193,-3.965349731546594,82.0,False,False,0.0,activity
2026-03-04 08:58:20,16,74.9,True,75.8560809021561,-3.459109815585453,66.0,False,False,0.0,activity
2026-03-04 08:58:30,0,73.0,True,75.3834442861189,-3.0079596307933,50.0,False,False,0.0,baseline
2026-03-04 08:58:40,0,75.3,True,74.99138171776818,-2.7188503368476336,33.0,False,False,0.0,baseline
2026-03-04 08:58:50,0,75.0,True,74.59788276904548,-2.525739908567028,16.0,False,False,0.0,baseline
2026-03-04 08:59:00,0,74.2,True,74.13736428183037,-2.3000147031428253,0.0,False,False,0.0,baseline
2026-03-04 08:59:10,0,72.7,True,73.66640650825364,-1.921910995861453,0.0,False,False,0.0,baseline
2026-03-04 08:59:20,0,71.3,True,73.35651648605253,-1.3355543593188788,0.0,False,False,0.0,baseline
2026-03-04 08:59:30,0,72.4,True,73.20604587819348,-0.6717901159961032,0.0,False,False,0.0,baseline
2026-03-04 08:59:40,0,73.5,True,73.18991625003335,-0.1557051777202735,0.0,False,False,0.0,baseline
2026-03-04 08:59:50,0,72.4,True,73.30543933021211,0.02014318331647258,0.0,False,False,0.0,baseline
2026-03-04 09:00:00,0,74.0,True,73.38853563209288,-0.17922268699877225,0.0,False,False,0.0,baseline
2026-03-04 09:00:10,0,74.6,True,73.36972120598914,-0.5727447194328492,0.0,False,False,0.0,baseline
2026-03-04 09:00:20,0,74.2,True,73.21252698088357,-1.008152776534293,0.0,False,False,0.0,baseline
2026-03-04 09:00:30,0,70.7,True,72.8907539192586,-1.3365862963914426,0.0,False,False,0.0,baseline
2026-03-04 09:00:40,0,72.5,True,72.6341065108434,-1.480641341837634,0.0,False,False,0.0,baseline
2026-03-04 09:00:50,0,72.9,True,72.39981018756875,-1.4500413728281716,0.0,False,False,0.0,baseline
2026-03-04 09:01:00,0,71.9,True,72.14881556222221,-1.2468292516710153,0.0,False,False,0.0,baseline
2026-03-04 09:01:10,0,71.0,True,71.93929019724604,-1.0121362915066325,0.0,False,False,0.0,baseline
2026-03-04 09:01:20,0,71.8,True,71.75297986514421,-0.7354184275457207,0.0,False,False,0.0,baseline
2026-03-04 09:01:30,0,70.6,True,71.69216617723308,-0.44555601579479215,0.0,False,False,0.0,baseline
2026-03-04 09:01:40,0,71.5,True,71.66338018552744,-0.20138151143822436,0.0,False,False,0.0,baseline
2026-03-04 09:01:50,0,72.4,True,71.66182422474304,0.01637226482150339,0.0,False,False,0.0,baseline
2026-03-04 09:02:00,0,71.6,True,71.67057230141582,0.21542618045627113,0.0,False,False,0.0,baseline
2026-03-04 09:02:10,0,70.8,True,71.69108242832455,0.49681303092901247,0.0,False,False,0.0,baseline
2026-03-04 09:02:20,0,71.3,True,71.77677295995403,0.7752877675089906,0.0,False,False,0.0,baseline
2026-03-04 09:02:30,0,71.3,True,71.94192565157586,0.9508342748642854,0.0,False,False,0.0,baseline
2026-03-04 09:02:40,0,72.6,True,72.21406595179366,0.9491388756493653,0.0,False,False,0.0,baseline
2026-03-04 09:02:50,0,73.1,True,72.42188391064373,0.7627761461855381,0.0,False,False,0.0,baseline
2026-03-04 09:03:00,0,74.3,True,72.51668252126774,0.43568563156216733,0.0,False,False,0.0,baseline
2026-03-04 09:03:10,0,71.9,True,72.51426155210305,0.006209388865847734,0.0,False,False,0.0,baseline
2026-03-04 09:03:20,0,72.7,True,72.48088417495552,-0.443660527114712,0.0,False,False,0.0,baseline
2026-03-04 09:03:30,0,73.7,True,72.41098749363391,-0.7996167214238914,0.0,False,False,0.0,baseline
2026-03-04 09:03:40,0,73.0,True,72.24292206125129,-1.04241379787514,0.0,False,False,0.0,baseline
2026-03-04 09:03:50,0,71.5,True,71.94867697241055,-1.2018036501626992,2.0,False,False,0.0,baseline
2026-03-04 09:04:00,0,70.6,True,71.72921137897157,-1.2900655393821363,2.0,False,False,0.0,baseline
2026-03-04 09:04:10,2,71.6,True,71.54794768202784,-1.2397669232605,2.0,False,False,0.0,baseline
2026-03-04 09:04:20,0,73.9,True,71.35800859875542,-1.078238984825119,2.0,False,False,0.0,baseline
2026-03-04 09:04:30,0,70.6,True,71.12773761527555,-0.8999889724320024,2.0,False,False,0.0,baseline
2026-03-04 09:04:40,0,69.9,True,70.98542290100826,-0.6895942649680035,2.0,False,False,0.0,baseline
2026-03-04 09:04:50,0,70.8,True,70.90734533690903,-0.42984622071294337,0.0,False,False,0.0,baseline
2026-03-04 09:05:00,0,70.6,True,70.88049199562796,-0.22745349895763384,0.0,False,False,0.0,baseline
2026-03-04 09:05:10,0,71.4,True,70.86705398695156,-0.21654112226667832,0.0,False,False,0.0,baseline
2026-03-04 09:05:20,0,69.7,True,70.8981249761004,-0.4238617897630216,0.0,False,False,0.0,baseline
2026-03-04 09:05:30,0,71.5,True,70.84555012793265,-0.698254660315097,0.0,False,False,0.0,baseline
2026-03-04 09:05:40,0,72.2,True,70.68390030108701,-0.9175947361577785,0.0,False,False,0.0,baseline
2026-03-04 09:05:50,0,69.3,True,70.38623385775585,-1.0220101251696019,0.0,False,False,0.0,baseline
2026-03-04 09:06:00,0,69.8,True,70.186273057384,-0.9610462493287261,0.0,False,False,0.0,baseline
2026-03-04 09:06:10,0,69.7,True,70.06735776657614,-0.878113891233098,0.0,False,False,0.0,baseline
2026-03-04 09:06:20,0,71.4,True,69.99300210353096,-0.8629624197715375,0.0,False,False,0.0,baseline
2026-03-04 09:06:30,0,70.0,True,69.9174801244076,-0.920209446843303,0.0,False,False,0.0,baseline
2026-03-04 09:06:40,0,70.8,True,69.69487149935217,-0.9272532864841768,0.0,False,False,0.0,baseline
2026-03-04 09:06:50,0,67.6,True,69.42140812418877,-0.867410769110497,0.0,False,False,0.0,baseline
2026-03-04 09:07:00,0,68.6,True,69.28484610305684,-0.7378509989695023,0.0,False,False,0.0,baseline
2026-03-04 09:07:10,0,71.3,True,69.26242509910102,-0.5241235381805448,0.0,False,False,0.0,baseline
2026-03-04 09:07:20,0,69.4,True,69.21707494499537,-0.3370357147073805,0.0,False,False,0.0,baseline
2026-03-04 09:07:30,0,67.8,True,69.1412372817223,-0.24540622463781372,0.0,False,False,0.0,baseline
2026-03-04 09:07:40,0,69.0,True,69.08893916540293,-0.17324920057929924,0.0,False,False,0.0,baseline
2026-03-04 09:07:50,0,68.9,True,69.06813090998405,-0.037109900426855816,0.0,False,False,0.0,baseline
2026-03-04 09:08:00,0,66.3,True,69.07534447289584,0.1535587020354084,0.0,False,False,0.0,baseline
2026-03-04 09:08:10,0,68.9,True,69.11178211462358,0.3483918500750148,0.0,False,False,0.0,baseline
2026-03-04 09:08:20,0,69.2,True,69.18351677545525,0.4834331636033317,0.0,False,False,0.0,baseline
2026-03-04 09:08:30,0,68.4,True,69.30250423219613,0.5276180996369887,0.0,False,False,0.0,baseline
2026-03-04 09:08:40,0,69.8,True,69.43857572763635,0.44545367132445357,0.0,False,False,0.0,baseline
2026-03-04 09:08:50,0,70.4,True,69.51440984434929,0.2839600929945806,0.0,False,False,0.0,baseline
2026-03-04 09:09:00,0,69.2,True,69.54264560178711,0.09479319683048139,0.0,False,False,0.0,baseline
2026-03-04 09:09:10,0,70.0,True,69.49465562618946,-0.057146261766621215,0.0,False,False,0.0,baseline
2026-03-04 09:09:20,0,69.4,True,69.46244158829003,-0.1364672401819642,0.0,False,False,0.0,baseline
2026-03-04 09:09:30,0,67.8,True,69.44063448177228,-0.17067561577047888,0.0,False,False,0.0,baseline
2026-03-04 09:09:40,0,69.5,True,69.42559978888322,-0.1904727844635775,0.0,False,False,0.0,baseline
2026-03-04 09:09:50,0,69.7,True,69.39816506080803,-0.20987256009106145,2.0,False,False,0.0,baseline
2026-03-04 09:10:00,0,69.5,True,69.35375784286751,-0.19282252430513527,2.0,False,False,0.0,baseline
2026-03-04 09:10:10,2,68.6,True,69.28497693207157,-0.14362386161766683,2.0,False,False,0.0,baseline
2026-03-04 09:10:20,0,69.0,True,69.26369217662089,-0.06479108062836986,2.0,False,False,0.0,baseline
2026-03-04 09:10:30,0,69.3,True,69.28635611727368,0.028243186922867366,2.0,False,False,0.0,baseline
2026-03-04 09:10:40,0,70.8,True,69.30674607747208,0.11527036658030833,3.0,False,False,0.0,baseline
2026-03-04 09:10:50,0,69.3,True,69.32826038391583,0.21079498828686244,1.0,False,False,0.0,baseline
2026-03-04 09:11:00,1,69.3,True,69.35448475434553,0.3807378223269674,1.0,False,False,0.0,baseline
2026-03-04 09:11:10,0,68.9,True,69.38978991716615,0.6248512458025374,1.0,False,False,0.0,baseline
2026-03-04 09:11:20,0,68.4,True,69.5067267328478,0.8588208292928392,1.0,False,False,0.0,baseline
2026-03-04 09:11:30,0,70.3,True,69.72478467067074,0.9894986462367273,1.0,False,False,0.0,baseline
2026-03-04 09:11:40,0,69.6,True,69.96364005360547,0.945807189934373,0.0,False,False,0.0,baseline
2026-03-04 09:11:50,0,70.7,True,70.14643544547445,0.6811788367163365,0.0,False,False,0.0,baseline
2026-03-04 09:12:00,0,70.8,True,70.23697007825582,0.27650886104626343,0.0,False,False,0.0,baseline
2026-03-04 09:12:10,0,72.9,True,70.2336663907465,-0.09636201873513185,0.0,False,False,0.0,baseline
2026-03-04 09:12:20,0,70.3,True,70.13597376836161,-0.331721806400943,1.0,False,False,0.0,baseline
2026-03-04 09:12:30,0,69.7,True,70.01094344070363,-0.483082847514508,1.0,False,False,0.0,baseline
2026-03-04 09:12:40,1,69.6,True,69.93773701982958,-0.6399576965471445,1.0,False,False,0.0,baseline
2026-03-04 09:12:50,0,70.5,True,69.9041534355938,-0.6892064473852398,1.0,False,False,0.0,baseline
2026-03-04 09:13:00,0,71.3,True,69.77126209062365,-0.58546579659704,1.0,False,False,0.0,baseline
2026-03-04 09:13:10,0,68.4,True,69.51691442742411,-0.2721599214321476,1.0,False,False,0.0,baseline
2026-03-04 09:13:20,0,68.4,True,69.44871916879525,0.22078596682740015,0.0,False,False,0.0,baseline
2026-03-04 09:13:30,0,68.1,True,69.55531043829893,0.89338665908199,0.0,False,False,0.0,baseline
2026-03-04 09:13:40,0,69.7,True,69.85445344751909,1.6505994135645354,1.0,False,False,0.0,baseline
2026-03-04 09:13:50,0,69.8,True,70.17933869799243,1.872197784593562,1.0,False,False,0.0,baseline
2026-03-04 09:14:00,1,68.9,True,70.5841137314645,1.2951148340072458,1.0,False,False,0.0,baseline
2026-03-04 09:14:10,0,78.6,True,71.1195743868473,0.2910272128983483,1.0,False,False,0.0,baseline
2026-03-04 09:14:20,0,74.6,True,71.07496410670466,-0.7466987298703338,1.0,False,False,0.0,baseline
2026-03-04 09:14:30,0,69.5,True,70.44284784434612,-1.5838744609507165,1.0,False,False,0.0,baseline
2026-03-04 09:14:40,0,68.8,True,69.9678728893786,-1.992172125999064,0.0,False,False,0.0,baseline
2026-03-04 09:14:50,0,69.0,True,69.65421008264083,-1.7003556215710458,0.0,False,False,0.0,baseline
2026-03-04 09:15:00,0,68.9,True,69.4662489563432,-1.027646006452472,0.0,False,False,0.0,baseline
2026-03-04 09:15:10,0,69.0,True,69.35599598943608,-0.43692501145691354,0.0,False,False,0.0,baseline
2026-03-04 09:15:20,0,68.6,True,69.32174235410166,0.0738322911529919,0.0,False,False,0.0,baseline
2026-03-04 09:15:30,0,68.8,True,69.37444577778417,0.5218949756217429,0.0,False,False,0.0,baseline
2026-03-04 09:15:40,0,69.5,True,69.5228901644307,0.7855115845988961,0.0,False,False,0.0,baseline
2026-03-04 09:15:50,0,69.2,True,69.72514957848236,0.7729039338663523,0.0,False,False,0.0,baseline
2026-03-04 09:16:00,0,71.3,True,69.96493392228106,0.5605421768734474,0.0,False,False,0.0,baseline
2026-03-04 09:16:10,0,71.0,True,70.03220725312661,0.3023184017404174,0.0,False,False,0.0,baseline
2026-03-04 09:16:20,0,69.2,True,69.9381817928266,0.09448102689746268,0.0,False,False,0.0,baseline
2026-03-04 09:16:30,0,69.8,True,69.867186631331,-0.04403808155780408,0.0,False,False,0.0,baseline
2026-03-04 09:16:40,0,68.3,True,69.90738924172389,-0.08275401312983009,0.0,False,False,0.0,baseline
2026-03-04 09:16:50,0,70.6,True,69.96549005907076,-0.13526228022348008,0.0,False,False,0.0,baseline
2026-03-04 09:17:00,0,70.4,True,69.95117255292942,-0.34602854640197794,0.0,False,False,0.0,baseline
2026-03-04 09:17:10,0,70.2,True,69.86205047227632,-0.689466236980796,0.0,False,False,0.0,baseline
2026-03-04 09:17:20,0,68.6,True,69.71660347033593,-1.0799578241992476,0.0,False,False,0.0,baseline
2026-03-04 09:17:30,0,70.3,True,69.49059038011818,-1.4861566678318392,0.0,False,False,0.0,baseline
2026-03-04 09:17:40,0,69.7,True,69.22967568658679,-1.707905432293531,0.0,False,False,0.0,baseline
2026-03-04 09:17:50,0,69.5,True,68.89037360748654,-1.635733673566031,0.0,False,False,0.0,baseline
2026-03-04 09:18:00,0,67.0,True,68.44946712963404,-1.3218984794804818,0.0,False,False,0.0,baseline
2026-03-04 09:18:10,0,66.8,True,68.25013850672055,-0.8533796986416716,0.0,False,False,0.0,baseline
2026-03-04 09:18:20,0,68.3,True,68.2591663015938,-0.29494801043360835,0.0,False,False,0.0,baseline
2026-03-04 09:18:30,0,68.1,True,68.29472181339933,0.2143256760355327,0.0,False,False,0.0,baseline
2026-03-04 09:18:40,0,67.1,True,68.36273096077143,0.49860602279632665,0.0,False,False,0.0,baseline
2026-03-04 09:18:50,0,68.4,True,68.47452860160543,0.5909873733565232,0.0,False,False,0.0,baseline
2026-03-04 09:19:00,0,68.5,True,68.59874767604032,0.5711523337618738,0.0,False,False,0.0,baseline
2026-03-04 09:19:10,0,69.2,True,68.73942469648192,0.4215093497942232,0.0,False,False,0.0,baseline
2026-03-04 09:19:20,0,69.2,True,68.80333916633717,0.21711792412562642,0.0,False,False,0.0,baseline
2026-03-04 09:19:30,0,68.0,True,68.80114349724862,0.038198533430364966,1.0,False,False,0.0,baseline
2026-03-04 09:19:40,0,69.6,True,68.73247174436817,-0.059354435026482674,1.0,False,False,0.0,baseline
2026-03-04 09:19:50,1,68.5,True,68.70254528221574,-0.016799809321062772,1.0,False,False,0.0,baseline
2026-03-04 09:20:00,0,68.0,True,68.70637636709925,0.13724056244990526,1.0,False,False,0.0,baseline
2026-03-04 09:20:10,0,69.9,True,68.74460351316598,0.3712972184387334,1.0,False,False,0.0,baseline
2026-03-04 09:20:20,0,68.5,True,68.82359791142704,0.5815224584530861,1.0,False,False,0.0,baseline
2026-03-04 09:20:30,0,68.6,True,68.93985862825927,0.7600966796381998,0.0,False,False,0.0,baseline
2026-03-04 09:20:40,0,69.2,True,69.11276244980138,0.8332108236201574,0.0,False,False,0.0,baseline
2026-03-04 09:20:50,0,70.0,True,69.27112667964371,0.880907723919772,0.0,False,False,0.0,baseline
2026-03-04 09:21:00,0,68.8,True,69.44134535609332,0.8861368639203121,0.0,False,False,0.0,baseline
2026-03-04 09:21:10,0,70.0,True,69.51845492522514,0.8604840526694848,0.0,False,False,0.0,baseline
2026-03-04 09:21:20,0,68.9,True,69.69864031522782,0.7818166787683544,0.0,False,False,0.0,baseline
2026-03-04 09:21:30,0,69.9,True,69.84526575776846,0.6048806560905385,0.0,False,False,0.0,baseline
2026-03-04 09:21:40,0,71.2,True,69.98276882660383,0.35018664752307216,0.0,False,False,0.0,baseline
2026-03-04 09:21:50,0,70.6,True,70.01740003320651,-0.04971434836196481,0.0,False,False,0.0,baseline
2026-03-04 09:22:00,0,70.3,True,69.9549312453436,-0.4757582118311248,0.0,False,False,0.0,baseline
2026-03-04 09:22:10,0,69.9,True,69.8349509983713,-0.7489522534625979,0.0,False,False,0.0,baseline
2026-03-04 09:22:20,0,71.0,True,69.63746258446086,-0.7219716706711525,0.0,False,False,0.0,baseline
2026-03-04 09:22:30,0,67.9,True,69.39621793462723,-0.5046054139439285,0.0,False,False,0.0,baseline
2026-03-04 09:22:40,0,68.3,True,69.33767627389814,-0.2070543452549653,0.0,False,False,0.0,baseline
2026-03-04 09:22:50,0,69.9,True,69.45208065881874,0.14884480874866998,0.0,False,False,0.0,baseline
2026-03-04 09:23:00,0,69.7,True,69.52516515354246,0.5081228594485272,0.0,False,False,0.0,baseline
2026-03-04 09:23:10,0,69.1,True,69.56911050718992,0.6806594819612432,0.0,False,False,0.0,baseline
2026-03-04 09:23:20,0,68.9,True,69.69124094536903,0.6523536371817974,0.0,False,False,0.0,baseline
2026-03-04 09:23:30,0,70.5,True,69.91191154110965,0.46848768431361654,0.0,False,False,0.0,baseline
2026-03-04 09:23:40,0,71.0,True,70.03456739370186,0.10556015502152652,0.0,False,False,0.0,baseline
2026-03-04 09:23:50,0,70.9,True,70.01298447857772,-0.4576311579574471,0.0,False,False,0.0,baseline
2026-03-04 09:24:00,0,70.2,True,69.84356564321652,-1.054237187738832,0.0,False,False,0.0,baseline
2026-03-04 09:24:10,0,70.3,True,69.59807441505808,-1.4265494154766778,0.0,False,False,0.0,baseline
2026-03-04 09:24:20,0,67.5,True,69.25226225607597,-1.5116198791272886,0.0,False,False,0.0,baseline
2026-03-04 09:24:30,0,69.1,True,68.93182713977319,-1.33791270358481,0.0,False,False,0.0,baseline
2026-03-04 09:24:40,0,68.2,True,68.7333632134326,-0.9336195500683561,0.0,False,False,0.0,baseline
2026-03-04 09:24:50,0,67.4,True,68.62379315599743,-0.4027867977537539,1.0,False,False,0.0,baseline
2026-03-04 09:25:00,0,68.5,True,68.58485529122851,0.1002005358876158,1.0,False,False,0.0,baseline
2026-03-04 09:25:10,1,67.7,True,68.693393308331,0.4448879588436021,1.0,False,False,0.0,baseline
2026-03-04 09:25:20,0,68.7,True,68.83416354348864,0.6030090892259146,1.0,False,False,0.0,baseline
2026-03-04 09:25:30,0,69.5,True,68.99729436922773,0.5723460201935112,1.0,False,False,0.0,baseline
2026-03-04 09:25:40,0,69.4,True,69.09330758983809,0.4692168116695641,1.0,False,False,0.0,baseline
2026-03-04 09:25:50,0,69.6,True,69.12153874208813,0.4764332622334237,1.0,False,False,0.0,baseline
2026-03-04 09:26:00,0,68.3,True,69.1033596846862,0.57734097078858,1.0,False,False,0.0,baseline
2026-03-04 09:26:10,1,68.4,True,69.20240724139862,0.6101864601894789,1.0,False,False,0.0,baseline
2026-03-04 09:26:20,0,69.6,True,69.43518933834414,0.3911582643838697,1.0,False,False,0.0,baseline
2026-03-04 09:26:30,0,71.2,True,69.64050299168035,0.06589454121367662,1.0,False,False,0.0,baseline
2026-03-04 09:26:40,0,71.2,True,69.58590047696329,-0.26981532984945455,1.0,False,False,0.0,baseline
2026-03-04 09:26:50,0,68.2,True,69.26228137507343,-0.43263727969700677,0.0,False,False,0.0,baseline
2026-03-04 09:27:00,0,67.9,True,69.11570916902913,-0.3747082999702272,0.0,False,False,0.0,baseline
2026-03-04 09:27:10,0,68.3,True,69.12175515782303,-0.1328021321432308,0.0,False,False,0.0,baseline
2026-03-04 09:27:20,0,69.8,True,69.26476033958743,0.11911320413610585,0.0,False,False,0.0,baseline
2026-03-04 09:27:30,0,69.9,True,69.31855891128306,0.20516645539052109,0.0,False,False,0.0,baseline
2026-03-04 09:27:40,0,69.3,True,69.29211730152588,0.2611284015909838,0.0,False,False,0.0,baseline
2026-03-04 09:27:50,0,68.7,True,69.26436190868966,0.4034688909137639,0.0,False,False,0.0,baseline
2026-03-04 09:28:00,0,67.8,True,69.3306668339684,0.6487684811031287,0.0,False,False,0.0,baseline
2026-03-04 09:28:10,0,69.0,True,69.50208289824185,0.8843390086192203,0.0,False,False,0.0,baseline
2026-03-04 09:28:20,0,70.2,True,69.75717944555561,1.0101565137623452,0.0,False,False,0.0,baseline
2026-03-04 09:28:30,0,70.2,True,69.93847256712863,0.993619152151586,0.0,False,False,0.0,baseline
2026-03-04 09:28:40,0,70.9,True,70.07617778322309,0.9069706968518266,0.0,False,False,0.0,baseline
2026-03-04 09:28:50,0,70.1,True,70.19324596318806,0.8821983100750063,0.0,False,False,0.0,baseline
2026-03-04 09:29:00,0,70.2,True,70.30918847035103,1.061601832120222,0.0,False,False,0.0,baseline
2026-03-04 09:29:10,0,69.9,True,70.45999572257251,1.3322247071378686,0.0,False,False,0.0,baseline
2026-03-04 09:29:20,0,69.2,True,70.70413559522274,1.6355993190594602,0.0,False,False,0.0,baseline
2026-03-04 09:29:30,0,71.6,True,71.08229806707675,2.0222881032052595,0.0,False,False,0.0,baseline
2026-03-04 09:29:40,0,71.3,True,71.42417688344355,2.574596333123372,0.0,False,False,0.0,baseline
2026-03-04 09:29:50,0,70.7,True,71.78675184705094,3.434575380466826,0.0,False,False,0.0,baseline
2026-03-04 09:30:00,0,70.7,True,72.33045211850013,4.674126515030955,0.0,True,True,18.69650606012382,stress_onset
2026-03-04 09:30:10,0,69.7,True,73.14589440969935,6.224841592576449,0.0,True,True,24.899366370305795,stress_onset
2026-03-04 09:30:20,0,72.3,True,74.36898576918179,7.880887411741845,0.0,True,True,31.523549646967382,stress_onset
2026-03-04 09:30:30,0,75.0,True,75.93690809019452,9.55755732334042,0.0,True,True,38.23022929336168,stress_onset
2026-03-04 09:30:40,0,76.6,True,77.660981759573,10.952153455495747,0.0,True,True,43.80861382198299,stress_onset
2026-03-04 09:30:50,0,77.4,True,79.56188572221365,12.129251354043227,0.0,True,True,48.51700541617291,stress_onset
2026-03-04 09:31:00,0,82.3,True,81.82310397188989,13.220748287788407,0.0,True,True,52.88299315115362,stress_onset
2026-03-04 09:31:10,0,82.3,True,84.00483955021444,14.247846126641203,0.0,True,True,56.99138450656481,stress_onset
2026-03-04 09:31:20,0,85.2,True,86.47071505357472,15.006727843743745,0.0,True,True,60.02691137497498,stress_onset
2026-03-04 09:31:30,0,88.8,True,89.14837639919746,15.148873725279786,0.0,True,True,60.59549490111915,stress_onset
2026-03-04 09:31:40,0,92.7,True,91.88410047801977,14.690831894362471,0.0,True,True,58.763327577449886,stress_onset
2026-03-04 09:31:50,0,97.4,True,94.4838413031787,13.47769061726748,0.0,True,True,53.910762469069915,stress_onset
2026-03-04 09:32:00,0,98.9,True,96.59755567886742,11.792973966859936,0.0,True,True,47.171895867439744,stress_onset
2026-03-04 09:32:10,0,100.2,True,98.32752933436736,9.81303869188145,0.0,True,True,39.2521547675258,stress_onset
2026-03-04 09:32:20,0,100.9,True,99.74542454559517,7.804324151264178,0.0,True,True,31.217296605056717,stress_onset
2026-03-04 09:32:30,0,103.5,True,100.97089051442218,5.996330302524293,0.0,True,True,23.985321210097172,stress_onset
2026-03-04 09:32:40,0,103.5,True,101.77483823565288,4.31272483753849,0.0,True,True,17.25089935015396,stress_onset
2026-03-04 09:32:50,0,102.6,True,102.29125899615904,2.7193354169043675,0.0,False,False,0.0,stress_onset
2026-03-04 09:33:00,0,104.7,True,102.60622292269171,1.386311422897185,0.0,False,False,0.0,stress_sustained
2026-03-04 09:33:10,0,104.0,True,102.688890669673,0.49862504699194166,0.0,False,False,0.0,stress_sustained
2026-03-04 09:33:20,0,101.7,True,102.55304019493312,-0.009528582986051191,0.0,False,False,0.0,stress_sustained
2026-03-04 09:33:30,0,102.2,True,102.47602975268208,-0.15498459584265772,0.0,False,False,0.0,stress_sustained
2026-03-04 09:33:40,0,102.3,True,102.44502426921139,0.059442911041266554,0.0,False,False,0.0,stress_sustained
2026-03-04 09:33:50,0,101.9,True,102.45485616394258,0.5587775697654285,0.0,False,False,0.0,stress_sustained
2026-03-04 09:34:00,0,101.4,True,102.55716408599753,0.9905275377362246,0.0,False,False,0.0,stress_sustained
2026-03-04 09:34:10,0,101.8,True,102.7856660223854,1.2516511429487913,0.0,False,False,0.0,stress_sustained
2026-03-04 09:34:20,0,104.1,True,103.17844562917084,1.2999547005576073,0.0,False,False,0.0,stress_sustained
2026-03-04 09:34:30,0,104.2,True,103.41763284081806,1.1613459463546094,0.0,False,False,0.0,stress_sustained
2026-03-04 09:34:40,0,103.5,True,103.54309219260162,0.8877234213059707,0.0,False,False,0.0,stress_sustained
2026-03-04 09:34:50,0,103.9,True,103.60906690981878,0.6334833712369202,0.0,False,False,0.0,stress_sustained
2026-03-04 09:35:00,0,103.4,True,103.69321944533905,0.5705381687550021,0.0,False,False,0.0,stress_sustained
2026-03-04 09:35:10,0,103.8,True,103.75957522174917,0.6348255182084593,0.0,False,False,0.0,stress_sustained
2026-03-04 09:35:20,0,103.2,True,103.88586020178414,0.6584885492681187,0.0,False,False,0.0,stress_sustained
2026-03-04 09:35:30,0,103.9,True,104.02645521544979,0.527613957586777,0.0,False,False,0.0,stress_sustained
2026-03-04 09:35:40,0,105.0,True,104.18812609835706,0.24181788264611062,0.0,False,False,0.0,stress_sustained
2026-03-04 09:35:50,0,105.6,True,104.21448466432385,-0.17510378328208867,0.0,False,False,0.0,stress_sustained
2026-03-04 09:36:00,0,104.6,True,104.10992400767793,-0.6104951273763288,0.0,False,False,0.0,stress_sustained
2026-03-04 09:36:10,0,104.1,True,103.92368401897834,-1.0012070879380404,0.0,False,False,0.0,stress_sustained
2026-03-04 09:36:20,0,103.7,True,103.70805803344177,-1.2837868964894072,0.0,False,False,0.0,stress_sustained
2026-03-04 09:36:30,0,103.3,True,103.49377505347884,-1.56604547350327,0.0,False,False,0.0,stress_sustained
2026-03-04 09:36:40,0,103.8,True,103.2451212490957,-1.9771687722914653,0.0,False,False,0.0,stress_sustained
2026-03-04 09:36:50,0,103.6,True,102.93732098622851,-2.4571059140805915,0.0,False,False,0.0,stress_sustained
2026-03-04 09:37:00,0,103.9,True,102.48574088773273,-2.989417851073601,0.0,False,False,0.0,stress_sustained
2026-03-04 09:37:10,0,101.7,True,101.8484509371924,-3.58425181086457,0.0,False,False,0.0,stress_sustained
2026-03-04 09:37:20,0,101.6,True,101.23590280951746,-4.101461072466279,0.0,False,False,0.0,stress_sustained
2026-03-04 09:37:30,0,102.2,True,100.54600515009543,-4.495104322336149,0.0,False,False,0.0,stress_sustained
2026-03-04 09:37:40,0,99.4,True,99.68044168235595,-4.855788768785834,0.0,False,False,0.0,stress_sustained
2026-03-04 09:37:50,0,99.1,True,98.86161849500913,-5.225771343366468,0.0,False,False,0.0,stress_sustained
2026-03-04 09:38:00,0,98.8,True,98.0030650568305,-5.452430094222439,0.0,False,False,0.0,recovery
2026-03-04 09:38:10,0,97.0,True,97.01168912812359,-5.516398622686882,0.0,False,False,0.0,recovery
2026-03-04 09:38:20,0,95.5,True,96.0222613874373,-5.492624064456262,0.0,False,False,0.0,recovery
2026-03-04 09:38:30,0,94.9,True,95.11987721132388,-5.316429707444534,0.0,False,False,0.0,recovery
2026-03-04 09:38:40,0,93.9,True,94.25413923709777,-5.047735539768773,1.0,False,False,0.0,recovery
2026-03-04 09:38:50,0,93.1,True,93.44742446905462,-4.795330628721125,1.0,False,False,0.0,recovery
2026-03-04 09:39:00,1,92.8,True,92.69861377918723,-4.538576060555554,1.0,False,False,0.0,recovery
2026-03-04 09:39:10,0,91.7,True,91.93290538585104,-4.263250835815891,1.0,False,False,0.0,recovery
2026-03-04 09:39:20,0,90.5,True,91.20601455682336,-4.048467417045523,1.0,False,False,0.0,recovery
2026-03-04 09:39:30,0,90.4,True,90.59679282059956,-3.9691428534970083,1.0,False,False,0.0,recovery
2026-03-04 09:39:40,0,90.1,True,90.02036988780901,-4.004913527436081,0.0,False,False,0.0,recovery
2026-03-04 09:39:50,0,91.7,True,89.3806752696533,-4.104598360709718,0.0,False,False,0.0,recovery
2026-03-04 09:40:00,0,88.8,True,88.62109319643979,-4.234811492196851,0.0,False,False,0.0,recovery
2026-03-04 09:40:10,0,87.3,True,87.8316933226329,-4.235112253335822,0.0,False,False,0.0,recovery
2026-03-04 09:40:20,0,87.0,True,87.13090900259816,-4.023407913840258,0.0,False,False,0.0,recovery
2026-03-04 09:40:30,0,85.8,True,86.45194284966311,-3.6215572742704287,0.0,False,False,0.0,recovery
2026-03-04 09:40:40,0,85.3,True,85.88163383833857,-3.1411566566027984,0.0,False,False,0.0,recovery
2026-03-04 09:40:50,0,84.9,True,85.40826380007047,-2.6914250055118107,0.0,False,False,0.0,recovery
2026-03-04 09:41:00,0,84.6,True,85.01960439514744,-2.2795499029584865,1.0,False,False,0.0,baseline
2026-03-04 09:41:10,0,82.8,True,84.7008790560823,-1.9868854985172675,1.0,False,False,0.0,baseline
2026-03-04 09:41:20,1,85.6,True,84.39896689303087,-1.8217972485908185,1.0,False,False,0.0,baseline
2026-03-04 09:41:30,0,84.2,True,84.13021587881794,-1.7960561591437758,1.0,False,False,0.0,baseline
2026-03-04 09:41:40,0,83.5,True,83.84983417774131,-1.9375149057444851,1.0,False,False,0.0,baseline
2026-03-04 09:41:50,0,84.0,True,83.54442483962157,-2.1126070890168798,1.0,False,False,0.0,baseline
2026-03-04 09:42:00,0,83.9,True,83.17975297477207,-2.2683718823635073,2.0,False,False,0.0,baseline
2026-03-04 09:42:10,0,82.1,True,82.69503993905126,-2.2307700846754592,2.0,False,False,0.0,baseline
2026-03-04 09:42:20,2,82.2,True,82.29283355983898,-1.9185347296713982,2.0,False,False,0.0,baseline
2026-03-04 09:42:30,0,80.7,True,81.92276610726653,-1.3331980200887337,2.0,False,False,0.0,baseline
2026-03-04 09:42:40,0,80.4,True,81.75649300590516,-0.6414895519494204,3.0,False,False,0.0,baseline
2026-03-04 09:42:50,0,81.0,True,81.76630207219463,-0.05669600913499604,3.0,False,False,0.0,baseline
2026-03-04 09:43:00,1,82.1,True,81.90382815051656,0.36864819882362126,1.0,False,False,0.0,baseline
2026-03-04 09:43:10,0,82.1,True,82.00865892059123,0.5125766303957096,1.0,False,False,0.0,baseline
2026-03-04 09:43:20,0,80.9,True,82.0982661774311,0.37050592893852846,1.0,False,False,0.0,baseline
2026-03-04 09:43:30,0,83.2,True,82.18758446384282,0.02947192992349234,1.0,False,False,0.0,baseline
2026-03-04 09:43:40,0,82.6,True,82.20816682756167,-0.3566500807709407,0.0,False,False,0.0,baseline
2026-03-04 09:43:50,0,83.1,True,82.08011032920746,-0.7129280573081316,0.0,False,False,0.0,baseline
2026-03-04 09:44:00,0,81.9,True,81.86540555238781,-0.9844559481585612,0.0,False,False,0.0,baseline
2026-03-04 09:44:10,0,81.4,True,81.64493503429946,-1.0950598303687307,0.0,False,False,0.0,baseline
2026-03-04 09:44:20,0,79.7,True,81.4652870219277,-1.123887970021292,0.0,False,False,0.0,baseline
2026-03-04 09:44:30,0,82.5,True,81.2965201798772,-1.1614593427726236,0.0,False,False,0.0,baseline
2026-03-04 09:44:40,0,81.1,True,81.16050670113957,-1.267607272652707,0.0,False,False,0.0,baseline
2026-03-04 09:44:50,0,81.8,True,80.91791100592519,-1.4457373670225055,0.0,False,False,0.0,baseline
2026-03-04 09:45:00,0,80.5,True,80.64496714503167,-1.604109403515079,0.0,False,False,0.0,baseline
2026-03-04 09:45:10,0,80.8,True,80.34618447497677,-1.6441187215458537,0.0,False,False,0.0,baseline
2026-03-04 09:45:20,0,78.6,True,80.02176588408466,-1.4867192550723567,0.0,False,False,0.0,baseline
2026-03-04 09:45:30,0,79.7,True,79.75097494053999,-1.191392045396615,0.0,False,False,0.0,baseline
2026-03-04 09:45:40,0,79.1,True,79.58867982041865,-0.8232016051917344,0.0,False,False,0.0,baseline
2026-03-04 09:45:50,0,78.5,True,79.50783133703374,-0.45292571823308736,0.0,False,False,0.0,baseline
2026-03-04 09:46:00,0,80.0,True,79.49495474315445,-0.15813745097993698,0.0,False,False,0.0,baseline
2026-03-04 09:46:10,0,79.4,True,79.49790393980089,-0.07184828269961116,0.0,False,False,0.0,baseline
2026-03-04 09:46:20,0,78.8,True,79.51717045974748,-0.24753382820252648,0.0,False,False,0.0,baseline
2026-03-04 09:46:30,0,80.9,True,79.55596538965197,-0.5501892974534631,0.0,False,False,0.0,baseline
2026-03-04 09:46:40,0,80.5,True,79.4374212178318,-0.8766858400894812,0.0,False,False,0.0,baseline
2026-03-04 09:46:50,0,78.8,True,79.14178058231693,-1.2135824036927858,0.0,False,False,0.0,baseline
2026-03-04 09:47:00,0,78.7,True,78.9031033771882,-1.5598855583877385,0.0,False,False,0.0,baseline
2026-03-04 09:47:10,0,79.1,True,78.6816100682575,-1.7018839251949143,0.0,False,False,0.0,baseline
2026-03-04 09:47:20,0,79.1,True,78.39038510403637,-1.6346724700107527,0.0,False,False,0.0,baseline
2026-03-04 09:47:30,0,77.0,True,77.98089099048796,-1.4327635693521743,0.0,False,False,0.0,baseline
2026-03-04 09:47:40,0,76.9,True,77.73487870868756,-1.1517914540617937,0.0,False,False,0.0,baseline
2026-03-04 09:47:50,0,78.0,True,77.6113462116684,-0.7449274382578818,0.0,False,False,0.0,baseline
2026-03-04 09:48:00,0,76.8,True,77.60637141659397,-0.39436085263979603,0.0,False,False,0.0,baseline
2026-03-04 09:48:10,0,78.2,True,77.53579185761853,-0.313092504366432,0.0,False,False,0.0,baseline
2026-03-04 09:48:20,0,76.9,True,77.57117760824619,-0.49472052586839865,0.0,False,False,0.0,baseline
2026-03-04 09:48:30,0,78.9,True,77.50175962691486,-0.8088019683484076,0.0,False,False,0.0,baseline
2026-03-04 09:48:40,0,78.1,True,77.332634916736,-1.1362551674578942,0.0,False,False,0.0,baseline
2026-03-04 09:48:50,0,76.9,True,77.03561602601314,-1.4316556563817768,0.0,False,False,0.0,baseline
2026-03-04 09:49:00,0,76.1,True,76.76119980629248,-1.5013797070835486,0.0,False,False,0.0,baseline
2026-03-04 09:49:10,0,76.9,True,76.4636502209539,-1.3463337089658962,0.0,False,False,0.0,baseline
2026-03-04 09:49:20,0,75.6,True,76.22670900577428,-1.0085338051996993,2.0,False,False,0.0,baseline
2026-03-04 09:49:30,0,74.8,True,76.09421929155705,-0.6209657261096238,2.0,False,False,0.0,baseline
2026-03-04 09:49:40,2,75.6,True,76.044099459266,-0.2154633632759022,2.0,False,False,0.0,baseline
2026-03-04 09:49:50,0,76.6,True,76.06799620351926,0.14341415329755933,2.0,False,False,0.0,baseline
2026-03-04 09:50:00,0,75.9,True,76.11989231502574,0.38690831446824886,2.0,False,False,0.0,baseline
2026-03-04 09:50:10,0,75.9,True,76.20843714570316,0.5163157661455724,2.0,False,False,0.0,baseline
2026-03-04 09:50:20,0,76.6,True,76.3483881673311,0.5496329883709796,0.0,False,False,0.0,baseline
2026-03-04 09:50:30,0,76.6,True,76.44640388351422,0.5138414229439394,0.0,False,False,0.0,baseline
2026-03-04 09:50:40,0,75.3,True,76.51882024694972,0.37797580895995636,0.0,False,False,0.0,baseline
2026-03-04 09:50:50,0,76.7,True,76.57770665154348,0.1372490202788347,0.0,False,False,0.0,baseline
2026-03-04 09:51:00,0,77.3,True,76.61621083139448,-0.12346007454627625,0.0,False,False,0.0,baseline
2026-03-04 09:51:10,0,77.1,True,76.57408348314456,-0.33688870560527007,0.0,False,False,0.0,baseline
2026-03-04 09:51:20,0,76.5,True,76.4443033820854,-0.4528940256936872,0.0,False,False,0.0,baseline
2026-03-04 09:51:30,0,75.9,True,76.3052405113738,-0.4300959691119878,0.0,False,False,0.0,baseline
2026-03-04 09:51:40,0,75.9,True,76.23371772589115,-0.2539805740489354,0.0,False,False,0.0,baseline
2026-03-04 09:51:50,0,75.4,True,76.21781456139037,0.0226618681964501,0.0,False,False,0.0,baseline
2026-03-04 09:52:00,0,77.0,True,76.25488049045464,0.32808128847459384,0.0,False,False,0.0,baseline
2026-03-04 09:52:10,0,76.0,True,76.33442650126135,0.6131809234985276,0.0,False,False,0.0,baseline
2026-03-04 09:52:20,0,76.1,True,76.4530435956116,0.7897630933912724,0.0,False,False,0.0,baseline
2026-03-04 09:52:30,0,76.4,True,76.63050128923047,0.8086867312301951,0.0,False,False,0.0,baseline
2026-03-04 09:52:40,0,77.5,True,76.84637586438774,0.6302486337979694,0.0,False,False,0.0,baseline
2026-03-04 09:52:50,0,77.7,True,76.95331308360961,0.26399483247494093,0.0,False,False,0.0,baseline
2026-03-04 09:53:00,0,77.4,True,76.96913581676642,-0.17968840153083118,0.0,False,False,0.0,baseline
2026-03-04 09:53:10,0,78.0,True,76.86314785271763,-0.5890339881726753,0.0,False,False,0.0,baseline
2026-03-04 09:53:20,0,76.5,True,76.66768453078843,-0.8215519061766046,0.0,False,False,0.0,baseline
2026-03-04 09:53:30,0,76.5,True,76.5001686306573,-0.8659951418766195,0.0,False,False,0.0,baseline
2026-03-04 09:53:40,0,76.0,True,76.33268083563571,-0.7369137583655674,0.0,False,False,0.0,baseline
2026-03-04 09:53:50,0,75.4,True,76.22063984655341,-0.5485084774392338,0.0,False,False,0.0,baseline
2026-03-04 09:54:00,0,75.9,True,76.16203883189667,-0.4122355618003681,0.0,False,False,0.0,baseline
2026-03-04 09:54:10,0,77.0,True,76.14711095588937,-0.3589542874139275,0.0,False,False,0.0,baseline
2026-03-04 09:54:20,0,76.3,True,76.1067015725303,-0.36549872759646296,0.0,False,False,0.0,baseline
2026-03-04 09:54:30,0,74.5,True,76.03407578459294,-0.37938819380696825,2.0,False,False,0.0,baseline
2026-03-04 09:54:40,0,76.7,True,75.91712929408774,-0.34936616850910057,2.0,False,False,0.0,baseline
2026-03-04 09:54:50,2,75.6,True,75.85303768593049,-0.23828612367701346,2.0,False,False,0.0,baseline
2026-03-04 09:55:00,0,75.4,True,75.83111902542831,-0.07049186136251191,2.0,False,False,0.0,baseline
2026-03-04 09:55:10,0,76.5,True,75.84772020249751,0.12126804310587819,4.0,False,False,0.0,baseline
2026-03-04 09:55:20,0,75.7,True,75.8889414133163,0.2582392880919363,4.0,False,False,0.0,baseline
2026-03-04 09:55:30,2,75.8,True,75.94498619302114,0.3346789858552418,2.0,False,False,0.0,baseline
2026-03-04 09:55:40,0,76.1,True,76.0251953382295,0.35618422888014317,2.0,False,False,0.0,baseline
2026-03-04 09:55:50,0,76.2,True,76.09293703980943,0.2870535100517469,2.0,False,False,0.0,baseline
2026-03-04 09:56:00,0,76.9,True,76.14283491469094,0.15505075718436373,2.0,False,False,0.0,baseline
2026-03-04 09:56:10,0,76.2,True,76.18320527535425,0.03460408289533093,0.0,False,False,0.0,baseline
2026-03-04 09:56:20,0,76.7,True,76.13744318190994,-0.0015038156730438463,0.0,False,False,0.0,baseline
2026-03-04 09:56:30,0,75.7,True,76.08125495211728,0.0549947926702279,0.0,False,False,0.0,baseline
2026-03-04 09:56:40,0,75.7,True,76.08860921434415,0.20994491407760943,0.0,False,False,0.0,baseline
2026-03-04 09:56:50,0,76.5,True,76.1607316789617,0.47845728306938,0.0,False,False,0.0,baseline
2026-03-04 09:57:00,0,76.0,True,76.25964275673952,0.6659982468584555,0.0,False,False,0.0,baseline
2026-03-04 09:57:10,0,75.7,True,76.40182762730727,0.6609674898858722,0.0,False,False,0.0,baseline
2026-03-04 09:57:20,0,77.6,True,76.6109837690929,0.49824083837047983,0.0,False,False,0.0,baseline
2026-03-04 09:57:30,0,77.4,True,76.68863720572733,0.24712575515494556,0.0,False,False,0.0,baseline
2026-03-04 09:57:40,0,76.6,True,76.64773017664966,-0.005658845058562838,0.0,False,False,0.0,baseline
2026-03-04 09:57:50,0,76.8,True,76.58144484368026,-0.1665294432580105,0.0,False,False,0.0,baseline
2026-03-04 09:58:00,0,75.8,True,76.51206698465757,-0.11944066295282636,0.0,False,False,0.0,baseline
2026-03-04 09:58:10,0,76.2,True,76.49470028974446,0.10416991162213429,0.0,False,False,0.0,baseline
2026-03-04 09:58:20,0,76.8,True,76.52645030978876,0.45585642384841424,0.0,False,False,0.0,baseline
2026-03-04 09:58:30,0,75.7,True,76.61260871479784,0.8620904352875349,0.0,False,False,0.0,baseline
2026-03-04 09:58:40,0,76.1,True,76.78420190560657,1.1298633287984081,0.0,False,False,0.0,baseline
2026-03-04 09:58:50,0,76.9,True,77.0698287473497,1.1645182056804582,0.0,False,False,0.0,baseline
2026-03-04 09:59:00,0,78.4,True,77.38376038031778,1.0075451644616507,0.0,False,False,0.0,baseline
2026-03-04 09:59:10,0,78.5,True,77.52831874333883,0.7149248887483824,0.0,False,False,0.0,baseline
2026-03-04 09:59:20,0,77.4,True,77.52759689691634,0.33788733258843334,0.0,False,False,0.0,baseline
2026-03-04 09:59:30,0,77.5,True,77.53147453331323,-0.022121382425805126,0.0,False,False,0.0,baseline
2026-03-04 09:59:40,0,77.9,True,77.54059792526233,-0.2251027087967163,0.0,False,False,0.0,baseline
2026-03-04 09:59:50,0,78.0,True,77.4898209714218,-0.31202972472896834,1.0,False,False,0.0,baseline
2026-03-04 10:00:00,0,76.6,True,77.37068084615159,-0.37239026621126975,1.0,False,False,0.0,baseline
2026-03-04 10:00:10,1,77.1,True,77.29665419523995,-0.4019587092049653,1.0,False,False,0.0,baseline
2026-03-04 10:00:20,0,78.3,True,77.25540324353497,-0.39852027039947013,1.0,False,False,0.0,baseline
2026-03-04 10:00:30,0,77.3,True,77.20671949908582,-0.36507330523196774,1.0,False,False,0.0,baseline
2026-03-04 10:00:40,0,77.3,True,77.14248900448429,-0.33890046236501115,1.0,False,False,0.0,baseline
2026-03-04 10:00:50,0,75.7,True,77.0520066772968,-0.28349674417792425,0.0,False,False,0.0,baseline
2026-03-04 10:01:00,0,76.8,True,77.00352546299212,-0.25391391192524015,0.0,False,False,0.0,baseline
2026-03-04 10:01:10,0,77.8,True,76.98896515918611,-0.2130786364219757,0.0,False,False,0.0,baseline
2026-03-04 10:01:20,0,76.6,True,77.00589904857777,-0.12561360984616646,0.0,False,False,0.0,baseline
2026-03-04 10:01:30,0,77.6,True,76.9238161127324,0.019487243660063134,0.0,False,False,0.0,baseline
2026-03-04 10:01:40,0,76.4,True,76.89570252900909,0.23926454253823404,0.0,False,False,0.0,baseline
2026-03-04 10:01:50,0,75.7,True,76.95020603345395,0.4560621223156486,0.0,False,False,0.0,baseline
2026-03-04 10:02:00,0,76.8,True,77.09641054347448,0.6274414843837808,0.0,False,False,0.0,baseline
2026-03-04 10:02:10,0,78.0,True,77.29201681074075,0.6248229986111257,0.0,False,False,0.0,baseline
2026-03-04 10:02:20,0,77.8,True,77.40295921313046,0.4406273935593905,0.0,False,False,0.0,baseline
2026-03-04 10:02:30,0,76.3,True,77.44772815104191,0.10844111600565709,0.0,False,False,0.0,baseline
2026-03-04 10:02:40,0,79.0,True,77.43378511412702,-0.3021002136423623,0.0,False,False,0.0,baseline
2026-03-04 10:02:50,0,77.8,True,77.35880626289996,-0.6379915788974226,0.0,False,False,0.0,baseline
2026-03-04 10:03:00,0,77.7,True,77.21029512215621,-0.8802148739687067,0.0,False,False,0.0,baseline
2026-03-04 10:03:10,0,75.4,True,76.98016650177182,-1.0334263623204683,2.0,False,False,0.0,baseline
2026-03-04 10:03:20,0,76.7,True,76.7967322983494,-1.1160184348684792,2.0,False,False,0.0,baseline
2026-03-04 10:03:30,2,77.1,True,76.62942014465187,-1.0810421513231212,2.0,False,False,0.0,baseline
2026-03-04 10:03:40,0,76.6,True,76.45034468172966,-0.9369538453792252,2.0,False,False,0.0,baseline
2026-03-04 10:03:50,0,75.7,True,76.24632666576238,-0.7990245136651879,2.0,False,False,0.0,baseline
2026-03-04 10:04:00,0,75.4,True,76.13336309408882,-0.6906945056572429,2.0,False,False,0.0,baseline
2026-03-04 10:04:10,0,76.3,True,76.09262670476339,-0.5689088200207225,0.0,False,False,0.0,baseline
2026-03-04 10:04:20,0,77.5,True,76.01732809956519,-0.3883698424828663,0.0,False,False,0.0,baseline
2026-03-04 10:04:30,0,75.5,True,75.89491751096118,-0.11541631488261246,0.0,False,False,0.0,baseline
2026-03-04 10:04:40,0,74.9,True,75.83832650751737,0.3454440173800762,2.0,False,False,0.0,baseline
2026-03-04 10:04:50,0,75.1,True,75.90478992199311,1.0888783525394534,2.0,False,False,0.0,baseline
2026-03-04 10:05:00,2,74.4,True,76.1387183234677,1.9066495559792331,2.0,False,False,0.0,baseline
2026-03-04 10:05:10,0,75.2,True,76.54576644552023,2.367195685415568,3.0,False,False,0.0,baseline
2026-03-04 10:05:20,0,77.5,True,77.17710897515946,2.2294172862307042,9.0,False,False,0.0,baseline
2026-03-04 10:05:30,1,80.1,True,77.75463633399193,1.438208434750986,14.0,False,False,0.0,baseline
2026-03-04 10:05:40,6,81.3,True,77.94126974848972,0.358129560491683,14.0,False,False,0.0,baseline
2026-03-04 10:05:50,5,79.5,True,77.76811478773578,-0.6622610536856528,14.0,False,False,0.0,baseline
2026-03-04 10:06:00,2,76.3,True,77.30631229160448,-1.239457081572485,14.0,False,False,0.0,baseline
2026-03-04 10:06:10,0,76.2,True,77.01222851074058,-1.219657861149951,13.0,False,False,0.0,baseline
2026-03-04 10:06:20,0,75.2,True,76.85351614833345,-0.8281349509190604,7.0,False,False,0.0,baseline
2026-03-04 10:06:30,0,76.9,True,76.8037231439819,-0.3210631039365742,2.0,False,False,0.0,baseline
2026-03-04 10:06:40,0,76.3,True,76.83788399696066,-0.02464463141969684,0.0,False,False,0.0,baseline
2026-03-04 10:06:50,0,77.7,True,76.86169218276618,0.07480925967009143,0.0,False,False,0.0,baseline
2026-03-04 10:07:00,0,76.7,True,76.91244906569939,0.004588503562050568,0.0,False,False,0.0,baseline
2026-03-04 10:07:10,0,77.2,True,76.91528079291582,-0.16843893052372727,0.0,False,False,0.0,baseline
2026-03-04 10:07:20,0,78.2,True,76.87065931895155,-0.3195395196967659,0.0,False,False,0.0,baseline
2026-03-04 10:07:30,0,76.2,True,76.7711477314792,-0.406039552628765,0.0,False,False,0.0,baseline
2026-03-04 10:07:40,0,76.9,True,76.65016076592005,-0.36735570147505736,0.0,False,False,0.0,baseline
2026-03-04 10:07:50,0,76.3,True,76.58753392801424,-0.2077549434243139,1.0,False,False,0.0,baseline
2026-03-04 10:08:00,0,76.3,True,76.57282941144413,-0.01849429499189351,1.0,False,False,0.0,baseline
2026-03-04 10:08:10,1,77.2,True,76.60359646344804,0.10696968522759855,1.0,False,False,0.0,baseline
2026-03-04 10:08:20,0,75.7,True,76.68496292602663,0.10026194631836678,1.0,False,False,0.0,baseline
2026-03-04 10:08:30,0,77.0,True,76.71382320960964,0.03526453179554724,1.0,False,False,0.0,baseline
2026-03-04 10:08:40,0,77.8,True,76.69498736146092,-0.02385546076132696,1.0,False,False,0.0,baseline
2026-03-04 10:08:50,0,76.0,True,76.62531607355568,-0.06552279201649928,0.0,False,False,0.0,baseline
2026-03-04 10:09:00,0,76.3,True,76.60986413124306,-0.07882487432202098,0.0,False,False,0.0,baseline
2026-03-04 10:09:10,0,76.8,True,76.64605621080428,-0.12312157853833669,0.0,False,False,0.0,baseline
2026-03-04 10:09:20,0,77.0,True,76.6565909921662,-0.2307956887015087,0.0,False,False,0.0,baseline
2026-03-04 10:09:30,0,77.3,True,76.60989093888915,-0.40193574698158846,0.0,False,False,0.0,baseline
2026-03-04 10:09:40,0,76.7,True,76.4981727087603,-0.554350810710971,0.0,False,False,0.0,baseline
2026-03-04 10:09:50,0,76.2,True,76.35281659675815,-0.5277291047969312,2.0,False,False,0.0,baseline
2026-03-04 10:10:00,0,76.0,True,76.23292991754901,-0.24263367825378696,2.0,False,False,0.0,baseline
2026-03-04 10:10:10,2,75.2,True,76.15186489126471,0.1770228019137405,2.0,False,False,0.0,baseline
2026-03-04 10:10:20,0,75.1,True,76.22944401352451,0.6083259395431054,2.0,False,False,0.0,baseline
2026-03-04 10:10:30,0,76.8,True,76.47859713803841,0.9767310194772869,2.0,False,False,0.0,baseline
2026-03-04 10:10:40,0,76.7,True,76.6908497855587,1.2364960312291267,2.0,False,False,0.0,baseline
2026-03-04 10:10:50,0,77.0,True,76.8849107306721,1.4773437148524944,0.0,False,False,0.0,baseline
2026-03-04 10:11:00,0,75.9,True,77.10979013089751,1.7858439223798592,0.0,False,False,0.0,baseline
2026-03-04 10:11:10,0,77.2,True,77.3529678862725,2.1491276407800814,0.0,False,False,0.0,baseline
2026-03-04 10:11:20,0,76.1,True,77.80497362269288,2.384885013596051,0.0,False,False,0.0,baseline
2026-03-04 10:11:30,0,78.9,True,78.35780829622875,2.343123222011394,0.0,False,False,0.0,baseline
2026-03-04 10:11:40,0,80.5,True,78.82027768580275,2.0061676817143668,0.0,False,False,0.0,baseline
2026-03-04 10:11:50,0,79.8,True,79.11946002301053,1.4285734217030814,0.0,False,False,0.0,baseline
2026-03-04 10:12:00,0,80.2,True,79.2385523640534,0.8355033034042249,0.0,False,False,0.0,baseline
2026-03-04 10:12:10,0,79.3,True,79.26407009910517,0.4173980213870428,3.0,False,False,0.0,baseline
2026-03-04 10:12:20,0,78.4,True,79.28359951734112,0.22243050483914695,3.0,False,False,0.0,baseline
2026-03-04 10:12:30,3,80.1,True,79.30039552180058,0.2181061676692147,3.0,False,False,0.0,baseline
2026-03-04 10:12:40,0,79.2,True,79.33392411322681,0.28227571558702963,3.0,False,False,0.0,baseline
2026-03-04 10:12:50,0,79.2,True,79.38977339019084,0.3399197875312675,3.0,False,False,0.0,baseline
2026-03-04 10:13:00,0,79.6,True,79.47725156551999,0.36850287168310675,3.0,False,False,0.0,baseline
2026-03-04 10:13:10,0,79.7,True,79.54427166843581,0.3442173868297626,0.0,False,False,0.0,baseline
2026-03-04 10:13:20,0,79.6,True,79.60200371609092,0.26658718073378546,0.0,False,False,0.0,baseline
2026-03-04 10:13:30,0,79.9,True,79.64340304976118,0.22267388571250463,0.0,False,False,0.0,baseline
2026-03-04 10:13:40,0,79.8,True,79.65870289172496,0.30158719069093887,0.0,False,False,0.0,baseline
2026-03-04 10:13:50,0,78.7,True,79.6504532156429,0.4879078845940783,0.0,False,False,0.0,baseline
2026-03-04 10:14:00,0,79.1,True,79.73394574216798,0.7555465592629103,0.0,False,False,0.0,baseline
2026-03-04 10:14:10,0,79.7,True,79.9230958923877,1.0919668033327188,0.0,False,False,0.0,baseline
2026-03-04 10:14:20,0,80.0,True,80.14942869133873,1.4175243717675206,0.0,False,False,0.0,baseline
2026-03-04 10:14:30,0,81.3,True,80.40066627217952,1.6829074307350231,0.0,False,False,0.0,baseline
2026-03-04 10:14:40,0,79.8,True,80.71868156505023,1.7894893472059992,0.0,False,False,0.0,baseline
2026-03-04 10:14:50,0,80.7,True,81.03981045209598,1.6943194882113182,0.0,False,False,0.0,baseline
2026-03-04 10:15:00,0,83.1,True,81.41757441449104,1.3922504962995006,0.0,False,False,0.0,baseline
2026-03-04 10:15:10,0,82.3,True,81.64826744596795,0.8722232537709479,0.0,False,False,0.0,baseline
2026-03-04 10:15:20,0,82.6,True,81.72033838510616,0.2832808392518588,0.0,False,False,0.0,baseline
2026-03-04 10:15:30,0,81.5,True,81.6957990550954,-0.27273381634428107,0.0,False,False,0.0,baseline
2026-03-04 10:15:40,0,82.5,True,81.53722623426721,-0.6420612508549285,0.0,False,False,0.0,baseline
2026-03-04 10:15:50,0,81.4,True,81.38485778581688,-0.8505417509842361,0.0,False,False,0.0,baseline
2026-03-04 10:16:00,0,79.5,True,81.22996563500269,-0.9793506381823374,0.0,False,False,0.0,baseline
2026-03-04 10:16:10,0,81.2,True,81.08006775668893,-1.060670346029852,0.0,False,False,0.0,baseline
2026-03-04 10:16:20,0,81.5,True,80.91018117115667,-1.1794827305966078,0.0,False,False,0.0,baseline
2026-03-04 10:16:30,0,80.8,True,80.69199144748383,-1.277018427405642,0.0,False,False,0.0,baseline
2026-03-04 10:16:40,0,80.6,True,80.45580029839164,-1.2695333859251279,0.0,False,False,0.0,baseline
2026-03-04 10:16:50,0,79.9,True,80.19557586569805,-1.1022086706702188,0.0,False,False,0.0,baseline
2026-03-04 10:17:00,0,79.3,True,79.98461407728745,-0.7828711148127109,0.0,False,False,0.0,baseline
2026-03-04 10:17:10,0,78.9,True,79.88775463509141,-0.3547263638049323,0.0,False,False,0.0,baseline
2026-03-04 10:17:20,0,79.5,True,79.88885429874394,0.12144018371156977,0.0,False,False,0.0,baseline
2026-03-04 10:17:30,0,79.8,True,79.95476301218712,0.510703904703837,0.0,False,False,0.0,baseline
2026-03-04 10:17:40,0,79.4,True,80.0964655609948,0.6529420860039035,0.0,False,False,0.0,baseline
2026-03-04 10:17:50,0,80.5,True,80.28757903663495,0.4897182340189277,0.0,False,False,0.0,baseline
2026-03-04 10:18:00,0,81.5,True,80.44328901838092,0.0009712305609376357,0.0,False,False,0.0,baseline
2026-03-04 10:18:10,0,81.6,True,80.42288050319037,-0.6804710439940163,0.0,False,False,0.0,baseline
2026-03-04 10:18:20,0,81.4,True,80.22295207186488,-1.3538965877860487,0.0,False,False,0.0,baseline
2026-03-04 10:18:30,0,79.9,True,79.8268489858502,-1.8636858485900305,0.0,False,False,0.0,baseline
2026-03-04 10:18:40,0,79.1,True,79.41855406414389,-2.123375131778044,0.0,False,False,0.0,baseline
2026-03-04 10:18:50,0,78.7,True,79.06335148646156,-2.158388841690954,0.0,False,False,0.0,baseline
2026-03-04 10:19:00,0,79.0,True,78.71870748985613,-2.0317054537904347,0.0,False,False,0.0,baseline
2026-03-04 10:19:10,0,78.2,True,78.37718140822673,-1.886496784378786,0.0,False,False,0.0,baseline
2026-03-04 10:19:20,0,77.7,True,78.06518556130179,-1.7378471028397842,0.0,False,False,0.0,baseline
2026-03-04 10:19:30,0,77.8,True,77.79738730792714,-1.5359814622502537,0.0,False,False,0.0,baseline
2026-03-04 10:19:40,0,77.3,True,77.54582027254033,-1.2543984463214701,0.0,False,False,0.0,baseline
2026-03-04 10:19:50,0,76.5,True,77.33522328257689,-0.8961675523986184,0.0,False,False,0.0,baseline
2026-03-04 10:20:00,0,76.9,True,77.19716350637627,-0.4551550600659931,0.0,False,False,0.0,baseline
2026-03-04 10:20:10,0,76.6,True,77.15863098123836,0.0671411127318443,0.0,False,False,0.0,baseline
2026-03-04 10:20:20,0,76.1,True,77.21320361964018,0.5756274709850077,0.0,False,False,0.0,baseline
2026-03-04 10:20:30,0,76.8,True,77.36997686131535,0.9407660267832968,0.0,False,False,0.0,baseline
2026-03-04 10:20:40,0,77.6,True,77.62174624654307,1.1055560632359502,0.0,False,False,0.0,baseline
2026-03-04 10:20:50,0,78.4,True,77.87714000619464,1.0760340149898453,0.0,False,False,0.0,baseline
2026-03-04 10:21:00,0,78.8,True,78.0453904335453,0.8901366835277854,0.0,False,False,0.0,baseline
2026-03-04 10:21:10,0,78.4,True,78.15453926648682,0.6775954659870368,0.0,False,False,0.0,baseline
2026-03-04 10:21:20,0,77.9,True,78.22277797717615,0.48512968325367534,0.0,False,False,0.0,baseline
2026-03-04 10:21:30,0,79.8,True,78.2614796840615,0.40566170487213943,0.0,False,False,0.0,baseline
2026-03-04 10:21:40,0,77.5,True,78.36042800495709,0.3652325820645486,0.0,False,False,0.0,baseline
2026-03-04 10:21:50,0,78.8,True,78.38611432667886,0.32138984198201875,0.0,False,False,0.0,baseline
2026-03-04 10:22:00,0,78.0,True,78.47615303618043,0.24182636127746532,0.0,False,False,0.0,baseline
2026-03-04 10:22:10,0,78.9,True,78.51221725171207,0.10971013126202908,1.0,False,False,0.0,baseline
2026-03-04 10:22:20,0,78.7,True,78.51698434252906,0.0423074945521804,1.0,False,False,0.0,baseline
2026-03-04 10:22:30,1,78.6,True,78.49124882376755,0.04267039264867694,1.0,False,False,0.0,baseline
2026-03-04 10:22:40,0,78.0,True,78.44738810896729,0.16800216571044474,1.0,False,False,0.0,baseline
2026-03-04 10:22:50,0,77.4,True,78.4780920789949,0.23562001400967955,1.0,False,False,0.0,baseline
2026-03-04 10:23:00,0,78.4,True,78.58847806218834,0.10679357892958262,1.0,False,False,0.0,baseline
2026-03-04 10:23:10,0,80.4,True,78.7302770557465,-0.21851964061462203,0.0,False,False,0.0,baseline
2026-03-04 10:23:20,0,79.9,True,78.6771222252624,-0.6516813716898268,0.0,False,False,0.0,baseline
2026-03-04 10:23:30,0,78.7,True,78.42015443232201,-1.0684566647133198,0.0,False,False,0.0,baseline
2026-03-04 10:23:40,0,77.7,True,78.11654571143528,-1.3204509256651984,0.0,False,False,0.0,baseline
2026-03-04 10:23:50,0,77.4,True,77.88236127578776,-1.2996631980374433,0.0,False,False,0.0,baseline
2026-03-04 10:24:00,0,77.7,True,77.67857038610487,-1.0954860034158989,0.0,False,False,0.0,baseline
2026-03-04 10:24:10,0,77.3,True,77.52120789410611,-0.8417469522207959,0.0,False,False,0.0,baseline
2026-03-04 10:24:20,0,77.0,True,77.40071338445837,-0.6175847740148578,0.0,False,False,0.0,baseline
2026-03-04 10:24:30,0,77.2,True,77.3136711055537,-0.37492482004947936,0.0,False,False,0.0,baseline
2026-03-04 10:24:40,0,76.8,True,77.27890734424129,-0.15903805037804808,0.0,False,False,0.0,baseline
2026-03-04 10:24:50,0,77.4,True,77.2572948069691,0.02319952042085898,0.0,False,False,0.0,baseline
2026-03-04 10:25:00,0,75.8,True,77.31189807085842,0.17001796367087132,0.0,False,False,0.0,baseline
2026-03-04 10:25:10,0,77.4,True,77.3518176798908,0.29874416277081517,1.0,False,False,0.0,baseline
2026-03-04 10:25:20,0,77.3,True,77.40037356890497,0.45226105566590813,1.0,False,False,0.0,baseline
2026-03-04 10:25:30,1,76.6,True,77.46565838606996,0.6240119340291562,1.0,False,False,0.0,baseline
2026-03-04 10:25:40,0,77.2,True,77.57521960091329,0.7926219442544296,1.0,False,False,0.0,baseline
2026-03-04 10:25:50,0,77.5,True,77.74731741590881,0.9040498975697473,1.0,False,False,0.0,baseline
2026-03-04 10:26:00,0,79.4,True,77.96063480022248,0.9411528338133714,1.0,False,False,0.0,baseline
2026-03-04 10:26:10,0,78.3,True,78.11739131790655,0.8994002899782823,0.0,False,False,0.0,baseline
2026-03-04 10:26:20,0,77.7,True,78.24371305524171,0.8039763659014976,0.0,False,False,0.0,baseline
2026-03-04 10:26:30,0,78.4,True,78.36065363511716,0.7175485028083044,0.0,False,False,0.0,baseline
2026-03-04 10:26:40,0,78.5,True,78.47103648751212,0.6221406282784214,0.0,False,False,0.0,baseline
2026-03-04 10:26:50,0,80.0,True,78.57659208782577,0.4482800013187656,0.0,False,False,0.0,baseline
2026-03-04 10:27:00,0,78.4,True,78.69491303611038,0.14913270791225147,0.0,False,False,0.0,baseline
2026-03-04 10:27:10,0,79.3,True,78.71238615708005,-0.21087341988982397,0.0,False,False,0.0,baseline
2026-03-04 10:27:20,0,79.4,True,78.63192363756305,-0.5667394033878151,0.0,False,False,0.0,baseline
2026-03-04 10:27:30,0,78.4,True,78.44011505763989,-0.8742048112599545,0.0,False,False,0.0,baseline
2026-03-04 10:27:40,0,76.1,True,78.2549923206567,-1.0916567352944493,0.0,False,False,0.0,baseline
2026-03-04 10:27:50,0,78.2,True,78.07903497044961,-1.1267657342589534,0.0,False,False,0.0,baseline
2026-03-04 10:28:00,0,79.0,True,77.88291678198412,-0.949669022266602,0.0,False,False,0.0,baseline
2026-03-04 10:28:10,0,76.4,True,77.63395139051599,-0.6951361949377132,0.0,False,False,0.0,baseline
2026-03-04 10:28:20,0,76.7,True,77.54064456413384,-0.41360225724127836,0.0,False,False,0.0,baseline
2026-03-04 10:28:30,0,77.7,True,77.58744516510733,-0.08314488622790044,0.0,False,False,0.0,baseline
2026-03-04 10:28:40,0,78.9,True,77.61548662693203,0.2870264323189453,0.0,False,False,0.0,baseline
2026-03-04 10:28:50,0,77.1,True,77.62944252657873,0.6121783467284937,0.0,False,False,0.0,baseline
2026-03-04 10:29:00,0,76.4,True,77.73163884732188,0.871502842735669,0.0,False,False,0.0,baseline
2026-03-04 10:29:10,0,77.5,True,77.93910830928534,1.0796492411035614,0.0,False,False,0.0,baseline
2026-03-04 10:29:20,0,78.6,True,78.21976248946302,1.1748800367982497,0.0,False,False,0.0,baseline
2026-03-04 10:29:30,0,79.4,True,78.43704375121787,1.115924171959335,0.0,False,False,0.0,baseline
2026-03-04 10:29:40,0,78.8,True,78.59383230484235,0.9822413833993746,0.0,False,False,0.0,baseline
2026-03-04 10:29:50,0,77.9,True,78.71625957594055,0.8729797777869521,0.0,False,False,0.0,baseline
2026-03-04 10:30:00,0,78.8,True,78.82473010969552,0.8949290875199825,0.0,False,False,0.0,baseline
2026-03-04 10:30:10,0,78.6,True,78.97065566173308,0.9481761023158817,0.0,False,False,0.0,baseline
2026-03-04 10:30:20,0,78.8,True,79.14502382405946,0.9451667532120587,0.0,False,False,0.0,baseline
2026-03-04 10:30:30,0,79.9,True,79.37689595706242,0.831828053453116,0.0,False,False,0.0,baseline
2026-03-04 10:30:40,0,80.0,True,79.5215840829091,0.6428416483173234,0.0,False,False,0.0,baseline
2026-03-04 10:30:50,0,80.1,True,79.58653622257397,0.4502812321868246,0.0,False,False,0.0,baseline
2026-03-04 10:31:00,0,79.2,True,79.58257773266783,0.325624830944619,0.0,False,False,0.0,baseline
2026-03-04 10:31:10,0,79.4,True,79.60904886487297,0.3088106634312847,0.0,False,False,0.0,baseline
2026-03-04 10:31:20,0,80.0,True,79.67036147455696,0.3541792255374634,0.0,False,False,0.0,baseline
2026-03-04 10:31:30,0,79.1,True,79.77673433000041,0.4121490871380004,0.0,False,False,0.0,baseline
2026-03-04 10:31:40,0,80.3,True,79.84589624044392,0.4316676061187037,0.0,False,False,0.0,baseline
2026-03-04 10:31:50,0,79.9,True,79.90604085762808,0.43741644040491734,0.0,False,False,0.0,baseline
2026-03-04 10:32:00,0,79.9,True,79.96719228441692,0.43749658618721304,0.0,False,False,0.0,baseline
2026-03-04 10:32:10,0,79.0,True,80.03954242527524,0.4676356868102559,0.0,False,False,0.0,baseline
2026-03-04 10:32:20,0,80.4,True,80.13514963701276,0.5114283542826421,0.0,False,False,0.0,baseline
2026-03-04 10:32:30,0,80.2,True,80.21994845491906,0.5654590808021518,0.0,False,False,0.0,baseline
2026-03-04 10:32:40,0,79.5,True,80.30807201531188,0.5673044160267976,0.0,False,False,0.0,baseline
2026-03-04 10:32:50,0,80.3,True,80.41420757825666,0.48512905868449774,0.0,False,False,0.0,baseline
2026-03-04 10:33:00,0,82.5,True,80.53937773757755,0.3302371158848638,0.0,False,False,0.0,baseline
2026-03-04 10:33:10,0,81.0,True,80.58777751982802,0.11014659716128926,0.0,False,False,0.0,baseline
2026-03-04 10:33:20,0,,False,80.56747355538316,-0.1439671077496694,0.0,False,False,0.0,baseline
2026-03-04 10:33:30,0,,False,80.50285962794659,-0.378027711571269,0.0,False,False,0.0,baseline
2026-03-04 10:33:40,0,,False,80.41094452739,-0.5262834101785332,0.0,False,False,0.0,baseline
2026-03-04 10:33:50,0,,False,80.30418684806507,-0.5955863438155324,0.0,False,False,0.0,baseline
2026-03-04 10:34:00,0,,False,80.19257142119542,-0.6153441442789064,0.0,False,False,0.0,baseline
2026-03-04 10:34:10,0,80.0,True,80.0852734534139,-0.607897397360172,0.0,False,False,0.0,baseline
2026-03-04 10:34:20,0,79.3,True,79.99218772786803,-0.6005764071443113,0.0,False,False,0.0,baseline
2026-03-04 10:34:30,0,80.4,True,79.89779995696682,-0.6243038657381963,0.0,False,False,0.0,baseline
2026-03-04 10:34:40,0,79.9,True,79.80304551222675,-0.7020819686217625,0.0,False,False,0.0,baseline
2026-03-04 10:34:50,0,79.8,True,79.69213198619111,-0.8290165900851344,0.0,False,False,0.0,baseline
2026-03-04 10:35:00,0,80.6,True,79.54657379118734,-0.9441206432293461,0.0,False,False,0.0,baseline
2026-03-04 10:35:10,0,79.5,True,79.35877789471479,-1.0130067083403336,0.0,False,False,0.0,baseline
2026-03-04 10:35:20,0,77.2,True,79.14744498069469,-1.0221557962699226,2.0,False,False,0.0,baseline
2026-03-04 10:35:30,0,78.9,True,78.97735289679036,-0.9873784692920979,2.0,False,False,0.0,baseline
2026-03-04 10:35:40,2,78.8,True,78.83681962901777,-0.9564499348153099,3.0,False,False,0.0,baseline
2026-03-04 10:35:50,0,78.8,True,78.70242296608147,-0.9492154370934329,3.0,False,False,0.0,baseline
2026-03-04 10:36:00,1,78.9,True,78.55176346415875,-0.946612083649025,3.0,False,False,0.0,baseline
2026-03-04 10:36:10,0,78.3,True,78.3597312062625,-0.9053488393842111,3.0,False,False,0.0,baseline
2026-03-04 10:36:20,0,77.8,True,78.17765414940997,-0.8435484969215165,1.0,False,False,0.0,baseline
2026-03-04 10:36:30,0,77.5,True,78.05851945079245,-0.797339570612396,1.0,False,False,0.0,baseline
2026-03-04 10:36:40,0,78.2,True,77.98247132730698,-0.805449144167228,0.0,False,False,0.0,baseline
2026-03-04 10:36:50,0,78.6,True,77.87016842503935,-0.7835145274641948,0.0,False,False,0.0,baseline
2026-03-04 10:37:00,0,78.0,True,77.7028935936116,-0.6528799510528024,0.0,False,False,0.0,baseline
2026-03-04 10:37:10,0,76.3,True,77.48610102778579,-0.43820155695972146,0.0,False,False,0.0,baseline
2026-03-04 10:37:20,0,76.5,True,77.43365863325761,-0.15369961283610709,0.0,False,False,0.0,baseline
2026-03-04 10:37:30,0,77.7,True,77.53682601093901,0.11590001486245907,0.0,False,False,0.0,baseline
2026-03-04 10:37:40,0,78.4,True,77.61279772377691,0.30481631170478407,0.0,False,False,0.0,baseline
2026-03-04 10:37:50,0,76.9,True,77.67423572391095,0.3088210414503013,0.0,False,False,0.0,baseline
2026-03-04 10:38:00,0,77.9,True,77.69804634469682,0.1714388019137529,0.0,False,False,0.0,baseline
2026-03-04 10:38:10,0,77.6,True,77.73819802293215,-0.026656018256201217,0.0,False,False,0.0,baseline
2026-03-04 10:38:20,0,78.2,True,77.7513827049895,-0.1756220795640805,0.0,False,False,0.0,baseline
2026-03-04 10:38:30,0,78.8,True,77.68979783787843,-0.1895727731802412,0.0,False,False,0.0,baseline
2026-03-04 10:38:40,0,76.8,True,77.54317927708043,-0.17083321470737367,0.0,False,False,0.0,baseline
2026-03-04 10:38:50,0,76.7,True,77.52042392912915,-0.16270871582857324,0.0,False,False,0.0,baseline
2026-03-04 10:39:00,0,78.2,True,77.61773923603273,-0.17813090768309223,0.0,False,False,0.0,baseline
2026-03-04 10:39:10,0,78.3,True,77.6180110822751,-0.24109872700858573,0.0,False,False,0.0,baseline
2026-03-04 10:39:20,0,77.3,True,77.52128477556332,-0.340678238930736,0.0,False,False,0.0,baseline
2026-03-04 10:39:30,0,77.7,True,77.39477259811208,-0.32918031448419044,0.0,False,False,0.0,baseline
2026-03-04 10:39:40,0,76.6,True,77.28405585367952,-0.10111720435642865,0.0,False,False,0.0,baseline
2026-03-04 10:39:50,0,75.9,True,77.28734841819353,0.24223589552146949,0.0,False,False,0.0,baseline
2026-03-04 10:40:00,0,77.6,True,77.40519905240646,0.554533073224396,0.0,False,False,0.0,baseline
2026-03-04 10:40:10,0,77.1,True,77.57391619535379,0.7485381440837882,0.0,False,False,0.0,baseline
2026-03-04 10:40:20,0,78.2,True,77.73828603752675,0.7958710008619214,0.0,False,False,0.0,baseline
2026-03-04 10:40:30,0,78.0,True,77.85903688595417,0.7865633101646766,0.0,False,False,0.0,baseline
2026-03-04 10:40:40,0,77.7,True,77.9562938820406,0.81906379020918,0.0,False,False,0.0,baseline
2026-03-04 10:40:50,0,77.9,True,78.06293319180045,0.9416463305266496,0.0,False,False,0.0,baseline
2026-03-04 10:41:00,0,76.7,True,78.23006136686038,1.0997413545033456,0.0,False,False,0.0,baseline
2026-03-04 10:41:10,0,79.9,True,78.45219976973037,1.2375551756592016,0.0,False,False,0.0,baseline
2026-03-04 10:41:20,0,78.2,True,78.7163714675554,1.2673424784725602,0.0,False,False,0.0,baseline
2026-03-04 10:41:30,0,79.0,True,78.93327174330635,1.1440678134123192,0.0,False,False,0.0,baseline
2026-03-04 10:41:40,0,79.6,True,79.13905064294168,0.8900425458255762,0.0,False,False,0.0,baseline
2026-03-04 10:41:50,0,79.7,True,79.26800464973395,0.580786273971688,0.0,False,False,0.0,baseline
2026-03-04 10:42:00,0,80.1,True,79.32495943148189,0.29332771444641903,0.0,False,False,0.0,baseline
2026-03-04 10:42:10,0,78.0,True,79.31940745181012,0.03689996447175166,0.0,False,False,0.0,baseline
2026-03-04 10:42:20,0,79.4,True,79.30042338077338,-0.14909207713855752,0.0,False,False,0.0,baseline
2026-03-04 10:42:30,0,79.5,True,79.26484320653219,-0.25636136970052575,0.0,False,False,0.0,baseline
2026-03-04 10:42:40,0,79.3,True,79.20673690004635,-0.27778612864113406,0.0,False,False,0.0,baseline
2026-03-04 10:42:50,0,79.0,True,79.13308674356824,-0.22408000426000557,0.0,False,False,0.0,baseline
2026-03-04 10:43:00,0,78.4,True,79.08161771101815,-0.09343483296980692,0.0,False,False,0.0,baseline
2026-03-04 10:43:10,0,78.8,True,79.07708496363776,0.02520929473020886,0.0,False,False,0.0,baseline
2026-03-04 10:43:20,0,78.9,True,79.11873304353033,0.051626400123360505,0.0,False,False,0.0,baseline
2026-03-04 10:43:30,0,79.8,True,79.19683663067794,0.0009336198228021902,0.0,False,False,0.0,baseline
2026-03-04 10:43:40,0,79.7,True,79.19107965627187,-0.09603212860252108,0.0,False,False,0.0,baseline
2026-03-04 10:43:50,0,78.3,True,79.10050262457776,-0.19114608893777751,0.0,False,False,0.0,baseline
2026-03-04 10:44:00,0,78.9,True,79.04334269697993,-0.22168915933407063,0.0,False,False,0.0,baseline
2026-03-04 10:44:10,0,79.0,True,79.01007321887876,-0.12846613723840142,0.0,False,False,0.0,baseline
2026-03-04 10:44:20,0,78.8,True,78.99514927725737,0.03977443341279559,0.0,False,False,0.0,baseline
2026-03-04 10:44:30,0,77.7,True,79.01275021517887,0.2182155048709106,0.0,False,False,0.0,baseline
2026-03-04 10:44:40,0,78.9,True,79.06580952229685,0.3544543985694422,0.0,False,False,0.0,baseline
2026-03-04 10:44:50,0,81.0,True,79.14650374979762,0.41405473964860934,0.0,False,False,0.0,baseline
2026-03-04 10:45:00,0,78.7,True,79.268281935598,0.3748070611454237,0.0,False,False,0.0,baseline
2026-03-04 10:45:10,0,79.6,True,79.33477377733138,0.22659865473791718,0.0,False,False,0.0,baseline
2026-03-04 10:45:20,0,80.6,True,79.35706124861997,-0.005271880641823115,0.0,False,False,0.0,baseline
2026-03-04 10:45:30,0,79.1,True,79.3388589280119,-0.2987353485094823,0.0,False,False,0.0,baseline
2026-03-04 10:45:40,0,79.7,True,79.26046642873914,-0.5455594697001361,0.0,False,False,0.0,baseline
2026-03-04 10:45:50,0,79.5,True,79.14215166758956,-0.7333101691741316,0.0,False,False,0.0,baseline
2026-03-04 10:46:00,0,78.8,True,78.9641955177049,-0.8682792301771448,0.0,False,False,0.0,baseline
2026-03-04 10:46:10,0,78.8,True,78.81360528743771,-0.9443900676382355,0.0,False,False,0.0,baseline
2026-03-04 10:46:20,0,78.5,True,78.6652826050768,-0.9457563925628208,0.0,False,False,0.0,baseline
2026-03-04 10:46:30,0,78.9,True,78.49450702356201,-0.8654630686288038,0.0,False,False,0.0,baseline
2026-03-04 10:46:40,0,78.0,True,78.32281594597421,-0.7401278751805201,0.0,False,False,0.0,baseline
2026-03-04 10:46:50,0,76.6,True,78.20492752604879,-0.5774330418813496,0.0,False,False,0.0,baseline
2026-03-04 10:47:00,0,77.9,True,78.13786036046483,-0.41454847746714846,0.0,False,False,0.0,baseline
2026-03-04 10:47:10,0,78.2,True,78.11043658829166,-0.32075532596412076,0.0,False,False,0.0,baseline
2026-03-04 10:47:20,0,78.1,True,78.08475224750043,-0.3518499668836699,0.0,False,False,0.0,baseline
2026-03-04 10:47:30,0,79.3,True,78.03985994795927,-0.48801484037905063,0.0,False,False,0.0,baseline
2026-03-04 10:47:40,0,78.3,True,77.95161097307799,-0.6162298063185404,0.0,False,False,0.0,baseline
2026-03-04 10:47:50,0,77.1,True,77.80529716037637,-0.6721497399777722,0.0,False,False,0.0,baseline
2026-03-04 10:48:00,0,78.0,True,77.62653287440413,-0.6293803445856604,0.0,False,False,0.0,baseline
2026-03-04 10:48:10,0,76.6,True,77.53552406749925,-0.48793624471971003,0.0,False,False,0.0,baseline
2026-03-04 10:48:20,0,77.3,True,77.48376927184424,-0.2778148523070248,0.0,False,False,0.0,baseline
2026-03-04 10:48:30,0,77.3,True,77.46264268816327,-0.1389959352788306,0.0,False,False,0.0,baseline
2026-03-04 10:48:40,0,76.5,True,77.46862321917618,-0.1876287217494746,0.0,False,False,0.0,baseline
2026-03-04 10:48:50,0,78.6,True,77.50270762005178,-0.3211043904164466,0.0,False,False,0.0,baseline
2026-03-04 10:49:00,0,78.1,True,77.437243290936,-0.4509546003432931,0.0,False,False,0.0,baseline
2026-03-04 10:49:10,0,76.4,True,77.26131951030955,-0.5095353388987632,0.0,False,False,0.0,baseline
2026-03-04 10:49:20,0,77.0,True,77.12894898140135,-0.43875291965162305,0.0,False,False,0.0,baseline
2026-03-04 10:49:30,0,76.7,True,77.06806994939338,-0.15895312987021679,0.0,False,False,0.0,baseline
2026-03-04 10:49:40,0,75.9,True,77.06853590895096,0.290783043028064,18.0,False,False,0.0,baseline
2026-03-04 10:49:50,0,77.7,True,77.13042452000037,0.8461259135738958,36.0,False,False,0.0,baseline
2026-03-04 10:50:00,18,76.5,True,77.29738388438317,1.3924897697153855,55.0,False,False,0.0,activity
2026-03-04 10:50:10,18,76.6,True,77.58057389616314,1.8995066827142126,75.0,False,False,0.0,activity
2026-03-04 10:50:20,19,78.2,True,78.02719289063698,2.319536614260672,94.0,False,False,0.0,activity
2026-03-04 10:50:30,20,79.2,True,78.44501070021697,2.7082988386601228,113.0,False,False,0.0,activity
2026-03-04 10:50:40,19,77.7,True,78.90366362649978,3.1627299171219883,114.0,False,False,0.0,activity
2026-03-04 10:50:50,19,78.8,True,79.37959382386589,3.6657112198661133,116.0,False,False,0.0,activity
2026-03-04 10:51:00,19,78.4,True,80.01878965854297,4.222501535445085,117.0,False,False,0.0,activity
2026-03-04 10:51:10,20,80.6,True,80.8611171029772,4.729470678360153,116.0,False,False,0.0,activity
2026-03-04 10:51:20,20,81.8,True,81.74696406457431,5.228256362906697,116.0,False,False,0.0,activity
2026-03-04 10:51:30,19,82.5,True,82.62397170360046,5.59127525079486,115.0,False,False,0.0,activity
2026-03-04 10:51:40,19,82.5,True,83.52164129322668,5.711173347148851,114.0,False,False,0.0,activity
2026-03-04 10:51:50,18,84.7,True,84.58958443172402,5.6293622394562375,113.0,False,False,0.0,activity
2026-03-04 10:52:00,18,86.8,True,85.6391249755087,5.37863531453016,112.0,False,False,0.0,activity
2026-03-04 10:52:10,19,88.7,True,86.4951863485448,5.038633322978168,111.0,False,False,0.0,activity
2026-03-04 10:52:20,19,87.3,True,87.21711211300506,4.670546409065402,111.0,False,False,0.0,activity
2026-03-04 10:52:30,18,87.5,True,87.89188989629947,4.3737410395206995,112.0,False,False,0.0,activity
2026-03-04 10:52:40,19,88.5,True,88.63198266231046,4.205892509896138,112.0,False,False,0.0,activity
2026-03-04 10:52:50,19,90.2,True,89.39407253870652,4.046168922397137,112.0,False,False,0.0,activity
2026-03-04 10:53:00,18,90.1,True,90.03850783822034,3.7715211076786352,112.0,False,False,0.0,activity
2026-03-04 10:53:10,19,91.1,True,90.65602777743754,3.364745858525645,113.0,False,False,0.0,activity
2026-03-04 10:53:20,19,91.9,True,91.19955234622766,2.9044758715079,112.0,False,False,0.0,activity
2026-03-04 10:53:30,19,92.0,True,91.62633563938905,2.4925709106938734,113.0,False,False,0.0,activity
2026-03-04 10:53:40,18,92.4,True,91.9908415391153,2.106808720709792,114.0,False,False,0.0,activity
2026-03-04 10:53:50,20,92.8,True,92.28715436202741,1.7793241746535522,115.0,False,False,0.0,activity
2026-03-04 10:54:00,19,91.8,True,92.56465957861076,1.526965086277676,115.0,False,False,0.0,activity
2026-03-04 10:54:10,20,93.1,True,92.80294139162922,1.3469573218052302,115.0,False,False,0.0,activity
2026-03-04 10:54:20,19,93.1,True,92.99171343658588,1.2735853014431973,117.0,False,False,0.0,activity
2026-03-04 10:54:30,19,93.0,True,93.16243772097351,1.2624774979883915,115.0,False,False,0.0,activity
2026-03-04 10:54:40,20,92.8,True,93.36023495885672,1.3153540394364438,114.0,False,False,0.0,activity
2026-03-04 10:54:50,18,93.7,True,93.61807135654938,1.4160276826953482,113.0,False,False,0.0,activity
2026-03-04 10:55:00,18,93.8,True,93.86225298033361,1.49199165402255,113.0,False,False,0.0,activity
2026-03-04 10:55:10,19,94.0,True,94.1168101008401,1.4559066153059055,115.0,False,False,0.0,activity
2026-03-04 10:55:20,19,94.6,True,94.39083557148659,1.269615536283121,114.0,False,False,0.0,activity
2026-03-04 10:55:30,21,95.2,True,94.63000030404751,0.944927046640875,115.0,False,False,0.0,activity
2026-03-04 10:55:40,19,95.4,True,94.77416508728301,0.4598692552483266,116.0,False,False,0.0,activity
2026-03-04 10:55:50,19,96.5,True,94.81402405173235,-0.11997223169805196,116.0,False,False,0.0,activity
2026-03-04 10:56:00,19,95.5,True,94.7395536914704,-0.7340948048798079,118.0,False,False,0.0,activity
2026-03-04 10:56:10,19,94.9,True,94.53834227978686,-1.3062807979224664,115.0,False,False,0.0,activity
2026-03-04 10:56:20,21,94.2,True,94.27685458140111,-1.7890374001426728,114.0,False,False,0.0,activity
2026-03-04 10:56:30,18,95.0,True,93.91150931324887,-2.2056811881009235,114.0,False,False,0.0,activity
2026-03-04 10:56:40,18,91.9,True,93.49808226397144,-2.647081364552154,95.0,False,False,0.0,activity
2026-03-04 10:56:50,19,93.6,True,93.0676689253559,-3.040376054142994,76.0,False,False,0.0,activity
2026-03-04 10:57:00,0,94.5,True,92.54853374096635,-3.2475429432338334,55.0,False,False,0.0,baseline
2026-03-04 10:57:10,0,91.4,True,91.85415418007119,-3.263824132387429,37.0,False,False,0.0,baseline
2026-03-04 10:57:20,0,90.3,True,91.23546698252123,-3.063361724557957,19.0,False,False,0.0,baseline
2026-03-04 10:57:30,0,89.8,True,90.7726909487248,-2.655602461297663,0.0,False,False,0.0,baseline
2026-03-04 10:57:40,0,90.5,True,90.38869673971584,-2.119015036825065,0.0,False,False,0.0,baseline
2026-03-04 10:57:50,0,89.5,True,90.10281865399284,-1.6034539280137763,0.0,False,False,0.0,baseline
2026-03-04 10:58:00,0,89.8,True,89.8674103439353,-1.1122779976809567,0.0,False,False,0.0,baseline
2026-03-04 10:58:10,0,88.7,True,89.69323709120032,-0.699338876485423,0.0,False,False,0.0,baseline
2026-03-04 10:58:20,0,89.0,True,89.63460335366537,-0.4386705204183825,0.0,False,False,0.0,baseline
2026-03-04 10:58:30,0,90.8,True,89.68173684174131,-0.2475424891829462,0.0,False,False,0.0,baseline
2026-03-04 10:58:40,0,90.1,True,89.6591598034408,-0.07267153947797798,0.0,False,False,0.0,baseline
2026-03-04 10:58:50,0,89.0,True,89.5631093990471,0.14723034412353667,0.0,False,False,0.0,baseline
2026-03-04 10:59:00,0,88.4,True,89.56091056116124,0.43452776126946596,0.0,False,False,0.0,baseline
2026-03-04 10:59:10,0,88.9,True,89.66886348346891,0.8406750433888973,0.0,False,False,0.0,baseline
2026-03-04 10:59:20,0,89.8,True,89.90496031968806,1.3012205470255411,0.0,False,False,0.0,baseline
2026-03-04 10:59:30,0,90.0,True,90.15855054252188,1.5643504275474123,0.0,False,False,0.0,baseline
2026-03-04 10:59:40,0,89.9,True,90.45523252244269,1.5632053793272116,0.0,False,False,0.0,baseline
2026-03-04 10:59:50,0,92.7,True,90.82778658943727,1.3333088467091823,0.0,False,False,0.0,baseline
2026-03-04 11:00:00,0,91.8,True,91.03830508800472,0.964916169495079,0.0,False,False,0.0,baseline
2026-03-04 11:00:10,0,91.5,True,91.12187443457296,0.564485711006362,0.0,False,False,0.0,baseline
2026-03-04 11:00:20,0,90.8,True,91.14242285357001,0.28670763292349405,0.0,False,False,0.0,baseline
2026-03-04 11:00:30,0,91.5,True,91.1033750814954,0.3352855888993241,0.0,False,False,0.0,baseline
2026-03-04 11:00:40,0,90.5,True,91.11488982300335,0.7218873335012528,0.0,False,False,0.0,baseline
2026-03-04 11:00:50,0,89.9,True,91.22888620167853,1.3430893479724573,0.0,False,False,0.0,baseline
2026-03-04 11:01:00,0,90.3,True,91.49769694730013,2.1202824442486063,0.0,False,False,0.0,stress_onset
2026-03-04 11:01:10,0,91.4,True,91.96612385080508,2.9151416621852553,0.0,False,False,0.0,stress_onset
2026-03-04 11:01:20,0,91.8,True,92.52890472944419,3.7030006809623144,0.0,False,False,0.0,stress_onset
2026-03-04 11:01:30,0,92.7,True,93.21316972965734,4.440169337042632,0.0,True,True,17.76067734817053,stress_onset
2026-03-04 11:01:40,0,93.0,True,93.9829630181467,5.12093764453484,0.0,True,True,20.48375057813936,stress_onset
2026-03-04 11:01:50,0,94.3,True,94.91658347632718,5.848052702306686,0.0,True,True,23.392210809226743,stress_onset
2026-03-04 11:02:00,0,95.4,True,95.95296784722883,6.596271781891574,0.0,True,True,26.385087127566297,stress_onset
2026-03-04 11:02:10,0,96.0,True,97.08151352600197,7.340298063220322,0.0,True,True,29.361192252881292,stress_onset
2026-03-04 11:02:20,0,97.7,True,98.39031145910876,7.914850212228678,0.0,True,True,31.65940084891471,stress_onset
2026-03-04 11:02:30,0,99.3,True,99.814161302067,8.39068692041801,2.0,True,True,33.56274768167204,stress_onset
2026-03-04 11:02:40,0,101.9,True,101.32370469536976,8.757828591534162,4.0,True,True,35.03131436613665,stress_onset
2026-03-04 11:02:50,2,102.1,True,102.73719887123413,8.995322646953655,4.0,True,True,35.98129058781462,stress_onset
2026-03-04 11:03:00,2,104.0,True,104.25689285897083,9.149894286389253,4.0,True,True,36.599577145557014,stress_onset
2026-03-04 11:03:10,0,105.7,True,105.81940232320267,9.154448306889742,4.0,True,True,36.61779322755897,stress_onset
2026-03-04 11:03:20,0,107.5,True,107.40181217463495,9.116886569014735,4.0,True,True,36.46754627605894,stress_onset
2026-03-04 11:03:30,0,110.0,True,108.9678573885064,8.84166306883269,2.0,True,True,35.36665227533076,stress_onset
2026-03-04 11:03:40,0,110.1,True,110.36187883379556,8.35433579440849,0.0,True,True,33.41734317763396,stress_onset
2026-03-04 11:03:50,0,113.0,True,111.79954675138397,7.691540676195241,0.0,True,True,30.766162704780964,stress_onset
2026-03-04 11:04:00,0,114.0,True,113.03713912753638,6.9142404325859905,0.0,True,True,27.65696173034396,stress_onset
2026-03-04 11:04:10,0,115.0,True,114.1142546916115,6.160742165836338,0.0,True,True,24.642968663345354,stress_onset
2026-03-04 11:04:20,0,115.9,True,115.04374603762187,5.380462831487995,0.0,True,True,21.52185132595198,stress_onset
2026-03-04 11:04:30,0,116.0,True,115.83052838990255,4.7219273023876704,0.0,True,True,18.887709209550682,stress_onset
2026-03-04 11:04:40,0,117.7,True,116.58906547383364,4.168236799875789,0.0,True,True,16.672947199503156,stress_onset
2026-03-04 11:04:50,0,117.3,True,117.22911347007033,3.7163952878194273,0.0,False,False,0.0,stress_onset
2026-03-04 11:05:00,0,118.1,True,117.7906803779854,3.3982387046853817,0.0,False,False,0.0,stress_onset
2026-03-04 11:05:10,0,118.5,True,118.30069401556469,3.2321695247132194,0.0,False,False,0.0,stress_onset
2026-03-04 11:05:20,0,118.8,True,118.77748998907143,3.1476524083837596,0.0,False,False,0.0,stress_onset
2026-03-04 11:05:30,0,118.5,True,119.30053429409007,2.9627440267849487,0.0,False,False,0.0,stress_sustained
2026-03-04 11:05:40,0,120.7,True,119.90700098145705,2.57876917345984,0.0,False,False,0.0,stress_sustained
2026-03-04 11:05:50,0,121.7,True,120.38130116573352,1.9817320395209164,0.0,False,False,0.0,stress_sustained
2026-03-04 11:06:00,0,122.5,True,120.63581821096557,1.2149835788355126,0.0,False,False,0.0,stress_sustained
2026-03-04 11:06:10,0,121.1,True,120.71297162469187,0.39716095271796553,0.0,False,False,0.0,stress_sustained
2026-03-04 11:06:20,0,121.4,True,120.67562030920016,-0.30446818127988745,0.0,False,False,0.0,stress_sustained
2026-03-04 11:06:30,0,120.9,True,120.5675390452418,-0.8675562978719826,0.0,False,False,0.0,stress_sustained
2026-03-04 11:06:40,0,121.0,True,120.3873809554904,-1.2323799879189041,0.0,False,False,0.0,stress_sustained
2026-03-04 11:06:50,0,120.6,True,120.12178635832073,-1.377600342618961,0.0,False,False,0.0,stress_sustained
2026-03-04 11:07:00,0,119.1,True,119.77648948753784,-1.3024207544221558,0.0,False,False,0.0,stress_sustained
2026-03-04 11:07:10,0,118.6,True,119.54394086467794,-1.0157398633909218,0.0,False,False,0.0,stress_sustained
2026-03-04 11:07:20,0,118.9,True,119.41871571926433,-0.5662060924486361,0.0,False,False,0.0,stress_sustained
2026-03-04 11:07:30,0,119.0,True,119.37994319372811,-0.04318286072395506,0.0,False,False,0.0,stress_sustained
2026-03-04 11:07:40,0,118.7,True,119.4211612004799,0.4226432275467516,0.0,False,False,0.0,stress_sustained
2026-03-04 11:07:50,0,119.4,True,119.532572740645,0.808909853741955,0.0,False,False,0.0,stress_sustained
2026-03-04 11:08:00,0,119.1,True,119.71607973758425,1.1371376460370362,1.0,False,False,0.0,stress_sustained
2026-03-04 11:08:10,0,119.9,True,119.95226669078754,1.4548883793383147,1.0,False,False,0.0,stress_sustained
2026-03-04 11:08:20,1,119.9,True,120.19716475912209,1.8329776520531478,1.0,False,False,0.0,stress_sustained
2026-03-04 11:08:30,0,119.7,True,120.49159028731032,2.2594203429673425,1.0,False,False,0.0,stress_sustained
2026-03-04 11:08:40,0,121.1,True,120.88461419671691,2.716004519614214,1.0,False,False,0.0,stress_sustained
2026-03-04 11:08:50,0,120.0,True,121.42507380557632,3.082398973339668,1.0,False,False,0.0,stress_sustained
2026-03-04 11:09:00,0,121.8,True,122.01971238203178,3.2053837321455685,0.0,False,False,0.0,stress_sustained
2026-03-04 11:09:10,0,123.3,True,122.65096968882587,3.041170541547197,0.0,False,False,0.0,stress_sustained
2026-03-04 11:09:20,0,124.1,True,123.17405527709093,2.6159619650162336,2.0,False,False,0.0,stress_sustained
2026-03-04 11:09:30,0,124.4,True,123.54281674487113,2.1017470493213364,2.0,False,False,0.0,stress_sustained
2026-03-04 11:09:40,2,124.0,True,123.81871433679653,1.6306804513705038,2.0,False,False,0.0,stress_sustained
2026-03-04 11:09:50,0,125.1,True,123.99773098485467,1.3492510715052561,2.0,False,False,0.0,stress_sustained
2026-03-04 11:10:00,0,124.0,True,124.17636946372193,1.1641254416528157,2.0,False,False,0.0,stress_sustained
2026-03-04 11:10:10,0,124.1,True,124.36773618654283,0.9480207187425309,3.0,False,False,0.0,stress_sustained
2026-03-04 11:10:20,0,125.5,True,124.60372560712086,0.6292051632417397,1.0,False,False,0.0,stress_sustained
2026-03-04 11:10:30,1,125.4,True,124.7070026288857,0.18668570637649476,1.0,False,False,0.0,stress_sustained
2026-03-04 11:10:40,0,125.7,True,124.67811342213149,-0.34971946609264337,1.0,False,False,0.0,stress_sustained
2026-03-04 11:10:50,0,124.8,True,124.52890978573251,-0.8872683591010065,1.0,False,False,0.0,stress_sustained
2026-03-04 11:11:00,0,123.9,True,124.33452444695561,-1.3298381691023693,1.0,False,False,0.0,stress_sustained
2026-03-04 11:11:10,0,124.9,True,124.06255984933797,-1.6619048168112411,0.0,False,False,0.0,stress_sustained
2026-03-04 11:11:20,0,124.2,True,123.76768855994332,-1.7959556006552897,0.0,False,False,0.0,stress_sustained
2026-03-04 11:11:30,0,123.4,True,123.40076536387255,-1.6757608893704303,0.0,False,False,0.0,stress_sustained
2026-03-04 11:11:40,0,122.1,True,123.0339697284472,-1.2384310882187115,11.0,False,False,0.0,stress_sustained
2026-03-04 11:11:50,0,121.6,True,122.82283571442971,-0.4932207541510366,22.0,False,False,0.0,stress_sustained
2026-03-04 11:12:00,11,121.7,True,122.79884098615051,0.598357549462927,33.0,False,False,0.0,stress_sustained
2026-03-04 11:12:10,11,121.4,True,122.97465308889637,1.961090682749302,43.0,False,False,0.0,stress_sustained
2026-03-04 11:12:20,11,122.2,True,123.36290737312497,2.9328151203034443,53.0,False,False,0.0,stress_sustained
2026-03-04 11:12:30,10,121.5,True,124.06164621954106,3.154056363622468,65.0,False,False,0.0,stress_sustained
2026-03-04 11:12:40,10,129.2,True,125.07065943588064,2.8545450961166843,66.0,False,False,0.0,stress_sustained
2026-03-04 11:12:50,12,128.5,True,125.50811589153366,2.291505630344654,65.0,False,False,0.0,stress_sustained
2026-03-04 11:13:00,12,124.5,True,125.44692499577562,1.6818123410586634,66.0,False,False,0.0,stress_sustained
2026-03-04 11:13:10,10,124.4,True,125.54355493264683,1.2738496800443861,67.0,False,False,0.0,stress_sustained
2026-03-04 11:13:20,12,125.3,True,125.81411069162584,1.296052441894679,68.0,False,False,0.0,stress_sustained
2026-03-04 11:13:30,11,126.4,True,126.17035156587582,1.3414068012036409,66.0,False,False,0.0,stress_sustained
2026-03-04 11:13:40,11,127.7,True,126.48831770110509,0.9746146749989503,54.0,False,False,0.0,stress_sustained
2026-03-04 11:13:50,10,127.6,True,126.62100345318521,0.2952583279607791,44.0,False,False,0.0,stress_sustained
2026-03-04 11:14:00,0,127.0,True,126.59052311412952,-0.5277454406077147,32.0,False,False,0.0,stress_sustained
2026-03-04 11:14:10,0,127.7,True,126.39179662742875,-1.3422782111822325,21.0,False,False,0.0,stress_sustained
2026-03-04 11:14:20,0,126.7,True,126.0917029119661,-1.9662383026680565,10.0,False,False,0.0,stress_sustained
2026-03-04 11:14:30,0,124.9,True,125.69022634849777,-2.410761920788999,0.0,False,False,0.0,stress_sustained
2026-03-04 11:14:40,0,126.3,True,125.18712084311241,-2.732079192374747,0.0,False,False,0.0,stress_sustained
2026-03-04 11:14:50,0,124.7,True,124.7318688115791,-2.8766001388800686,0.0,False,False,0.0,stress_sustained
2026-03-04 11:15:00,0,124.9,True,124.24859491530898,-2.8434115847225137,0.0,False,False,0.0,stress_sustained
2026-03-04 11:15:10,0,122.9,True,123.69008683825702,-2.705553532780595,0.0,False,False,0.0,stress_sustained
2026-03-04 11:15:20,0,122.9,True,123.26325990091455,-2.586478212492563,0.0,False,False,0.0,stress_sustained
2026-03-04 11:15:30,0,121.8,True,122.89697628039116,-2.5377683085723133,0.0,False,False,0.0,stress_sustained
2026-03-04 11:15:40,0,123.4,True,122.53018870659962,-2.5370197894140833,0.0,False,False,0.0,stress_sustained
2026-03-04 11:15:50,0,122.8,True,122.118432583908,-2.6698221875391206,0.0,False,False,0.0,stress_sustained
2026-03-04 11:16:00,0,121.3,True,121.59308189186773,-2.833309235968255,0.0,False,False,0.0,stress_sustained
2026-03-04 11:16:10,0,121.3,True,121.1165781818054,-2.9261573475349243,0.0,False,False,0.0,stress_sustained
2026-03-04 11:16:20,0,120.6,True,120.60950416871063,-2.9245554932145374,0.0,False,False,0.0,stress_sustained
2026-03-04 11:16:30,0,119.8,True,120.10401418373431,-2.806808125858465,0.0,False,False,0.0,stress_sustained
2026-03-04 11:16:40,0,119.6,True,119.64919322938036,-2.621147827097831,0.0,False,False,0.0,stress_sustained
2026-03-04 11:16:50,0,118.2,True,119.20257114658979,-2.350916928091573,0.0,False,False,0.0,stress_sustained
2026-03-04 11:17:00,0,118.8,True,118.82304425489751,-2.0510769456719813,0.0,False,False,0.0,stress_sustained
2026-03-04 11:17:10,0,118.3,True,118.53069140568815,-1.7645116922929236,0.0,False,False,0.0,stress_sustained
2026-03-04 11:17:20,0,117.9,True,118.27678712409347,-1.47560314953408,0.0,False,False,0.0,stress_sustained
2026-03-04 11:17:30,0,118.1,True,118.05234736318104,-1.1576284650309037,0.0,False,False,0.0,stress_sustained
2026-03-04 11:17:40,0,117.5,True,117.85329882946544,-0.7611632866042909,0.0,False,False,0.0,stress_sustained
2026-03-04 11:17:50,0,116.9,True,117.71313343399409,-0.2629872273736178,0.0,False,False,0.0,stress_sustained
2026-03-04 11:18:00,0,116.6,True,117.70849027752172,0.3413576272948135,0.0,False,False,0.0,stress_sustained
2026-03-04 11:18:10,0,117.3,True,117.8385955006363,0.9275954198457427,0.0,False,False,0.0,stress_sustained
2026-03-04 11:18:20,0,117.3,True,118.05846664052359,1.3934324490376635,0.0,False,False,0.0,stress_sustained
2026-03-04 11:18:30,0,118.6,True,118.40474888716481,1.6950796483073287,0.0,False,False,0.0,stress_sustained
2026-03-04 11:18:40,0,118.8,True,118.71848928166683,1.8006686937234768,0.0,False,False,0.0,stress_sustained
2026-03-04 11:18:50,0,118.9,True,119.01864455644666,1.7492263309507083,0.0,False,False,0.0,stress_sustained
2026-03-04 11:19:00,0,120.1,True,119.33857392396759,1.600035975717356,2.0,False,False,0.0,stress_sustained
2026-03-04 11:19:10,0,119.8,True,119.58159894548311,1.4210897116750114,2.0,False,False,0.0,stress_sustained
2026-03-04 11:19:20,2,119.6,True,119.78822379124581,1.1897060186261452,2.0,False,False,0.0,stress_sustained
2026-03-04 11:19:30,0,120.4,True,119.99288593554947,0.9137495191578556,2.0,False,False,0.0,stress_sustained
2026-03-04 11:19:40,0,120.5,True,120.12969573577803,0.6400846062158969,2.0,False,False,0.0,stress_sustained
2026-03-04 11:19:50,0,121.1,True,120.20478815863626,0.3445290324051874,4.0,False,False,0.0,stress_sustained
2026-03-04 11:20:00,0,119.9,True,120.23067860793387,-0.029319321718915277,3.0,False,False,0.0,stress_sustained
2026-03-04 11:20:10,2,120.5,True,120.21168215855377,-0.5080542294628091,3.0,False,False,0.0,stress_sustained
2026-03-04 11:20:20,1,122.2,True,120.1446327355993,-0.9750362706885775,3.0,False,False,0.0,stress_sustained
2026-03-04 11:20:30,0,121.0,True,119.93502210191137,-1.3616672141719295,3.0,False,False,0.0,stress_sustained
2026-03-04 11:20:40,0,119.1,True,119.54791515187534,-1.596671264779138,3.0,False,False,0.0,stress_sustained
2026-03-04 11:20:50,0,119.0,True,119.23546072715186,-1.6513586214209364,1.0,False,False,0.0,stress_sustained
2026-03-04 11:21:00,0,118.6,True,118.9622497569537,-1.4919867006804883,0.0,False,False,0.0,stress_sustained
2026-03-04 11:21:10,0,118.0,True,118.74941374624781,-1.2027078014820063,0.0,False,False,0.0,stress_sustained
2026-03-04 11:21:20,0,119.2,True,118.56148002658323,-0.9460230596733628,0.0,False,False,0.0,stress_sustained
2026-03-04 11:21:30,0,118.2,True,118.43379297801583,-0.7398659706674111,0.0,False,False,0.0,stress_sustained
2026-03-04 11:21:40,0,117.7,True,118.34507142578441,-0.6320198767726781,0.0,False,False,0.0,stress_sustained
2026-03-04 11:21:50,0,119.0,True,118.28052844451705,-0.6366532861495693,0.0,False,False,0.0,stress_sustained
2026-03-04 11:22:00,0,118.4,True,118.19607353733585,-0.772395576551361,0.0,False,False,0.0,stress_sustained
2026-03-04 11:22:10,0,118.5,True,118.06096421971061,-1.0047276059021666,0.0,False,False,0.0,stress_sustained
2026-03-04 11:22:20,0,118.2,True,117.8693489387038,-1.2187999505223501,0.0,False,False,0.0,stress_sustained
2026-03-04 11:22:30,0,117.9,True,117.62262514748095,-1.3431484773724265,2.0,False,False,0.0,stress_sustained
2026-03-04 11:22:40,0,116.9,True,117.32967221417158,-1.366355083784541,2.0,False,False,0.0,stress_sustained
2026-03-04 11:22:50,2,116.9,True,117.10833131655747,-1.2530018232083426,2.0,False,False,0.0,stress_sustained
2026-03-04 11:23:00,0,117.3,True,116.92171230503625,-1.0127679141192363,2.0,False,False,0.0,stress_sustained
2026-03-04 11:23:10,0,116.2,True,116.73871201102108,-0.5877572288118738,2.0,False,False,0.0,stress_sustained
2026-03-04 11:23:20,0,114.8,True,116.64549705217607,-0.04642036735407316,2.0,False,False,0.0,stress_sustained
2026-03-04 11:23:30,0,116.2,True,116.62653160202706,0.6014654804971257,0.0,False,False,0.0,stress_sustained
2026-03-04 11:23:40,0,115.3,True,116.8286547522159,1.1388812893835811,0.0,False,False,0.0,stress_sustained
2026-03-04 11:23:50,0,116.6,True,117.13555369444072,1.3911106465006606,0.0,False,False,0.0,stress_sustained
2026-03-04 11:24:00,0,119.0,True,117.53171158573898,1.3394774923202533,0.0,False,False,0.0,stress_sustained
2026-03-04 11:24:10,0,118.6,True,117.74982140799372,0.9968048725741906,0.0,False,False,0.0,stress_sustained
2026-03-04 11:24:20,0,118.2,True,117.82623479824741,0.5559806839714677,0.0,False,False,0.0,stress_sustained
2026-03-04 11:24:30,0,116.8,True,117.840353988209,0.15424851412592197,0.0,False,False,0.0,stress_sustained
2026-03-04 11:24:40,0,118.1,True,117.81119884287209,-0.03248985574623151,0.0,False,False,0.0,stress_sustained
2026-03-04 11:24:50,0,117.8,True,117.78391017134717,-0.0246432015760555,0.0,False,False,0.0,stress_sustained
2026-03-04 11:25:00,0,117.0,True,117.75393986171345,0.12195339518861942,0.0,False,False,0.0,stress_sustained
2026-03-04 11:25:10,0,117.5,True,117.76629286236529,0.30673270067523606,0.0,False,False,0.0,stress_sustained
2026-03-04 11:25:20,0,117.3,True,117.85636134007802,0.4533484086553631,0.0,False,False,0.0,stress_sustained
2026-03-04 11:25:30,0,118.3,True,118.00582337447042,0.5290936133161721,0.0,False,False,0.0,stress_sustained
2026-03-04 11:25:40,0,118.3,True,118.10625597127455,0.5180210868630287,0.0,False,False,0.0,stress_sustained
2026-03-04 11:25:50,0,118.2,True,118.17439789662441,0.4468568367918297,0.0,False,False,0.0,stress_sustained
2026-03-04 11:26:00,0,119.9,True,118.22160613807836,0.4180258690430956,0.0,False,False,0.0,stress_sustained
2026-03-04 11:26:10,0,117.9,True,118.27241540254535,0.5338658794682349,0.0,False,False,0.0,stress_sustained
2026-03-04 11:26:20,0,118.2,True,118.33529390076988,0.8636835364714461,0.0,False,False,0.0,stress_sustained
2026-03-04 11:26:30,0,117.5,True,118.47072138245605,1.4410198781246812,0.0,False,False,0.0,stress_sustained
2026-03-04 11:26:40,0,117.9,True,118.70126909455155,2.3049547708939757,0.0,False,False,0.0,stress_sustained
2026-03-04 11:26:50,0,117.3,True,119.13202832240565,3.549477363574203,0.0,False,False,0.0,stress_sustained
2026-03-04 11:27:00,0,118.6,True,119.76812560399401,5.328436659707304,0.0,True,True,21.313746638829215,stress_sustained
2026-03-04 11:27:10,0,118.1,True,120.68224381958137,7.591897303886887,0.0,True,True,30.367589215547547,stress_sustained
2026-03-04 11:27:20,0,117.9,True,122.02673600509895,10.049245593952401,0.0,True,True,40.196982375809604,stress_onset
2026-03-04 11:27:30,0,121.2,True,124.02568419146635,12.302896721105231,0.0,True,True,49.211586884420925,stress_onset
2026-03-04 11:27:40,0,125.3,True,126.49557974307815,13.889173492251803,0.0,True,True,55.556693969007206,stress_onset
2026-03-04 11:27:50,0,129.6,True,129.16473858520297,14.468883940678477,0.0,True,True,57.875535762713916,stress_onset
2026-03-04 11:28:00,0,133.4,True,131.76135385819492,13.835075045884917,0.0,True,True,55.34030018353967,stress_onset
2026-03-04 11:28:10,0,136.1,True,134.08486144088602,12.1963977063579,0.0,True,True,48.7855908254316,stress_onset
2026-03-04 11:28:20,0,139.3,True,136.07251259705814,9.815453317890565,0.0,True,True,39.26181327156226,stress_onset
2026-03-04 11:28:30,0,140.6,True,137.52224918607325,6.984703530024072,0.0,True,True,27.93881412009629,stress_onset
2026-03-04 11:28:40,0,142.2,True,138.45902730610055,4.028785282875908,0.0,True,True,16.11514113150363,stress_onset
2026-03-04 11:28:50,0,141.9,True,138.8223099771446,1.2550455352546874,0.0,False,False,0.0,stress_onset
2026-03-04 11:29:00,0,140.7,True,138.6726443110461,-1.109519956490716,0.0,False,False,0.0,recovery
2026-03-04 11:29:10,0,139.3,True,138.18508603012194,-3.048291155270252,0.0,False,False,0.0,recovery
2026-03-04 11:29:20,0,138.7,True,137.51170875421806,-4.462968022785293,0.0,False,False,0.0,recovery
2026-03-04 11:29:30,0,137.9,True,136.64028293735052,-5.467901465526411,0.0,False,False,0.0,recovery
2026-03-04 11:29:40,0,135.6,True,135.55890427670806,-6.055580390617122,0.0,False,False,0.0,recovery
2026-03-04 11:29:50,0,135.0,True,134.47067632885026,-6.281094142715399,0.0,False,False,0.0,recovery
2026-03-04 11:30:00,0,132.2,True,133.29422776913418,-6.042742632885263,0.0,False,False,0.0,recovery
2026-03-04 11:30:10,0,131.8,True,132.3001505042738,-5.415086323774083,0.0,False,False,0.0,recovery
2026-03-04 11:30:20,0,129.4,True,131.38943165679237,-4.64351583052999,1.0,False,False,0.0,recovery
2026-03-04 11:30:30,0,129.8,True,130.743618085443,-3.899436070945646,1.0,False,False,0.0,recovery
2026-03-04 11:30:40,1,130.5,True,130.25507419500076,-3.330262323185551,1.0,False,False,0.0,recovery
2026-03-04 11:30:50,0,130.1,True,129.7923760037253,-2.9339894388134797,1.0,False,False,0.0,recovery
2026-03-04 11:31:00,0,128.8,True,129.27840714640408,-2.7588576513864895,1.0,False,False,0.0,recovery
2026-03-04 11:31:10,0,128.8,True,128.8441728134835,-2.6828211868095995,1.0,False,False,0.0,recovery
2026-03-04 11:31:20,0,128.4,True,128.41730061614354,-2.5682073009866655,0.0,False,False,0.0,recovery
2026-03-04 11:31:30,0,128.0,True,127.99331185482745,-2.4101993938995734,1.0,False,False,0.0,recovery
2026-03-04 11:31:40,0,127.1,True,127.56820840264928,-2.271748528652857,1.0,False,False,0.0,recovery
2026-03-04 11:31:50,1,126.2,True,127.22113968424597,-2.1512081324672976,1.0,False,False,0.0,recovery
2026-03-04 11:32:00,0,127.1,True,126.894260913217,-2.099916710740532,1.0,False,False,0.0,recovery
2026-03-04 11:32:10,0,126.8,True,126.58309229439084,-2.0736114074705023,1.0,False,False,0.0,recovery
2026-03-04 11:32:20,0,126.6,True,126.23577239129649,-2.0714794340169673,1.0,False,False,0.0,recovery
2026-03-04 11:32:30,0,125.4,True,125.82774788675155,-2.0538797471852868,0.0,False,False,0.0,recovery
2026-03-04 11:32:40,0,125.3,True,125.49101469666519,-2.0035933515511233,0.0,False,False,0.0,recovery
2026-03-04 11:32:50,0,124.8,True,125.18611728935635,-1.9800963240326015,0.0,False,False,0.0,recovery
2026-03-04 11:33:00,0,125.2,True,124.87890609694023,-1.9544724933766306,4.0,False,False,0.0,recovery
2026-03-04 11:33:10,0,123.8,True,124.5848459206808,-1.9438797925691111,4.0,False,False,0.0,recovery
2026-03-04 11:33:20,4,129.4,True,124.18826006453484,-1.9072670571897492,4.0,False,False,0.0,recovery
2026-03-04 11:33:30,0,123.1,True,123.85638421914467,-1.8635321646753151,4.0,False,False,0.0,recovery
2026-03-04 11:33:40,0,123.5,True,123.58390574361195,-1.8768145377019707,4.0,False,False,0.0,recovery
2026-03-04 11:33:50,0,123.6,True,123.32541155868121,-1.9993279051074917,4.0,False,False,0.0,recovery
2026-03-04 11:34:00,0,123.6,True,123.02115263353068,-2.2264911614594616,0.0,False,False,0.0,recovery
2026-03-04 11:34:10,0,123.4,True,122.62041914730192,-2.49616484948322,0.0,False,False,0.0,recovery
2026-03-04 11:34:20,0,121.7,True,122.0897555189568,-2.764008869563687,0.0,False,False,0.0,recovery
2026-03-04 11:34:30,0,121.5,True,121.62405114377117,-2.9925210345714177,0.0,False,False,0.0,recovery
2026-03-04 11:34:40,0,121.9,True,121.14568862588072,-3.2019295624838873,0.0,False,False,0.0,recovery
2026-03-04 11:34:50,0,120.9,True,120.60827421230371,-3.391421588905551,0.0,False,False,0.0,recovery
2026-03-04 11:35:00,0,120.5,True,120.02223883411065,-3.596150546811452,2.0,False,False,0.0,recovery
2026-03-04 11:35:10,0,119.3,True,119.35657659493603,-3.7430950720430487,2.0,False,False,0.0,recovery
2026-03-04 11:35:20,2,118.5,True,118.70034378825075,-3.7924602045198808,2.0,False,False,0.0,recovery
2026-03-04 11:35:30,0,118.1,True,118.07750161294058,-3.752473466321442,2.0,False,False,0.0,recovery
2026-03-04 11:35:40,0,117.3,True,117.45090970645383,-3.616470401081315,2.0,False,False,0.0,recovery
2026-03-04 11:35:50,0,116.7,True,116.84946941770939,-3.4510695455451947,2.0,False,False,0.0,recovery
2026-03-04 11:36:00,0,115.6,True,116.27294069858316,-3.353704090457062,0.0,False,False,0.0,recovery
2026-03-04 11:36:10,0,115.9,True,115.75856876255412,-3.3331464599688925,0.0,False,False,0.0,recovery
2026-03-04 11:36:20,0,114.9,True,115.27062495361743,-3.364541810904083,0.0,False,False,0.0,recovery
2026-03-04 11:36:30,0,116.1,True,114.67778530361696,-3.4709798446089652,0.0,False,False,0.0,recovery
2026-03-04 11:36:40,0,113.8,True,114.04790987088597,-3.6202002333676946,0.0,False,False,0.0,recovery
2026-03-04 11:36:50,0,113.8,True,113.45935274996933,-3.779930184830532,0.0,False,False,0.0,recovery
2026-03-04 11:37:00,0,112.5,True,112.8140210873809,-3.816077071860335,1.0,False,False,0.0,recovery
2026-03-04 11:37:10,0,112.8,True,112.17102627268928,-3.7882368042001753,1.0,False,False,0.0,recovery
2026-03-04 11:37:20,1,110.6,True,111.47320250344586,-3.784626480097172,1.0,False,False,0.0,recovery
2026-03-04 11:37:30,0,110.8,True,110.88757915144342,-3.672501521724629,1.0,False,False,0.0,recovery
2026-03-04 11:37:40,0,111.1,True,110.31655232468154,-3.436745864591886,1.0,False,False,0.0,recovery
2026-03-04 11:37:50,0,108.1,True,109.66495088536658,-3.091638327748239,1.0,False,False,0.0,recovery
2026-03-04 11:38:00,0,108.8,True,109.15750792694604,-2.7046609883864194,0.0,False,False,0.0,recovery
2026-03-04 11:38:10,0,108.4,True,108.77631628968317,-2.243460480422317,0.0,False,False,0.0,recovery
2026-03-04 11:38:20,0,107.7,True,108.45784403403415,-1.7775986239571449,0.0,False,False,0.0,recovery
2026-03-04 11:38:30,0,108.0,True,108.21567911739082,-1.529431776246711,0.0,False,False,0.0,recovery
2026-03-04 11:38:40,0,107.9,True,108.02612738697928,-1.5540273674345098,0.0,False,False,0.0,recovery
2026-03-04 11:38:50,0,108.5,True,107.8409302210643,-1.7447703770042329,0.0,False,False,0.0,recovery
2026-03-04 11:39:00,0,108.7,True,107.54588809199335,-2.072737020836542,0.0,False,False,0.0,recovery
2026-03-04 11:39:10,0,107.0,True,107.09182731158796,-2.5140169776653982,0.0,False,False,0.0,recovery
2026-03-04 11:39:20,0,106.7,True,106.65307108311389,-3.0885854783908546,0.0,False,False,0.0,recovery
2026-03-04 11:39:30,0,107.6,True,106.15649336849212,-3.599346796943336,0.0,False,False,0.0,recovery
2026-03-04 11:39:40,0,106.9,True,105.53599788195237,-3.938570676891113,0.0,False,False,0.0,recovery
2026-03-04 11:39:50,0,104.2,True,104.68816870907133,-4.073508717273085,0.0,False,False,0.0,recovery
2026-03-04 11:40:00,0,103.2,True,103.92170098770218,-3.940936305771983,0.0,False,False,0.0,recovery
2026-03-04 11:40:10,0,102.4,True,103.2755167642834,-3.608043754756661,0.0,False,False,0.0,recovery
2026-03-04 11:40:20,0,102.4,True,102.77525200157851,-3.2550632581055168,0.0,False,False,0.0,recovery
2026-03-04 11:40:30,0,102.5,True,102.33752923913669,-3.098164733043377,0.0,False,False,0.0,recovery
2026-03-04 11:40:40,0,102.9,True,101.87272801655098,-3.175484139678924,0.0,False,False,0.0,recovery
2026-03-04 11:40:50,0,101.4,True,101.30338146339044,-3.3141937600704594,0.0,False,False,0.0,recovery
2026-03-04 11:41:00,0,101.2,True,100.71793182079494,-3.315983292854655,0.0,False,False,0.0,recovery
2026-03-04 11:41:10,0,99.2,True,100.05213748166528,-3.0954367077812677,0.0,False,False,0.0,recovery
2026-03-04 11:41:20,0,97.5,True,99.5283660561465,-2.7122248120999712,0.0,False,False,0.0,recovery
2026-03-04 11:41:30,0,98.6,True,99.15932230665213,-2.32747895653056,0.0,False,False,0.0,recovery
2026-03-04 11:41:40,0,98.9,True,98.88349894159978,-1.944931974668621,0.0,False,False,0.0,recovery
2026-03-04 11:41:50,0,99.2,True,98.6049254001474,-1.6722546076323854,0.0,False,False,0.0,recovery
2026-03-04 11:42:00,0,97.7,True,98.27717275871954,-1.4640006275824797,0.0,False,False,0.0,recovery
2026-03-04 11:42:10,0,97.4,True,98.04561557707828,-1.2568896092724917,0.0,False,False,0.0,recovery
2026-03-04 11:42:20,0,98.1,True,97.87166099161674,-1.0235459067936035,0.0,False,False,0.0,recovery
2026-03-04 11:42:30,0,97.6,True,97.74298323809131,-0.9072217602088615,0.0,False,False,0.0,recovery
2026-03-04 11:42:40,0,97.5,True,97.63813602424776,-1.0849583831827205,0.0,False,False,0.0,recovery
2026-03-04 11:42:50,0,98.5,True,97.5396448144455,-1.3685214033536859,0.0,False,False,0.0,recovery
2026-03-04 11:43:00,0,98.9,True,97.2810944070508,-1.644457038369297,0.0,False,False,0.0,recovery
2026-03-04 11:43:10,0,96.1,True,96.81939306749791,-1.765897417875001,0.0,False,False,0.0,recovery
2026-03-04 11:43:20,0,95.4,True,96.477590572528,-1.724511176550332,0.0,False,False,0.0,recovery
2026-03-04 11:43:30,0,97.0,True,96.19871983964607,-1.4062577503649791,0.0,False,False,0.0,recovery
2026-03-04 11:43:40,0,95.0,True,96.0529690800385,-0.9902377587642506,0.0,False,False,0.0,recovery
2026-03-04 11:43:50,0,96.2,True,95.88271316710399,-0.7249716793384821,0.0,False,False,0.0,recovery
2026-03-04 11:44:00,0,94.9,True,95.85957611535348,-0.6591056417071877,0.0,False,False,0.0,recovery
2026-03-04 11:44:10,0,96.1,True,95.79636841616187,-0.8638048300746909,0.0,False,False,0.0,recovery
2026-03-04 11:44:20,0,96.9,True,95.68255545299725,-1.2696143472641495,0.0,False,False,0.0,recovery
2026-03-04 11:44:30,0,96.4,True,95.4491683986655,-1.7513119699499993,0.0,False,False,0.0,recovery
2026-03-04 11:44:40,0,95.7,True,95.057309410778,-2.1070377781036895,0.0,False,False,0.0,recovery
2026-03-04 11:44:50,0,93.9,True,94.55833532468682,-2.2996508349889337,0.0,False,False,0.0,recovery
2026-03-04 11:45:00,0,92.9,True,94.16908379271011,-2.3469676024675525,0.0,False,False,0.0,baseline
2026-03-04 11:45:10,0,94.1,True,93.82467955951842,-2.2390170655954953,0.0,False,False,0.0,baseline
2026-03-04 11:45:20,0,93.8,True,93.48438858624645,-2.0756646110845636,0.0,False,False,0.0,baseline
2026-03-04 11:45:30,0,92.2,True,93.09149571068222,-1.983256258421045,0.0,False,False,0.0,baseline
2026-03-04 11:45:40,0,92.6,True,92.78051878689837,-1.8892477583514842,0.0,False,False,0.0,baseline
2026-03-04 11:45:50,0,92.6,True,92.49962832759758,-1.745828170388107,0.0,False,False,0.0,baseline
2026-03-04 11:46:00,0,92.0,True,92.2020092562297,-1.5433799441560585,0.0,False,False,0.0,baseline
2026-03-04 11:46:10,0,91.6,True,91.93805839423345,-1.3481617086166708,0.0,False,False,0.0,baseline
2026-03-04 11:46:20,0,91.4,True,91.73045059794276,-1.1847799483229087,2.0,False,False,0.0,baseline
2026-03-04 11:46:30,0,91.2,True,91.5779179013092,-1.111718655606751,2.0,False,False,0.0,baseline
2026-03-04 11:46:40,2,93.1,True,91.45503818822718,-1.1453723769202844,2.0,False,False,0.0,baseline
2026-03-04 11:46:50,0,91.8,True,91.27466483984966,-1.2056357801014617,2.0,False,False,0.0,baseline
2026-03-04 11:47:00,0,90.2,True,91.0067356314471,-1.2132670513947645,2.0,False,False,0.0,baseline
2026-03-04 11:47:10,0,91.0,True,90.7399290282857,-1.1052523550633548,4.0,False,False,0.0,baseline
2026-03-04 11:47:20,0,89.9,True,90.56311059650525,-0.942160670290097,2.0,False,False,0.0,baseline
2026-03-04 11:47:30,2,90.1,True,90.46347726414236,-0.8468100496127923,2.0,False,False,0.0,baseline
2026-03-04 11:47:40,0,91.4,True,90.42442347580318,-0.8425944372042629,2.0,False,False,0.0,baseline
2026-03-04 11:47:50,0,91.0,True,90.28944026676453,-0.9073826595678681,2.0,False,False,0.0,baseline
2026-03-04 11:48:00,0,89.7,True,90.03603043551996,-0.969829896621348,2.0,False,False,0.0,baseline
2026-03-04 11:48:10,0,88.9,True,89.83862567686205,-1.0332011640640806,0.0,False,False,0.0,baseline
2026-03-04 11:48:20,0,89.5,True,89.69765853101447,-1.100915482660321,0.0,False,False,0.0,baseline
2026-03-04 11:48:30,0,90.1,True,89.58963447366929,-1.2521157150332571,0.0,False,False,0.0,baseline
2026-03-04 11:48:40,0,90.5,True,89.396549495269,-1.544144757054565,0.0,False,False,0.0,baseline
2026-03-04 11:48:50,0,88.8,True,89.08622276608021,-1.8542455442992314,0.0,False,False,0.0,baseline
2026-03-04 11:49:00,0,89.6,True,88.69026649790479,-2.0983872555937575,0.0,False,False,0.0,baseline
2026-03-04 11:49:10,0,87.9,True,88.2760213127135,-2.217260176153895,0.0,False,False,0.0,baseline
2026-03-04 11:49:20,0,87.7,True,87.92444634630778,-2.269962173692046,0.0,False,False,0.0,baseline
2026-03-04 11:49:30,0,88.1,True,87.57694577095334,-2.361705485893139,0.0,False,False,0.0,baseline
2026-03-04 11:49:40,0,87.6,True,87.20893615742447,-2.5684949505049746,0.0,False,False,0.0,baseline
2026-03-04 11:49:50,0,87.3,True,86.77574923679968,-2.824795478296188,0.0,False,False,0.0,baseline
2026-03-04 11:50:00,0,86.7,True,86.25518718897483,-3.0483238238986563,0.0,False,False,0.0,baseline
2026-03-04 11:50:10,0,85.3,True,85.66048967264578,-3.112048997293743,0.0,False,False,0.0,baseline
2026-03-04 11:50:20,0,85.1,True,85.12587376842436,-2.980163289285394,0.0,False,False,0.0,baseline
2026-03-04 11:50:30,0,83.8,True,84.59557015894032,-2.6878286056817298,0.0,False,False,0.0,baseline
2026-03-04 11:50:40,0,83.5,True,84.19786157594633,-2.386322499215482,0.0,False,False,0.0,baseline
2026-03-04 11:50:50,0,85.3,True,83.86646325561006,-2.2146796664279926,0.0,False,False,0.0,baseline
2026-03-04 11:51:00,0,83.6,True,83.57947547787546,-2.1907215399499114,0.0,False,False,0.0,baseline
2026-03-04 11:51:10,0,84.0,True,83.22240027978677,-2.396169384415846,0.0,False,False,0.0,baseline
2026-03-04 11:51:20,0,83.1,True,82.80239179499586,-2.7224073643796385,0.0,False,False,0.0,baseline
2026-03-04 11:51:30,0,83.0,True,82.33278194270426,-2.934522762216208,0.0,False,False,0.0,baseline
2026-03-04 11:51:40,0,81.9,True,81.75196908086336,-2.867868144231646,0.0,False,False,0.0,baseline
2026-03-04 11:51:50,0,79.9,True,81.14648439916635,-2.5077629788571043,0.0,False,False,0.0,baseline
2026-03-04 11:52:00,0,79.7,True,80.74874711733041,-1.897761167101595,0.0,False,False,0.0,baseline
2026-03-04 11:52:10,0,78.0,True,80.52580102171619,-1.104052883196338,0.0,False,False,0.0,baseline
2026-03-04 11:52:20,0,79.8,True,80.44048842972133,-0.4157819845856941,0.0,False,False,0.0,baseline
2026-03-04 11:52:30,0,81.5,True,80.46192390934668,-0.02537951197741546,0.0,False,False,0.0,baseline
2026-03-04 11:52:40,0,79.8,True,80.5936800405298,0.07865018482512594,0.0,False,False,0.0,baseline
2026-03-04 11:52:50,0,81.2,True,80.62438284513456,-0.07206889709193355,0.0,False,False,0.0,baseline
2026-03-04 11:53:00,0,81.0,True,80.59248279059507,-0.44194231900048453,0.0,False,False,0.0,baseline
2026-03-04 11:53:10,0,81.0,True,80.49266320115476,-0.9140442226471892,0.0,False,False,0.0,baseline
2026-03-04 11:53:20,0,81.8,True,80.30828747857356,-1.3099154014969832,0.0,False,False,0.0,baseline
2026-03-04 11:53:30,0,79.6,True,80.00862633575463,-1.5705343853581613,0.0,False,False,0.0,baseline
2026-03-04 11:53:40,0,80.2,True,79.67706958222813,-1.5929091001123559,0.0,False,False,0.0,baseline
2026-03-04 11:53:50,0,78.9,True,79.35835775907297,-1.334340093456694,0.0,False,False,0.0,baseline
2026-03-04 11:54:00,0,78.2,True,79.11603889576331,-0.805303959519986,0.0,False,False,0.0,baseline
2026-03-04 11:54:10,0,77.3,True,79.02639318174752,-0.28548515216992937,0.0,False,False,0.0,baseline
2026-03-04 11:54:20,0,78.2,True,79.07447966468965,0.029609939342295485,0.0,False,False,0.0,baseline
2026-03-04 11:54:30,0,80.4,True,79.26831275841339,-0.003931407826511837,0.0,False,False,0.0,baseline
2026-03-04 11:54:40,0,80.2,True,79.306864645206,-0.3166994182044826,0.0,False,False,0.0,baseline
2026-03-04 11:54:50,0,78.8,True,79.19656063953295,-0.8643935220927078,0.0,False,False,0.0,baseline
2026-03-04 11:55:00,0,80.2,True,78.91901674044871,-1.5204389272820855,0.0,False,False,0.0,baseline
2026-03-04 11:55:10,0,78.8,True,78.66130896477259,-2.015605106066066,0.0,False,False,0.0,baseline
2026-03-04 11:55:20,0,79.5,True,78.26381934989189,-2.310991183480084,0.0,False,False,0.0,baseline
2026-03-04 11:55:30,0,77.5,True,77.7769662933265,-2.341542458140759,0.0,False,False,0.0,baseline
2026-03-04 11:55:40,0,77.0,True,77.33627428564886,-2.1480650948724906,0.0,False,False,0.0,baseline
2026-03-04 11:55:50,0,75.3,True,76.95162799224602,-1.7375985807496224,0.0,False,False,0.0,baseline
2026-03-04 11:56:00,0,76.0,True,76.72558636421752,-1.2631604015135793,0.0,False,False,0.0,baseline
2026-03-04 11:56:10,0,76.5,True,76.62047579689194,-0.884963241577413,0.0,False,False,0.0,baseline
2026-03-04 11:56:20,0,76.6,True,76.53544452904833,-0.6721170980946111,0.0,False,False,0.0,baseline
2026-03-04 11:56:30,0,75.9,True,76.45632068271279,-0.68200475667518,0.0,False,False,0.0,baseline
2026-03-04 11:56:40,0,76.6,True,76.35325028349602,-0.7627027318444504,0.0,False,False,0.0,baseline
2026-03-04 11:56:50,0,76.8,True,76.2090549315286,-0.7919464004163503,0.0,False,False,0.0,baseline
2026-03-04 11:57:00,0,75.5,True,75.99970206814928,-0.6853239928671562,0.0,False,False,0.0,baseline
2026-03-04 11:57:10,0,75.1,True,75.87363288279482,-0.4393508222243703,0.0,False,False,0.0,baseline
2026-03-04 11:57:20,0,75.6,True,75.80983584457283,-0.0844599314761065,0.0,False,False,0.0,baseline
2026-03-04 11:57:30,0,74.4,True,75.8643447804463,0.2920685897404389,0.0,False,False,0.0,baseline
2026-03-04 11:57:40,0,76.1,True,75.9629111797275,0.5779894949613615,0.0,False,False,0.0,baseline
2026-03-04 11:57:50,0,75.7,True,76.10529610896327,0.7245276969615715,0.0,False,False,0.0,baseline
2026-03-04 11:58:00,0,76.2,True,76.24856372302625,0.7061062294077762,0.0,False,False,0.0,baseline
2026-03-04 11:58:10,0,77.2,True,76.39992529092693,0.5946548477076671,0.0,False,False,0.0,baseline
2026-03-04 11:58:20,0,76.8,True,76.48460774064876,0.439455464435045,0.0,False,False,0.0,baseline
2026-03-04 11:58:30,0,75.8,True,76.51672481381205,0.2896415157111347,0.0,False,False,0.0,baseline
2026-03-04 11:58:40,0,76.6,True,76.53496268927734,0.13810115293909492,0.0,False,False,0.0,baseline
2026-03-04 11:58:50,0,76.5,True,76.55902767962218,-0.00827949386688916,0.0,False,False,0.0,baseline
2026-03-04 11:59:00,0,77.3,True,76.57626394990403,-0.12746862774591694,0.0,False,False,0.0,baseline
2026-03-04 11:59:10,0,76.9,True,76.53954421183656,-0.20361681863018938,2.0,False,False,0.0,baseline
2026-03-04 11:59:20,0,76.2,True,76.44274850907517,-0.21012971738137598,2.0,False,False,0.0,baseline
2026-03-04 11:59:30,2,76.0,True,76.38641089115964,-0.16594994998181856,2.0,False,False,0.0,baseline
2026-03-04 11:59:40,0,76.1,True,76.37780842177072,-0.12442850757922382,2.0,False,False,0.0,baseline
2026-03-04 11:59:50,0,76.9,True,76.41550735601025,-0.13935943548743526,2.0,False,False,0.0,baseline
2026-03-04 12:00:00,0,76.6,True,76.42245751625148,-0.22037407883400886,4.0,False,False,0.0,baseline
2026-03-04 12:00:10,0,77.0,True,76.34981726253461,-0.3095463067481433,2.0,False,False,0.0,baseline
2026-03-04 12:00:20,2,76.0,True,76.23547988590686,-0.3038810143583748,2.0,False,False,0.0,baseline
2026-03-04 12:00:30,0,75.9,True,76.16038915693024,-0.10600541483784352,2.0,False,False,0.0,baseline
2026-03-04 12:00:40,0,74.4,True,76.12869662077532,0.1706311869716282,2.0,False,False,0.0,baseline
2026-03-04 12:00:50,0,75.5,True,76.20178685474961,0.3935634628001872,2.0,False,False,0.0,baseline
2026-03-04 12:01:00,0,76.9,True,76.3918415645155,0.44280393480974894,0.0,False,False,0.0,baseline
2026-03-04 12:01:10,0,77.1,True,76.49720320170063,0.41227363404953143,0.0,False,False,0.0,baseline
2026-03-04 12:01:20,0,75.6,True,76.5354320391692,0.3147413199166336,0.0,False,False,0.0,baseline
2026-03-04 12:01:30,0,77.5,True,76.4795662164993,0.2625230352936781,0.0,False,False,0.0,baseline
2026-03-04 12:01:40,0,75.8,True,76.53696142991261,0.368344304172065,0.0,False,False,0.0,baseline
2026-03-04 12:01:50,0,76.5,True,76.60051688164468,0.5426991475553248,0.0,False,False,0.0,baseline
2026-03-04 12:02:00,0,76.2,True,76.7308251469842,0.7146467060073369,0.0,False,False,0.0,baseline
2026-03-04 12:02:10,0,77.4,True,76.89960427015441,0.8128449059367786,0.0,False,False,0.0,baseline
2026-03-04 12:02:20,0,77.1,True,77.03498410501702,0.932231542569989,0.0,False,False,0.0,baseline
2026-03-04 12:02:30,0,76.8,True,77.15952795738245,1.003418674393449,0.0,False,False,0.0,baseline
2026-03-04 12:02:40,0,76.9,True,77.32732646931163,1.0418422519491728,0.0,False,False,0.0,baseline
2026-03-04 12:02:50,0,77.9,True,77.5663460594594,1.0539062048297831,0.0,False,False,0.0,baseline
2026-03-04 12:03:00,0,78.1,True,77.74975665951708,1.0344783347058508,0.0,False,False,0.0,baseline
2026-03-04 12:03:10,0,77.2,True,77.90812670282759,0.873177806080529,0.0,False,False,0.0,baseline
2026-03-04 12:03:20,0,79.2,True,78.03451786327604,0.5788354832305538,1.0,False,False,0.0,baseline
2026-03-04 12:03:30,0,77.9,True,78.18332866760382,0.20239431234759694,1.0,False,False,0.0,baseline
2026-03-04 12:03:40,1,79.1,True,78.17936091653223,-0.2974573302869452,1.0,False,False,0.0,baseline
2026-03-04 12:03:50,0,78.7,True,78.08861998488268,-0.9433137660645357,1.0,False,False,0.0,baseline
2026-03-04 12:04:00,0,78.7,True,77.89598238404692,-1.5928177342814356,1.0,False,False,0.0,baseline
2026-03-04 12:04:10,0,78.6,True,77.56934184721895,-2.089934182021419,1.0,False,False,0.0,baseline
2026-03-04 12:04:20,0,76.5,True,77.07092495159415,-2.313944422003048,0.0,False,False,0.0,baseline
2026-03-04 12:04:30,0,76.8,True,76.61766221456837,-2.1878977799375514,0.0,False,False,0.0,baseline
2026-03-04 12:04:40,0,75.0,True,76.18400984663731,-1.7193579107187664,0.0,False,False,0.0,baseline
2026-03-04 12:04:50,0,74.2,True,75.9476924531458,-1.040949121857855,0.0,False,False,0.0,baseline
2026-03-04 12:05:00,0,75.1,True,75.86932380184525,-0.37888899616370897,0.0,False,False,0.0,baseline
2026-03-04 12:05:10,0,75.6,True,75.91917578418558,0.18788010636031025,0.0,False,False,0.0,baseline
2026-03-04 12:05:20,0,76.2,True,76.02222373055685,0.5788197028015334,0.0,False,False,0.0,baseline
2026-03-04 12:05:30,0,75.9,True,76.14564229868758,0.7733721068525496,0.0,False,False,0.0,baseline
2026-03-04 12:05:40,0,76.0,True,76.29333458326623,0.7682484334742303,0.0,False,False,0.0,baseline
2026-03-04 12:05:50,0,77.0,True,76.48991596505591,0.591166165674957,0.0,False,False,0.0,baseline
2026-03-04 12:06:00,0,77.6,True,76.60148334102158,0.2983258778691431,2.0,False,False,0.0,baseline
2026-03-04 12:06:10,0,77.2,True,76.61329794049082,-0.07693628743465299,2.0,False,False,0.0,baseline
2026-03-04 12:06:20,2,76.5,True,76.5273288633752,-0.5007354530251591,2.0,False,False,0.0,baseline
2026-03-04 12:06:30,0,76.7,True,76.41258126348878,-0.8151333845960292,2.0,False,False,0.0,baseline
2026-03-04 12:06:40,0,76.8,True,76.24993054085047,-0.9118154516947795,2.0,False,False,0.0,baseline
2026-03-04 12:06:50,0,74.3,True,76.01226824168724,-0.7497524750283558,2.0,False,False,0.0,baseline
2026-03-04 12:07:00,0,75.7,True,75.82665064947187,-0.326933958485685,0.0,False,False,0.0,baseline
2026-03-04 12:07:10,0,74.9,True,75.7954748321685,0.29496699354748773,0.0,False,False,0.0,baseline
2026-03-04 12:07:20,0,74.4,True,75.91354482022652,0.9374576826004912,0.0,False,False,0.0,baseline
2026-03-04 12:07:30,0,75.8,True,76.20053894498896,1.389762747325011,0.0,False,False,0.0,baseline
2026-03-04 12:07:40,0,76.9,True,76.5542895605829,1.573694936603711,0.0,False,False,0.0,baseline
2026-03-04 12:07:50,0,77.3,True,76.85042176960731,1.462766758173528,0.0,False,False,0.0,baseline
2026-03-04 12:08:00,0,78.0,True,77.07162427356626,1.1242044680103773,0.0,False,False,0.0,baseline
2026-03-04 12:08:10,0,77.2,True,77.25476415645292,0.6872953034680214,0.0,False,False,0.0,baseline
2026-03-04 12:08:20,0,78.5,True,77.31369806541507,0.2899353561703501,0.0,False,False,0.0,baseline
2026-03-04 12:08:30,0,77.7,True,77.30824831861305,-0.03053060319415977,0.0,False,False,0.0,baseline
2026-03-04 12:08:40,0,77.2,True,77.23750662491321,-0.13108499642435734,0.0,False,False,0.0,baseline
2026-03-04 12:08:50,0,77.2,True,77.17301603536555,0.11794168236997048,0.0,False,False,0.0,baseline
2026-03-04 12:09:00,0,75.9,True,77.1040281183788,0.5830538796545526,0.0,False,False,0.0,baseline
2026-03-04 12:09:10,0,75.7,True,77.2357115544552,1.1596274378339606,0.0,False,False,0.0,baseline
2026-03-04 12:09:20,0,77.5,True,77.59001358294077,1.7544722356523863,0.0,False,False,0.0,baseline
2026-03-04 12:09:30,0,77.8,True,77.95931787524981,2.291729072746226,0.0,False,False,0.0,baseline
2026-03-04 12:09:40,0,77.9,True,78.35517514676714,2.6573693267263563,20.0,False,False,0.0,baseline
2026-03-04 12:09:50,0,78.5,True,78.82689494274565,2.8909044684942318,39.0,False,False,0.0,baseline
2026-03-04 12:10:00,20,79.2,True,79.35309722918177,3.1419713073921103,59.0,False,False,0.0,activity
2026-03-04 12:10:10,19,80.0,True,79.90481572048151,3.4595571737124966,77.0,False,False,0.0,activity
2026-03-04 12:10:20,20,79.9,True,80.4573368318615,3.935878759461171,96.0,False,False,0.0,activity
2026-03-04 12:10:30,18,80.2,True,81.08608074855172,4.4896087098819555,115.0,False,False,0.0,activity
2026-03-04 12:10:40,19,80.4,True,81.86250479000056,5.020178207187847,115.0,False,False,0.0,activity
2026-03-04 12:10:50,19,83.0,True,82.88267962978281,5.441015500929822,115.0,False,False,0.0,activity
2026-03-04 12:11:00,20,84.2,True,83.88330107452886,5.647260140064885,115.0,False,False,0.0,activity
2026-03-04 12:11:10,19,85.0,True,84.83113936502971,5.509000516829829,116.0,False,False,0.0,activity
2026-03-04 12:11:20,20,86.0,True,85.75083421636884,5.056764789256905,116.0,False,False,0.0,activity
2026-03-04 12:11:30,19,87.8,True,86.62900143710277,4.511608907512539,117.0,False,False,0.0,activity
2026-03-04 12:11:40,19,88.1,True,87.31200223068716,3.900530700829812,116.0,False,False,0.0,activity
2026-03-04 12:11:50,20,88.2,True,87.8636700627194,3.1752552299996992,117.0,False,False,0.0,activity
2026-03-04 12:12:00,19,89.0,True,88.35928290520486,2.3613318213124144,117.0,False,False,0.0,activity
2026-03-04 12:12:10,20,90.3,True,88.74810956522448,1.5909637161772128,118.0,False,False,0.0,activity
2026-03-04 12:12:20,20,90.0,True,88.92828781944817,0.9357562304049004,118.0,False,False,0.0,activity
2026-03-04 12:12:30,20,89.2,True,88.92984737691322,0.47936525922389606,117.0,False,False,0.0,activity
2026-03-04 12:12:40,19,88.5,True,88.88638149719712,0.335011355056412,118.0,False,False,0.0,activity
2026-03-04 12:12:50,19,88.4,True,88.90731253368055,0.5607783910173969,117.0,False,False,0.0,activity
2026-03-04 12:13:00,20,87.7,True,89.01279565911074,1.1014370635765363,116.0,False,False,0.0,activity
2026-03-04 12:13:10,19,88.4,True,89.2204113943927,1.729240008636543,116.0,False,False,0.0,activity
2026-03-04 12:13:20,19,88.5,True,89.56476236207344,2.2523924789455134,115.0,False,False,0.0,activity
2026-03-04 12:13:30,20,90.1,True,90.08657372343308,2.583086552888285,115.0,False,False,0.0,activity
2026-03-04 12:13:40,18,91.0,True,90.60614737203156,2.708580766598175,113.0,False,False,0.0,activity
2026-03-04 12:13:50,19,91.4,True,91.06007891596863,2.649790822360161,114.0,False,False,0.0,activity
2026-03-04 12:14:00,18,91.5,True,91.45735694590047,2.404061253277428,113.0,False,False,0.0,activity
2026-03-04 12:14:10,20,95.7,True,91.84752780014905,2.0875799883123713,112.0,False,False,0.0,activity
2026-03-04 12:14:20,18,91.9,True,92.2289532877558,1.7368858642565363,113.0,False,False,0.0,activity
2026-03-04 12:14:30,19,93.0,True,92.48187098998851,1.3471012890053882,113.0,False,False,0.0,activity
2026-03-04 12:14:40,19,93.3,True,92.64843385721929,0.978262166683736,113.0,False,False,0.0,activity
2026-03-04 12:14:50,19,91.7,True,92.75640236731995,0.6796095959522477,111.0,False,False,0.0,activity
2026-03-04 12:15:00,18,93.1,True,92.80710460530727,0.5513681483556836,111.0,False,False,0.0,activity
2026-03-04 12:15:10,18,92.6,True,92.89232427751247,0.6007356778660341,111.0,False,False,0.0,activity
2026-03-04 12:15:20,18,93.0,True,92.95959799596973,0.846654391782639,111.0,False,False,0.0,activity
2026-03-04 12:15:30,19,92.5,True,93.08680471375528,1.1193964567106578,111.0,False,False,0.0,activity
2026-03-04 12:15:40,19,92.4,True,93.3118122171667,1.246561740614291,111.0,False,False,0.0,activity
2026-03-04 12:15:50,19,94.4,True,93.67212175677257,1.1636301717631912,110.0,False,False,0.0,activity
2026-03-04 12:16:00,18,95.2,True,93.91111825584053,0.83535125058693,111.0,False,False,0.0,activity
2026-03-04 12:16:10,17,94.8,True,94.00196779754859,0.3998689664132836,110.0,False,False,0.0,activity
2026-03-04 12:16:20,19,93.4,True,93.9598119721814,-0.07611134716766314,109.0,False,False,0.0,activity
2026-03-04 12:16:30,18,94.4,True,93.84429147551111,-0.4254911709908313,108.0,False,False,0.0,activity
2026-03-04 12:16:40,18,93.0,True,93.80281955809268,-0.6815004756934083,109.0,False,False,0.0,activity
2026-03-04 12:16:50,18,94.3,True,93.67848423368967,-0.8189503358686755,110.0,False,False,0.0,activity
2026-03-04 12:17:00,19,93.9,True,93.51722961490161,-0.8643204901172843,112.0,False,False,0.0,activity
2026-03-04 12:17:10,18,91.6,True,93.29217993193048,-0.9180297736711392,113.0,False,False,0.0,activity
2026-03-04 12:17:20,21,92.8,True,93.14916023761442,-0.9711725909320644,115.0,False,False,0.0,activity
2026-03-04 12:17:30,19,93.5,True,93.06433391623409,-1.1183203638245058,116.0,False,False,0.0,activity
2026-03-04 12:17:40,20,94.2,True,92.90689658089276,-1.2125691497352957,115.0,False,False,0.0,activity
2026-03-04 12:17:50,19,93.3,True,92.65060867570023,-1.1981985082209892,116.0,False,False,0.0,activity
2026-03-04 12:18:00,18,91.1,True,92.28608888312439,-1.0835276180768132,113.0,False,False,0.0,activity
2026-03-04 12:18:10,19,90.5,True,92.11925057106929,-0.8744446642787527,113.0,False,False,0.0,activity
2026-03-04 12:18:20,18,92.4,True,92.1222873541924,-0.6111024878604685,111.0,False,False,0.0,activity
2026-03-04 12:18:30,19,93.3,True,92.07903869634757,-0.3853250117998648,111.0,False,False,0.0,activity
2026-03-04 12:18:40,18,91.8,True,91.98229648789399,-0.35948265675351226,113.0,False,False,0.0,activity
2026-03-04 12:18:50,19,91.2,True,91.91593702742274,-0.45783979211843623,112.0,False,False,0.0,activity
2026-03-04 12:19:00,20,92.4,True,91.86890040485528,-0.5896464166459343,114.0,False,False,0.0,activity
2026-03-04 12:19:10,18,92.1,True,91.78334718309702,-0.7554417296620177,113.0,False,False,0.0,activity
2026-03-04 12:19:20,20,91.5,True,91.64501849185494,-1.068572569050329,115.0,False,False,0.0,activity
2026-03-04 12:19:30,18,92.9,True,91.43085954925535,-1.459798836613675,116.0,False,False,0.0,activity
2026-03-04 12:19:40,20,90.8,True,91.2051771981983,-1.901467767422134,113.0,False,False,0.0,activity
2026-03-04 12:19:50,20,92.2,True,90.81369104684096,-2.370762278515223,116.0,False,False,0.0,activity
2026-03-04 12:20:00,17,91.0,True,90.39115340329045,-2.828040978884638,116.0,False,False,0.0,activity
2026-03-04 12:20:10,21,89.3,True,89.86714132695501,-3.324516985258612,118.0,False,False,0.0,activity
2026-03-04 12:20:20,20,90.3,True,89.2709861384454,-3.8500791558423297,115.0,False,False,0.0,activity
2026-03-04 12:20:30,20,89.5,True,88.63666197301,-4.4458926143045225,114.0,False,False,0.0,activity
2026-03-04 12:20:40,17,88.8,True,87.85844813640962,-5.046973889436502,116.0,False,False,0.0,activity
2026-03-04 12:20:50,19,87.4,True,86.92330898921084,-5.564217479474549,116.0,False,False,0.0,activity
2026-03-04 12:21:00,19,86.3,True,85.90872134021384,-5.930259220853575,115.0,False,False,0.0,activity
2026-03-04 12:21:10,21,84.5,True,84.82892058125249,-5.973963213327233,114.0,False,False,0.0,activity
2026-03-04 12:21:20,19,83.6,True,83.80393991916654,-5.716899169926844,116.0,False,False,0.0,activity
2026-03-04 12:21:30,19,81.4,True,82.81294924360834,-5.2447945119904285,117.0,False,False,0.0,activity
2026-03-04 12:21:40,19,81.7,True,82.00745010865153,-4.643250844147638,98.0,False,False,0.0,activity
2026-03-04 12:21:50,20,80.2,True,81.30319265846995,-4.012010888424672,77.0,False,False,0.0,activity
2026-03-04 12:22:00,0,80.7,True,80.69946731803337,-3.406582271248654,58.0,False,False,0.0,negative_control
2026-03-04 12:22:10,0,79.2,True,80.17898653060234,-2.940345937375953,39.0,False,False,0.0,negative_control
2026-03-04 12:22:20,0,79.6,True,79.7550034982717,-2.532024402589707,20.0,False,False,0.0,negative_control
2026-03-04 12:22:30,0,79.4,True,79.39018771565301,-2.1814212206160217,2.0,False,False,0.0,negative_control
2026-03-04 12:22:40,0,78.5,True,79.02373655230983,-1.8693882420783263,2.0,False,False,0.0,negative_control
2026-03-04 12:22:50,2,78.2,True,78.7445748143516,-1.6439199705536662,2.0,False,False,0.0,negative_control
2026-03-04 12:23:00,0,79.9,True,78.50617554545195,-1.4852955036450721,2.0,False,False,0.0,negative_control
2026-03-04 12:23:10,0,78.0,True,78.31880553412763,-1.4099345730582642,2.0,False,False,0.0,negative_control
2026-03-04 12:23:20,0,78.6,True,78.08456977849126,-1.4838484522668596,2.0,False,False,0.0,negative_control
2026-03-04 12:23:30,0,78.1,True,77.84776231927009,-1.6550704068532514,0.0,False,False,0.0,negative_control
2026-03-04 12:23:40,0,78.0,True,77.56891524659392,-1.766423143534222,0.0,False,False,0.0,negative_control
2026-03-04 12:23:50,0,77.4,True,77.21822071501673,-1.700751166042308,0.0,False,False,0.0,negative_control
2026-03-04 12:24:00,0,75.9,True,76.83722963594232,-1.429252001938372,0.0,False,False,0.0,negative_control
2026-03-04 12:24:10,0,75.7,True,76.61244349619163,-0.9638186476812828,0.0,False,False,0.0,negative_control
2026-03-04 12:24:20,0,76.1,True,76.50639793913955,-0.4411645918472516,0.0,False,False,0.0,negative_control
2026-03-04 12:24:30,0,75.7,True,76.53475203861072,-0.05989511084489764,0.0,False,False,0.0,negative_control
2026-03-04 12:24:40,0,77.3,True,76.63556481118367,0.061391851683313826,0.0,False,False,0.0,negative_control
2026-03-04 12:24:50,0,76.9,True,76.69230505228722,-0.010660639079340693,0.0,False,False,0.0,negative_control
2026-03-04 12:25:00,0,78.1,True,76.6477628021053,-0.18448990302187454,0.0,False,False,0.0,negative_control
2026-03-04 12:25:10,0,76.6,True,76.56118101894093,-0.3426389127061229,0.0,False,False,0.0,negative_control
2026-03-04 12:25:20,0,76.3,True,76.46812940560004,-0.40075155069851814,0.0,False,False,0.0,negative_control
2026-03-04 12:25:30,0,76.3,True,76.40309935985914,-0.3649418280930216,0.0,False,False,0.0,negative_control
2026-03-04 12:25:40,0,76.3,True,76.35525254076144,-0.31495574350301436,0.0,False,False,0.0,negative_control
2026-03-04 12:25:50,0,76.7,True,76.3166144784573,-0.2496051399730115,0.0,False,False,0.0,negative_control
2026-03-04 12:26:00,0,75.9,True,76.28074549589604,-0.21156967881943908,0.0,False,False,0.0,negative_control
2026-03-04 12:26:10,0,76.4,True,76.22500076265078,-0.14808154508814345,0.0,False,False,0.0,negative_control
2026-03-04 12:26:20,0,75.5,True,76.22342282318066,-0.10570224030009297,0.0,False,False,0.0,negative_control
2026-03-04 12:26:30,0,76.6,True,76.19241535424064,-0.10236854699061718,0.0,False,False,0.0,negative_control
2026-03-04 12:26:40,0,75.8,True,76.22681044434071,-0.15895342103670917,0.0,False,False,0.0,negative_control
2026-03-04 12:26:50,0,77.2,True,76.19900727516423,-0.306316246207959,0.0,False,False,0.0,negative_control
2026-03-04 12:27:00,0,76.4,True,76.13770531851513,-0.45830320765194127,0.0,False,False,0.0,negative_control
2026-03-04 12:27:10,0,76.3,True,76.03268758161853,-0.500959751323612,0.0,False,False,0.0,negative_control
2026-03-04 12:27:20,0,74.7,True,75.88311777499169,-0.3842524440253902,0.0,False,False,0.0,negative_control
2026-03-04 12:27:30,0,75.7,True,75.76406759753013,-0.17087292501709977,0.0,False,False,0.0,negative_control
2026-03-04 12:27:40,0,74.1,True,75.82236201965691,0.09617063029788372,0.0,False,False,0.0,negative_control
2026-03-04 12:27:50,0,75.9,True,75.9010501117265,0.3863854811387106,0.0,False,False,0.0,negative_control
2026-03-04 12:28:00,0,76.8,True,75.97991322241718,0.6624264835979021,0.0,False,False,0.0,negative_control
2026-03-04 12:28:10,0,75.7,True,76.07209520351071,0.788157614275812,0.0,False,False,0.0,negative_control
2026-03-04 12:28:20,0,75.7,True,76.22629305185602,0.798819775904472,0.0,False,False,0.0,negative_control
2026-03-04 12:28:30,0,77.2,True,76.46820640884398,0.6569042811362849,0.0,False,False,0.0,negative_control
2026-03-04 12:28:40,0,77.2,True,76.58815416730594,0.44232997608131663,0.0,False,False,0.0,negative_control
2026-03-04 12:28:50,0,77.7,True,76.6061276203189,0.23004876227801405,0.0,False,False,0.0,negative_control
2026-03-04 12:29:00,0,75.2,True,76.52512234338501,0.13110900885439034,0.0,False,False,0.0,negative_control
2026-03-04 12:29:10,0,76.1,True,76.51497079034861,0.139735042620798,0.0,False,False,0.0,negative_control
2026-03-04 12:29:20,0,77.5,True,76.57398103570364,0.22522167872877102,0.0,False,False,0.0,negative_control
2026-03-04 12:29:30,0,76.1,True,76.7119881203426,0.3125309755772692,0.0,False,False,0.0,negative_control
2026-03-04 12:29:40,0,77.7,True,76.71865989170533,0.31264305406961507,0.0,False,False,0.0,negative_control
2026-03-04 12:29:50,0,76.5,True,76.76177497835226,0.2648623082402521,0.0,False,False,0.0,negative_control
2026-03-04 12:30:00,0,76.8,True,76.79851922805791,0.2362252804509548,0.0,False,False,0.0,negative_control
2026-03-04 12:30:10,0,78.8,True,76.83501668243987,0.3183877041654052,0.0,False,False,0.0,negative_control
2026-03-04 12:30:20,0,76.7,True,76.8773502505618,0.42147188809792757,0.0,False,False,0.0,negative_control
2026-03-04 12:30:30,0,76.5,True,76.94924219377738,0.580515672427739,0.0,False,False,0.0,negative_control
2026-03-04 12:30:40,0,76.9,True,77.06267450262251,0.7363120688288611,0.0,False,False,0.0,negative_control
2026-03-04 12:30:50,0,77.6,True,77.2032192285714,0.85768428622528,0.0,False,False,0.0,negative_control
2026-03-04 12:31:00,0,76.8,True,77.39430049261551,0.8291467418021036,0.0,False,False,0.0,negative_control
2026-03-04 12:31:10,0,78.6,True,77.55109850542888,0.6209431781554832,0.0,False,False,0.0,negative_control
2026-03-04 12:31:20,0,77.6,True,77.69974626914706,0.23051585848716666,0.0,False,False,0.0,negative_control
2026-03-04 12:31:30,0,79.2,True,77.69835174438973,-0.1750635800047065,0.0,False,False,0.0,negative_control
2026-03-04 12:31:40,0,78.3,True,77.59668251036402,-0.438391710402105,0.0,False,False,0.0,negative_control
2026-03-04 12:31:50,0,76.7,True,77.3777936947323,-0.5604994115807831,0.0,False,False,0.0,negative_control
2026-03-04 12:32:00,0,74.8,True,77.2718704948893,-0.526023681356232,0.0,False,False,0.0,negative_control
2026-03-04 12:32:10,0,78.0,True,77.26125904419452,-0.3685042789767529,0.0,False,False,0.0,negative_control
2026-03-04 12:32:20,0,77.4,True,77.22752410086548,-0.12597368499813988,0.0,False,False,0.0,negative_control
2026-03-04 12:32:30,0,76.6,True,77.16504317434736,0.02413272338556368,0.0,False,False,0.0,negative_control
2026-03-04 12:32:40,0,76.7,True,77.18006944355379,0.09254696661925167,2.0,False,False,0.0,negative_control
2026-03-04 12:32:50,0,77.8,True,77.27510728668585,0.11924284714664114,2.0,False,False,0.0,negative_control
2026-03-04 12:33:00,2,77.6,True,77.31599634426556,0.06581253553181177,2.0,False,False,0.0,negative_control
2026-03-04 12:33:10,0,77.5,True,77.30955145922285,-0.11593473444675065,2.0,False,False,0.0,negative_control
2026-03-04 12:33:20,0,77.5,True,77.27136515071727,-0.3384330315949925,6.0,False,False,0.0,negative_control
2026-03-04 12:33:30,0,78.0,True,77.1950730339979,-0.3709082625804817,6.0,False,False,0.0,negative_control
2026-03-04 12:33:40,4,77.0,True,77.06795975627817,-0.11520153732936766,4.0,False,False,0.0,negative_control
2026-03-04 12:33:50,0,75.7,True,76.95217310460481,0.3784477888430605,4.0,False,False,0.0,negative_control
2026-03-04 12:34:00,0,75.0,True,77.04508197036557,0.9816003179179187,4.0,False,False,0.0,negative_control
2026-03-04 12:34:10,0,76.9,True,77.36217116452059,1.57692432855054,4.0,False,False,0.0,negative_control
2026-03-04 12:34:20,0,78.1,True,77.7562888860957,1.9707833463225448,0.0,False,False,0.0,negative_control
2026-03-04 12:34:30,0,77.9,True,78.12645475535342,2.0609633980054687,0.0,False,False,0.0,negative_control
2026-03-04 12:34:40,0,79.0,True,78.50102975050338,1.9196373493559913,0.0,False,False,0.0,negative_control
2026-03-04 12:34:50,0,79.0,True,78.79244303740388,1.6982508589325231,0.0,False,False,0.0,negative_control
2026-03-04 12:35:00,0,79.3,True,79.04926349720503,1.4527633211883098,0.0,False,False,0.0,negative_control
2026-03-04 12:35:10,0,79.4,True,79.26429453987369,1.1744030036421615,0.0,False,False,0.0,negative_control
2026-03-04 12:35:20,0,80.0,True,79.45670800585461,0.9167765200363944,0.0,False,False,0.0,negative_control
2026-03-04 12:35:30,0,79.8,True,79.59190613947797,0.6369461231033772,0.0,False,False,0.0,negative_control
2026-03-04 12:35:40,0,80.1,True,79.65908862968098,0.3811305562114139,0.0,False,False,0.0,negative_control
2026-03-04 12:35:50,0,79.6,True,79.70278589149748,0.19955103440232763,0.0,False,False,0.0,negative_control
2026-03-04 12:36:00,0,80.4,True,79.6802808018969,0.1440871611841161,0.0,False,False,0.0,negative_control
2026-03-04 12:36:10,0,78.9,True,79.67115584594579,0.23049495768708508,0.0,False,False,0.0,negative_control
2026-03-04 12:36:20,0,79.4,True,79.70722353098564,0.4338900090426814,0.0,False,False,0.0,negative_control
2026-03-04 12:36:30,0,79.6,True,79.79449513785643,0.6881714904768318,0.0,False,False,0.0,negative_control
2026-03-04 12:36:40,0,79.3,True,79.94751593436995,0.8785767917523817,0.0,False,False,0.0,negative_control
2026-03-04 12:36:50,0,80.6,True,80.15845605327846,0.9582687011771617,0.0,False,False,0.0,negative_control
2026-03-04 12:37:00,0,80.3,True,80.34580551440003,0.8976720607981569,0.0,False,False,0.0,negative_control
2026-03-04 12:37:10,0,80.7,True,80.49078922792161,0.6902588591236238,0.0,False,False,0.0,negative_control
2026-03-04 12:37:20,0,81.2,True,80.60090447943013,0.37646022920779665,2.0,False,False,0.0,negative_control
2026-03-04 12:37:30,0,81.0,True,80.64450381084366,0.12540497082661975,2.0,False,False,0.0,negative_control
2026-03-04 12:37:40,2,81.1,True,80.61218711073113,0.027393398059404737,2.0,False,False,0.0,negative_control
2026-03-04 12:37:50,0,79.9,True,80.51523492907377,0.023233105921157047,2.0,False,False,0.0,negative_control
2026-03-04 12:38:00,0,79.4,True,80.52082190226204,0.06937356953168752,2.0,False,False,0.0,negative_control
2026-03-04 12:38:10,0,81.8,True,80.62987919249397,0.09850486615942632,2.0,False,False,0.0,negative_control
2026-03-04 12:38:20,0,81.0,True,80.6772496814749,0.13333935476613443,0.0,False,False,0.0,negative_control
2026-03-04 12:38:30,0,81.0,True,80.67082845070163,0.1725399263100659,0.0,False,False,0.0,negative_control
2026-03-04 12:38:40,0,80.0,True,80.60954529504531,0.21906858081045807,0.0,False,False,0.0,negative_control
2026-03-04 12:38:50,0,79.8,True,80.64985302189652,0.3199658083030809,0.0,False,False,0.0,negative_control
2026-03-04 12:39:00,0,81.1,True,80.79846958573047,0.4170478133700507,0.0,False,False,0.0,negative_control
2026-03-04 12:39:10,0,81.1,True,80.8968310805195,0.4872092159034707,0.0,False,False,0.0,negative_control
2026-03-04 12:39:20,0,81.2,True,80.96133108872844,0.4957150115636833,0.0,False,False,0.0,negative_control
2026-03-04 12:39:30,0,80.8,True,81.00271961172545,0.5118399758178641,0.0,False,False,0.0,negative_control
2026-03-04 12:39:40,0,80.5,True,81.0778947366767,0.5882716027083705,0.0,False,False,0.0,negative_control
2026-03-04 12:39:50,0,81.5,True,81.19938565107405,0.6734627824312502,0.0,False,False,0.0,negative_control
2026-03-04 12:40:00,0,81.0,True,81.35410750731708,0.7351834735117382,0.0,False,False,0.0,negative_control
2026-03-04 12:40:10,0,81.9,True,81.48451394811295,0.75514902922515,0.0,False,False,0.0,negative_control
2026-03-04 12:40:20,0,81.6,True,81.59567271359431,0.7688298993332525,0.0,False,False,0.0,negative_control
2026-03-04 12:40:30,0,81.5,True,81.70611026467472,0.8070776574254912,0.0,False,False,0.0,negative_control
2026-03-04 12:40:40,0,81.6,True,81.83423285986757,0.8191240727077079,0.0,False,False,0.0,negative_control
2026-03-04 12:40:50,0,81.9,True,82.00139426503836,0.7426911667745498,0.0,False,False,0.0,negative_control
2026-03-04 12:41:00,0,83.6,True,82.1854547143822,0.5864686933990695,0.0,False,False,0.0,negative_control
2026-03-04 12:41:10,0,82.8,True,82.2670909494564,0.39227671654250484,0.0,False,False,0.0,negative_control
2026-03-04 12:41:20,0,82.3,True,82.25990900944,0.24560704958589685,0.0,False,False,0.0,negative_control
2026-03-04 12:41:30,0,81.8,True,82.24604523766358,0.2148718908936204,0.0,False,False,0.0,negative_control
2026-03-04 12:41:40,0,82.1,True,82.2565223388311,0.3628058568741106,0.0,False,False,0.0,negative_control
2026-03-04 12:41:50,0,81.8,True,82.34308649647048,0.606921751381255,0.0,False,False,0.0,negative_control
2026-03-04 12:42:00,0,82.1,True,82.47016507018824,0.8629055568329018,0.0,False,False,0.0,negative_control
2026-03-04 12:42:10,0,82.7,True,82.65893782227072,1.051992669375752,0.0,False,False,0.0,negative_control
2026-03-04 12:42:20,0,82.6,True,82.85753354473164,1.1485547506241058,0.0,False,False,0.0,negative_control
2026-03-04 12:42:30,0,83.3,True,83.08238485798115,1.197256909357454,0.0,False,False,0.0,negative_control
2026-03-04 12:42:40,0,84.4,True,83.27096698089419,1.2455018863170655,0.0,False,False,0.0,negative_control
2026-03-04 12:42:50,0,82.8,True,83.45471026728958,1.308473368139068,0.0,False,False,0.0,negative_control
2026-03-04 12:43:00,0,83.3,True,83.66423859823324,1.3359523160795033,0.0,False,False,0.0,negative_control
2026-03-04 12:43:10,0,84.0,True,83.93447336221577,1.296804269080821,0.0,False,False,0.0,negative_control
2026-03-04 12:43:20,0,85.7,True,84.19378701990092,1.1737902669289533,0.0,False,False,0.0,negative_control
2026-03-04 12:43:30,0,84.6,True,84.38539851423621,0.982122261646217,0.0,False,False,0.0,negative_control
2026-03-04 12:43:40,0,84.9,True,84.49124309427754,0.7719984428283398,0.0,False,False,0.0,negative_control
2026-03-04 12:43:50,0,84.6,True,84.57896152336511,0.5619696025771155,0.0,False,False,0.0,negative_control
2026-03-04 12:44:00,0,84.6,True,84.6631735396802,0.34203093418400415,0.0,False,False,0.0,negative_control
2026-03-04 12:44:10,0,85.3,True,84.75791447927531,0.07195456434539144,0.0,False,False,0.0,negative_control
2026-03-04 12:44:20,0,85.6,True,84.76230783208298,-0.29684366381659194,0.0,False,False,0.0,negative_control
2026-03-04 12:44:30,0,85.2,True,84.67708582357113,-0.7401158359479838,0.0,False,False,0.0,negative_control
2026-03-04 12:44:40,0,84.6,True,84.50471145232115,-1.1281692188325825,0.0,False,False,0.0,negative_control
2026-03-04 12:44:50,0,85.0,True,84.24978898979134,-1.3613936619987907,0.0,False,False,0.0,negative_control
2026-03-04 12:45:00,0,83.5,True,83.9364980255601,-1.453659905974298,0.0,False,False,0.0,negative_control
2026-03-04 12:45:10,0,83.4,True,83.69595673225554,-1.4596313723740877,0.0,False,False,0.0,negative_control
2026-03-04 12:45:20,0,84.7,True,83.48807489432689,-1.3410175913123958,0.0,False,False,0.0,negative_control
2026-03-04 12:45:30,0,83.5,True,83.27820553878605,-1.103049599278954,0.0,False,False,0.0,negative_control
2026-03-04 12:45:40,0,82.3,True,83.03137043970955,-0.7739232071253189,0.0,False,False,0.0,negative_control
2026-03-04 12:45:50,0,82.2,True,82.90643041391797,-0.3166411590163546,0.0,False,False,0.0,negative_control
2026-03-04 12:46:00,0,82.0,True,82.89922879044605,0.18072450544703844,0.0,False,False,0.0,negative_control
2026-03-04 12:46:10,0,82.4,True,83.00856529871513,0.6010680636754343,0.0,False,False,0.0,negative_control
2026-03-04 12:46:20,0,84.3,True,83.21932935677006,0.8215896325164125,0.0,False,False,0.0,negative_control
2026-03-04 12:46:30,0,83.4,True,83.39998164095333,0.8647570924910999,0.0,False,False,0.0,negative_control
2026-03-04 12:46:40,0,83.7,True,83.53063086529548,0.7984793059762194,0.0,False,False,0.0,negative_control
2026-03-04 12:46:50,0,84.8,True,83.6330519005202,0.7224242609335909,0.0,False,False,0.0,negative_control
2026-03-04 12:47:00,0,83.0,True,83.72431491916495,0.7560589736656268,0.0,False,False,0.0,negative_control
2026-03-04 12:47:10,0,83.6,True,83.83629709100386,0.8942749439133814,0.0,False,False,0.0,negative_control
2026-03-04 12:47:20,0,84.0,True,83.98766211134341,1.1279653095752833,0.0,False,False,0.0,negative_control
2026-03-04 12:47:30,0,83.2,True,84.20363748357352,1.39964989349975,2.0,False,False,0.0,negative_control
2026-03-04 12:47:40,0,84.0,True,84.4535524363992,1.5974666025313313,2.0,False,False,0.0,negative_control
2026-03-04 12:47:50,2,84.7,True,84.77905946195808,1.679384888175287,2.0,False,False,0.0,negative_control
2026-03-04 12:48:00,0,85.6,True,85.11774306450998,1.6554863694675332,2.0,False,False,0.0,negative_control
2026-03-04 12:48:10,0,86.0,True,85.37605051114686,1.589645102813916,2.0,False,False,0.0,negative_control
2026-03-04 12:48:20,0,85.1,True,85.59703304297487,1.4780304009150218,2.0,False,False,0.0,negative_control
2026-03-04 12:48:30,0,85.6,True,85.81752108196537,1.3591826705972205,0.0,False,False,0.0,negative_control
2026-03-04 12:48:40,0,86.6,True,86.07426263461676,1.2632939568075454,0.0,False,False,0.0,negative_control
2026-03-04 12:48:50,0,86.3,True,86.2933812930376,1.0886685215334237,0.0,False,False,0.0,negative_control
2026-03-04 12:49:00,0,86.6,True,86.46139683363137,0.7812021255625019,0.0,False,False,0.0,negative_control
2026-03-04 12:49:10,0,87.3,True,86.60631184649702,0.4217932267091568,0.0,False,False,0.0,negative_control
2026-03-04 12:49:20,0,87.3,True,86.63561216711217,0.11125462754545927,0.0,False,False,0.0,negative_control
2026-03-04 12:49:30,0,85.9,True,86.55418118224601,-0.1128843908368304,0.0,False,False,0.0,negative_control
2026-03-04 12:49:40,0,86.4,True,86.49844706108752,-0.18440890292999904,20.0,False,False,0.0,negative_control
2026-03-04 12:49:50,0,86.6,True,86.45912078344361,-0.036668232178151856,39.0,False,False,0.0,negative_control
2026-03-04 12:50:00,20,85.6,True,86.42964796970696,0.30853249511544156,59.0,False,False,0.0,activity
2026-03-04 12:50:10,19,85.9,True,86.48844981758813,0.7801553049282963,78.0,False,False,0.0,activity
2026-03-04 12:50:20,20,86.2,True,86.64532663506732,1.3639468560387396,98.0,False,False,0.0,activity
2026-03-04 12:50:30,19,85.4,True,86.92642455839105,2.010777168869954,117.0,False,False,0.0,activity
2026-03-04 12:50:40,20,87.3,True,87.32859324144663,2.4891655812747513,116.0,False,False,0.0,activity
2026-03-04 12:50:50,19,86.7,True,87.8355274647433,2.7074149238920286,117.0,False,False,0.0,activity
2026-03-04 12:51:00,19,89.4,True,88.43171626549719,2.6483286585865664,117.0,False,False,0.0,activity
2026-03-04 12:51:10,20,90.0,True,88.86652444383392,2.3913447887598327,116.0,False,False,0.0,activity
2026-03-04 12:51:20,20,89.5,True,89.19575336280965,2.079346955154995,115.0,False,False,0.0,activity
2026-03-04 12:51:30,18,89.6,True,89.45760784225365,1.8889069474093356,115.0,False,False,0.0,activity
2026-03-04 12:51:40,19,88.0,True,89.71239696207326,1.8775704785176326,115.0,False,False,0.0,activity
2026-03-04 12:51:50,19,89.4,True,90.0192522422384,1.9470195655693572,115.0,False,False,0.0,activity
2026-03-04 12:52:00,19,90.8,True,90.42931622944326,2.019543342120761,115.0,False,False,0.0,activity
2026-03-04 12:52:10,20,91.2,True,90.77759958822199,2.0429433899780216,115.0,False,False,0.0,activity
2026-03-04 12:52:20,20,90.9,True,91.10548287837105,1.9604054314030763,115.0,False,False,0.0,activity
2026-03-04 12:52:30,18,91.4,True,91.41761331491529,1.804601711395331,116.0,False,False,0.0,activity
2026-03-04 12:52:40,19,92.2,True,91.73267930394539,1.6924220861439747,116.0,False,False,0.0,activity
2026-03-04 12:52:50,20,92.1,True,91.9865251769664,1.5587413800118615,115.0,False,False,0.0,activity
2026-03-04 12:53:00,19,91.9,True,92.22145857948179,1.3205651895960329,114.0,False,False,0.0,activity
2026-03-04 12:53:10,19,94.0,True,92.47663507857749,1.006054626017655,115.0,False,False,0.0,activity
2026-03-04 12:53:20,19,92.9,True,92.66125075743608,0.7056484048708028,115.0,False,False,0.0,activity
2026-03-04 12:53:30,19,93.6,True,92.6894082292007,0.4514216797738629,115.0,False,False,0.0,activity
2026-03-04 12:53:40,19,91.5,True,92.68246707249874,0.24386047273449002,114.0,False,False,0.0,activity
2026-03-04 12:53:50,20,92.5,True,92.70593709454657,0.1126569635318512,113.0,False,False,0.0,activity
2026-03-04 12:54:00,18,93.0,True,92.76372996568549,0.021658186346438225,112.0,False,False,0.0,activity
2026-03-04 12:54:10,18,93.1,True,92.78214449777198,-0.08715946454310448,112.0,False,False,0.0,activity
2026-03-04 12:54:20,18,93.3,True,92.74758311282048,-0.2140751214279062,110.0,False,False,0.0,activity
2026-03-04 12:54:30,19,91.8,True,92.6542855800057,-0.3195271080744792,110.0,False,False,0.0,activity
2026-03-04 12:54:40,17,92.5,True,92.58670231052523,-0.4246621841620182,110.0,False,False,0.0,activity
2026-03-04 12:54:50,20,93.1,True,92.53356942613227,-0.4934314338003584,112.0,False,False,0.0,activity
2026-03-04 12:55:00,18,92.1,True,92.4860314460947,-0.5515821128815883,112.0,False,False,0.0,activity
2026-03-04 12:55:10,20,93.1,True,92.33616537373958,-0.5980917155383028,111.0,False,False,0.0,activity
2026-03-04 12:55:20,18,91.6,True,92.2256601970077,-0.6442832707847055,112.0,False,False,0.0,activity
2026-03-04 12:55:30,18,92.3,True,92.10276505311045,-0.7085696568761555,112.0,False,False,0.0,activity
2026-03-04 12:55:40,18,91.8,True,92.03033075139827,-0.8195224143517029,111.0,False,False,0.0,activity
2026-03-04 12:55:50,20,92.3,True,91.91295157491913,-1.0527765266001303,110.0,False,False,0.0,activity
2026-03-04 12:56:00,17,92.7,True,91.73106432759319,-1.3972076789961925,110.0,False,False,0.0,activity
2026-03-04 12:56:10,19,91.8,True,91.45435446819944,-1.828078206463031,111.0,False,False,0.0,activity
2026-03-04 12:56:20,18,91.7,True,91.12003702017226,-2.181485577864177,112.0,False,False,0.0,activity
2026-03-04 12:56:30,19,91.0,True,90.68905907550712,-2.3806167360522017,110.0,False,False,0.0,activity
2026-03-04 12:56:40,19,89.8,True,90.2062576434265,-2.4265173502489072,113.0,False,False,0.0,activity
2026-03-04 12:56:50,18,89.2,True,89.79116581858361,-2.3982660942489824,113.0,False,False,0.0,activity
2026-03-04 12:57:00,20,89.4,True,89.44126829683798,-2.4161544253857734,114.0,False,False,0.0,activity
2026-03-04 12:57:10,19,89.9,True,89.09824882456535,-2.629592303610652,114.0,False,False,0.0,activity
2026-03-04 12:57:20,19,89.2,True,88.70493748972027,-2.9634384229134723,113.0,False,False,0.0,activity
2026-03-04 12:57:30,19,89.6,True,88.16244906982855,-3.337619517463763,115.0,False,False,0.0,activity
2026-03-04 12:57:40,18,86.6,True,87.44703549490826,-3.7252133887341934,114.0,False,False,0.0,activity
2026-03-04 12:57:50,20,86.9,True,86.82279450247268,-4.072961872412681,115.0,False,False,0.0,activity
2026-03-04 12:58:00,19,87.2,True,86.18568592711586,-4.363823049112304,115.0,False,False,0.0,activity
2026-03-04 12:58:10,20,85.0,True,85.42952500627834,-4.499845210187756,115.0,False,False,0.0,activity
2026-03-04 12:58:20,19,85.8,True,84.61161825315388,-4.55012728724686,116.0,False,False,0.0,activity
2026-03-04 12:58:30,19,82.6,True,83.7289812088884,-4.412335340751847,114.0,False,False,0.0,activity
2026-03-04 12:58:40,19,82.6,True,83.03450769943765,-4.009932617715465,114.0,False,False,0.0,activity
2026-03-04 12:58:50,18,82.0,True,82.41245213989318,-3.4365662833459303,111.0,False,False,0.0,activity
2026-03-04 12:59:00,19,80.9,True,81.85913860366422,-2.8145324247721364,110.0,False,False,0.0,activity
2026-03-04 12:59:10,17,80.2,True,81.4656815013793,-2.3187301608032076,111.0,False,False,0.0,activity
2026-03-04 12:59:20,18,81.7,True,81.16650464932425,-1.9165257807776561,110.0,False,False,0.0,activity
2026-03-04 12:59:30,20,80.9,True,80.91174523882324,-1.6087423642150254,111.0,False,False,0.0,activity
2026-03-04 12:59:40,18,80.6,True,80.6589433681261,-1.4155112464501145,92.0,False,False,0.0,activity
2026-03-04 12:59:50,19,80.1,True,80.41596539211663,-1.2331986697602126,75.0,False,False,0.0,activity
2026-03-04 13:00:00,0,78.9,True,80.22564831479328,-1.0707049189827111,57.0,False,False,0.0,baseline
2026-03-04 13:00:10,0,80.2,True,80.0562726232688,-0.9652334166070731,37.0,False,False,0.0,baseline
2026-03-04 13:00:20,0,79.6,True,79.96294236895577,-0.9884912931897333,19.0,False,False,0.0,baseline
2026-03-04 13:00:30,0,80.2,True,79.83010250946869,-1.172926290065909,0.0,False,False,0.0,baseline
2026-03-04 13:00:40,0,81.2,True,79.63561306822639,-1.4814204305244734,0.0,False,False,0.0,baseline
2026-03-04 13:00:50,0,79.3,True,79.34705913835516,-1.7225322617847185,0.0,False,False,0.0,baseline
2026-03-04 13:01:00,0,79.8,True,78.98301506487645,-1.7185899461995444,0.0,False,False,0.0,baseline
2026-03-04 13:01:10,0,77.0,True,78.56614016887715,-1.4153650026000035,0.0,False,False,0.0,baseline
2026-03-04 13:01:20,0,77.4,True,78.3436219676907,-0.8623199403861614,0.0,False,False,0.0,baseline
2026-03-04 13:01:30,0,78.1,True,78.27837409445269,-0.14942343966523697,0.0,False,False,0.0,baseline
2026-03-04 13:01:40,0,76.4,True,78.35952190362345,0.5278548687305519,0.0,False,False,0.0,baseline
2026-03-04 13:01:50,0,77.9,True,78.51725669673145,0.9538232742957469,0.0,False,False,0.0,baseline
2026-03-04 13:02:00,0,79.4,True,78.77786760596135,1.1459050827197728,0.0,False,False,0.0,baseline
2026-03-04 13:02:10,0,78.9,True,79.01812311618481,1.1539710715971114,0.0,False,False,0.0,baseline
2026-03-04 13:02:20,0,80.6,True,79.19473247910574,1.0686512866930191,0.0,False,False,0.0,baseline
2026-03-04 13:02:30,0,79.4,True,79.33713058854428,0.8900114781425456,0.0,False,False,0.0,baseline
2026-03-04 13:02:40,0,79.4,True,79.4690504627402,0.6811354873777418,0.0,False,False,0.0,baseline
2026-03-04 13:02:50,0,81.6,True,79.6124787473928,0.4893535064140104,0.0,False,False,0.0,baseline
2026-03-04 13:03:00,0,80.1,True,79.6746534899442,0.31841615747168484,0.0,False,False,0.0,baseline
2026-03-04 13:03:10,0,74.2,True,79.6659371474863,0.15054816810799235,0.0,False,False,0.0,baseline
2026-03-04 13:03:20,0,79.6,True,79.66821032960945,-0.013657031332918929,0.0,False,False,0.0,baseline
2026-03-04 13:03:30,0,79.9,True,79.68185190000084,-0.13370983123407162,0.0,False,False,0.0,baseline
2026-03-04 13:03:40,0,79.9,True,79.65913545372568,-0.19747617443612725,0.0,False,False,0.0,baseline
2026-03-04 13:03:50,0,79.2,True,79.59627491640481,-0.2584409276632394,0.0,False,False,0.0,baseline
2026-03-04 13:04:00,0,79.7,True,79.51612686515139,-0.29462202597706677,0.0,False,False,0.0,baseline
2026-03-04 13:04:10,0,77.4,True,79.48866662475653,-0.30847822385847634,0.0,False,False,0.0,baseline
2026-03-04 13:04:20,0,79.6,True,79.44265082182109,-0.320176030478186,0.0,False,False,0.0,baseline
2026-03-04 13:04:30,0,79.4,True,79.40374348918915,-0.30309365170138236,0.0,False,False,0.0,baseline
2026-03-04 13:04:40,0,79.6,True,79.33212673808875,-0.23652688154145496,0.0,False,False,0.0,baseline
2026-03-04 13:04:50,0,78.3,True,79.24919777666979,-0.05223840116222569,0.0,False,False,0.0,baseline
2026-03-04 13:05:00,0,78.8,True,79.24113511136245,0.11620082188045586,0.0,False,False,0.0,baseline
2026-03-04 13:05:10,0,80.2,True,79.30659496461553,0.13972113428417754,0.0,False,False,0.0,baseline
2026-03-04 13:05:20,0,78.7,True,79.45648731197119,-0.12061455474090524,0.0,False,False,0.0,baseline
2026-03-04 13:05:30,0,80.7,True,79.4824608779887,-0.6796240981275422,0.0,False,False,0.0,baseline
2026-03-04 13:05:40,0,80.6,True,79.32217792367099,-1.3161900388211327,0.0,False,False,0.0,baseline
2026-03-04 13:05:50,0,79.6,True,78.94892462329845,-1.857835271699175,0.0,False,False,0.0,baseline
2026-03-04 13:06:00,0,77.8,True,78.46715876014233,-2.0984054308127766,0.0,False,False,0.0,baseline
2026-03-04 13:06:10,0,77.3,True,78.09658602367658,-2.01370982839516,0.0,False,False,0.0,baseline
2026-03-04 13:06:20,0,77.9,True,77.77544429115693,-1.6932039592814925,0.0,False,False,0.0,baseline
2026-03-04 13:06:30,0,76.8,True,77.53354327383009,-1.3120416071909262,2.0,False,False,0.0,baseline
2026-03-04 13:06:40,0,77.1,True,77.36389946880827,-0.9638385705845468,2.0,False,False,0.0,baseline
2026-03-04 13:06:50,2,77.5,True,77.23823890858782,-0.5977038671708207,2.0,False,False,0.0,baseline
2026-03-04 13:07:00,0,76.6,True,77.13561816646532,-0.27761504638078516,2.0,False,False,0.0,baseline
2026-03-04 13:07:10,0,76.6,True,77.12226711875371,-0.06450968570181956,2.0,False,False,0.0,baseline
2026-03-04 13:07:20,0,77.3,True,77.19596059083437,-0.015727367877893406,2.0,False,False,0.0,baseline
2026-03-04 13:07:30,0,77.7,True,77.25231416138743,-0.1874234208907412,0.0,False,False,0.0,baseline
2026-03-04 13:07:40,0,78.7,True,77.23405342550505,-0.526070996432989,0.0,False,False,0.0,baseline
2026-03-04 13:07:50,0,77.9,True,77.10480159387352,-0.9238256428092892,0.0,False,False,0.0,baseline
2026-03-04 13:08:00,0,76.6,True,76.84301669455422,-1.1755512296537887,0.0,False,False,0.0,baseline
2026-03-04 13:08:10,0,76.8,True,76.58840124432729,-1.187487735726284,0.0,False,False,0.0,baseline
2026-03-04 13:08:20,0,75.6,True,76.3318526681549,-0.9437674358483823,0.0,False,False,0.0,baseline
2026-03-04 13:08:30,0,75.6,True,76.19727953667498,-0.45734170861185675,0.0,False,False,0.0,baseline
2026-03-04 13:08:40,0,74.8,True,76.1622529946409,0.1421461148084213,0.0,False,False,0.0,baseline
2026-03-04 13:08:50,0,75.9,True,76.22093528504695,0.7438963859348748,0.0,False,False,0.0,baseline
2026-03-04 13:09:00,0,75.3,True,76.43310678962749,1.1339151023362026,0.0,False,False,0.0,baseline
2026-03-04 13:09:10,0,76.7,True,76.7341294258126,1.2522053834126337,0.0,False,False,0.0,baseline
2026-03-04 13:09:20,0,77.9,True,77.04084029963313,1.0756251331530875,0.0,False,False,0.0,baseline
2026-03-04 13:09:30,0,78.3,True,77.20435789005919,0.7211728812762155,0.0,False,False,0.0,baseline
2026-03-04 13:09:40,0,76.9,True,77.25193512882844,0.38691610961206896,0.0,False,False,0.0,baseline
2026-03-04 13:09:50,0,77.9,True,77.19150155573574,0.2385739276451891,0.0,False,False,0.0,baseline
2026-03-04 13:10:00,0,76.5,True,77.17965157526567,0.36570835266680823,0.0,False,False,0.0,baseline
2026-03-04 13:10:10,0,76.7,True,77.24774352400654,0.5787941697995822,0.0,False,False,0.0,baseline
2026-03-04 13:10:20,0,76.9,True,77.40712606008182,0.7204885390418302,2.0,False,False,0.0,baseline
2026-03-04 13:10:30,0,78.4,True,77.65102960617074,0.7251214743148685,2.0,False,False,0.0,baseline
2026-03-04 13:10:40,2,79.0,True,77.77010475328811,0.636322274354683,2.0,False,False,0.0,baseline
2026-03-04 13:10:50,0,77.6,True,77.78419735928682,0.4071482153583912,2.0,False,False,0.0,baseline
2026-03-04 13:11:00,0,75.0,True,77.82898952516666,0.042260763683757134,2.0,False,False,0.0,baseline
2026-03-04 13:11:10,0,78.8,True,77.91194661190761,-0.2905832273768931,2.0,False,False,0.0,baseline
2026-03-04 13:11:20,0,79.1,True,77.84689480063315,-0.589714899190818,0.0,False,False,0.0,baseline
2026-03-04 13:11:30,0,77.3,True,77.62299212279756,-0.9085609589651022,0.0,False,False,0.0,baseline
2026-03-04 13:11:40,0,77.5,True,77.41958813209489,-1.1466909880906975,0.0,False,False,0.0,baseline
2026-03-04 13:11:50,0,76.8,True,77.23611549674135,-1.1866504676123508,0.0,False,False,0.0,baseline
2026-03-04 13:12:00,0,77.7,True,77.0086621108447,-1.0029564536408173,0.0,False,False,0.0,baseline
2026-03-04 13:12:10,0,76.5,True,76.81598574342216,-0.6221361343236924,0.0,False,False,0.0,baseline
2026-03-04 13:12:20,0,75.1,True,76.67597366656997,0.008566257844266442,0.0,False,False,0.0,baseline
2026-03-04 13:12:30,0,75.7,True,76.69862386747944,0.6692677882243852,0.0,False,False,0.0,baseline
2026-03-04 13:12:40,0,75.5,True,76.92104471296881,1.0450853785466774,0.0,False,False,0.0,baseline
2026-03-04 13:12:50,0,78.3,True,77.34697301061964,0.9379410081505836,0.0,False,False,0.0,baseline
2026-03-04 13:13:00,0,79.6,True,77.61406347670707,0.4264058533986563,0.0,False,False,0.0,baseline
2026-03-04 13:13:10,0,79.3,True,77.60016452224568,-0.2854902305487092,0.0,False,False,0.0,baseline
2026-03-04 13:13:20,0,76.7,True,77.30295965482523,-0.8985394481589402,0.0,False,False,0.0,baseline
2026-03-04 13:13:30,0,77.2,True,77.02291472987565,-1.1042023833194632,0.0,False,False,0.0,baseline
2026-03-04 13:13:40,0,76.1,True,76.79668892657202,-0.8938990490332147,0.0,False,False,0.0,baseline
2026-03-04 13:13:50,0,75.8,True,76.6865779443637,-0.4290074610143999,0.0,False,False,0.0,baseline
2026-03-04 13:14:00,0,76.4,True,76.67422995288267,0.003668597787742591,0.0,False,False,0.0,baseline
2026-03-04 13:14:10,0,76.2,True,76.74092028688207,0.32981323241167526,0.0,False,False,0.0,baseline
2026-03-04 13:14:20,0,77.0,True,76.86443066869515,0.5002124533899628,0.0,False,False,0.0,baseline
2026-03-04 13:14:30,0,77.5,True,76.96534616195741,0.5432661308856445,0.0,False,False,0.0,baseline
2026-03-04 13:14:40,0,77.0,True,77.06048601554592,0.5054355921003743,0.0,False,False,0.0,baseline
2026-03-04 13:14:50,0,77.2,True,77.13237353839207,0.4447014615223251,0.0,False,False,0.0,baseline
2026-03-04 13:15:00,0,77.6,True,77.19298998430357,0.42236995548372686,0.0,False,False,0.0,baseline
2026-03-04 13:15:10,0,76.7,True,77.25243809426564,0.4168620134543294,0.0,False,False,0.0,baseline
2026-03-04 13:15:20,0,77.2,True,77.32062588660533,0.42725964509591136,0.0,False,False,0.0,baseline
2026-03-04 13:15:30,0,77.5,True,77.40891799337923,0.4445815033011094,0.0,False,False,0.0,baseline
2026-03-04 13:15:40,0,77.5,True,77.48202976571633,0.49314313586603437,0.0,False,False,0.0,baseline
2026-03-04 13:15:50,0,75.4,True,77.55214649900616,0.5738952910753062,0.0,False,False,0.0,baseline
2026-03-04 13:16:00,0,77.6,True,77.63095431546365,0.6645823757495336,0.0,False,False,0.0,baseline
2026-03-04 13:16:10,0,77.3,True,77.76492118449843,0.7196046182867949,0.0,False,False,0.0,baseline
2026-03-04 13:16:20,0,79.2,True,77.92637491761627,0.6909895353004368,0.0,False,False,0.0,baseline
2026-03-04 13:16:30,0,78.0,True,78.07555780367016,0.5525393748641725,0.0,False,False,0.0,baseline
2026-03-04 13:16:40,0,78.5,True,78.15400032366907,0.3061791102386144,0.0,False,False,0.0,baseline
2026-03-04 13:16:50,0,79.0,True,78.17477623094614,0.10370584017665613,0.0,False,False,0.0,baseline
2026-03-04 13:17:00,0,78.4,True,78.14134817671423,0.06494544823939051,0.0,False,False,0.0,baseline
2026-03-04 13:17:10,0,77.0,True,78.06481148526802,0.21915215481824407,0.0,False,False,0.0,baseline
2026-03-04 13:17:20,0,77.4,True,78.09907670803315,0.5205985062477752,0.0,False,False,0.0,baseline
2026-03-04 13:17:30,0,78.2,True,78.24985471547046,0.8409541325281333,0.0,False,False,0.0,baseline
2026-03-04 13:17:40,0,77.9,True,78.45894184215285,0.9907544951822472,0.0,False,False,0.0,baseline
2026-03-04 13:17:50,0,79.1,True,78.71118594252738,0.8163948927477037,0.0,False,False,0.0,baseline
2026-03-04 13:18:00,0,80.7,True,78.89862769998979,0.4138153914854173,0.0,False,False,0.0,baseline
2026-03-04 13:18:10,0,79.9,True,78.91917407411717,-0.06265202071975849,0.0,False,False,0.0,baseline
2026-03-04 13:18:20,0,78.5,True,78.7762494605974,-0.49241857923535587,0.0,False,False,0.0,baseline
2026-03-04 13:18:30,0,78.9,True,78.6126997571772,-0.7292549009568229,1.0,False,False,0.0,baseline
2026-03-04 13:18:40,0,78.4,True,78.46793334661986,-0.7304908490282285,1.0,False,False,0.0,baseline
2026-03-04 13:18:50,1,76.4,True,78.33448916049915,-0.5677609862233711,1.0,False,False,0.0,baseline
2026-03-04 13:19:00,0,78.0,True,78.25679316779497,-0.3532293830271591,1.0,False,False,0.0,baseline
2026-03-04 13:19:10,0,78.3,True,78.22189603638994,-0.11542648652593095,1.0,False,False,0.0,baseline
2026-03-04 13:19:20,0,77.2,True,78.22398157771656,0.14599580507814441,1.0,False,False,0.0,baseline
2026-03-04 13:19:30,0,78.0,True,78.26339738199593,0.43175073086191784,0.0,False,False,0.0,baseline
2026-03-04 13:19:40,0,78.0,True,78.34671274994129,0.7787498260750826,0.0,False,False,0.0,baseline
2026-03-04 13:19:50,0,77.5,True,78.4878135762102,1.0555405589674514,0.0,False,False,0.0,baseline
2026-03-04 13:20:00,0,78.1,True,78.7102166651808,1.1832547183544095,0.0,False,False,0.0,negative_control
2026-03-04 13:20:10,0,79.8,True,79.03432253168152,1.1653208546099725,0.0,False,False,0.0,negative_control
2026-03-04 13:20:20,0,80.8,True,79.23081548679585,1.030892847586257,0.0,False,False,0.0,negative_control
2026-03-04 13:20:30,0,77.7,True,79.33244435637613,0.8075660294459837,0.0,False,False,0.0,negative_control
2026-03-04 13:20:40,0,79.4,True,79.4228139520191,0.5366906924038609,0.0,False,False,0.0,negative_control
2026-03-04 13:20:50,0,80.0,True,79.51698587299857,0.34097808981002037,0.0,False,False,0.0,negative_control
2026-03-04 13:21:00,0,79.7,True,79.58065543947781,0.15923802599405784,0.0,False,False,0.0,negative_control
2026-03-04 13:21:10,0,80.3,True,79.57443424587001,-0.035248081108593295,0.0,False,False,0.0,negative_control
2026-03-04 13:21:20,0,79.4,True,79.54728542657388,-0.22489458268170853,0.0,False,False,0.0,negative_control
2026-03-04 13:21:30,0,79.8,True,79.47801751170671,-0.3663092289874735,0.0,False,False,0.0,negative_control
2026-03-04 13:21:40,0,79.5,True,79.40508584879066,-0.45448969917208104,0.0,False,False,0.0,negative_control
2026-03-04 13:21:50,0,79.3,True,79.31633516067305,-0.4684184525520141,0.0,False,False,0.0,negative_control
2026-03-04 13:22:00,0,77.5,True,79.23030699933427,-0.37827409088106867,0.0,False,False,0.0,negative_control
2026-03-04 13:22:10,0,79.5,True,79.13266333788455,-0.1868896967379069,0.0,False,False,0.0,negative_control
2026-03-04 13:22:20,0,78.7,True,79.10713023274891,0.1447749860441978,0.0,False,False,0.0,negative_control
2026-03-04 13:22:30,0,78.5,True,79.14945216640476,0.4827116903098684,0.0,False,False,0.0,negative_control
2026-03-04 13:22:40,0,80.5,True,79.26668279446139,0.7403860572462433,0.0,False,False,0.0,negative_control
2026-03-04 13:22:50,0,78.5,True,79.51169388826159,0.8321723861046231,0.0,False,False,0.0,negative_control
2026-03-04 13:23:00,0,80.0,True,79.67532063010538,0.7376541126471291,0.0,False,False,0.0,negative_control
2026-03-04 13:23:10,0,80.3,True,79.78483414363339,0.48393533415464995,0.0,False,False,0.0,negative_control
2026-03-04 13:23:20,0,80.1,True,79.84182001443362,0.19658673040224278,0.0,False,False,0.0,negative_control
2026-03-04 13:23:30,0,80.7,True,79.82244255430614,0.04914543885976074,0.0,False,False,0.0,negative_control
2026-03-04 13:23:40,0,79.4,True,79.75680551989633,0.013466482365355909,0.0,False,False,0.0,negative_control
2026-03-04 13:23:50,0,78.3,True,79.7506360721359,0.030031939598534608,1.0,False,False,0.0,negative_control
2026-03-04 13:24:00,0,79.8,True,79.80290596973147,0.04088843438385306,1.0,False,False,0.0,negative_control
2026-03-04 13:24:10,1,80.4,True,79.85566019561561,-0.016440331766838706,1.0,False,False,0.0,negative_control
2026-03-04 13:24:20,0,80.2,True,79.85102445410236,-0.14436629606912735,1.0,False,False,0.0,negative_control
2026-03-04 13:24:30,0,80.0,True,79.78822612160614,-0.19278188114484157,1.0,False,False,0.0,negative_control
2026-03-04 13:24:40,0,79.5,True,79.69013214271095,-0.023327779744688748,1.0,False,False,0.0,negative_control
2026-03-04 13:24:50,0,78.7,True,79.62372685426759,0.45652407265041883,0.0,False,False,0.0,negative_control
2026-03-04 13:25:00,0,78.4,True,79.71127604153547,1.0481775562015696,0.0,False,False,0.0,negative_control
2026-03-04 13:25:10,0,78.7,True,79.96737123572592,1.5359558705482348,0.0,False,False,0.0,negative_control
2026-03-04 13:25:20,0,81.0,True,80.43469496920403,1.765441115700577,0.0,False,False,0.0,negative_control
2026-03-04 13:25:30,0,82.9,True,80.80780119754947,1.6677379753744785,0.0,False,False,0.0,negative_control
2026-03-04 13:25:40,0,81.6,True,81.04887429215314,1.3408483071346184,0.0,False,False,0.0,negative_control
2026-03-04 13:25:50,0,81.3,True,81.19809310211568,0.958861928179112,0.0,False,False,0.0,negative_control
2026-03-04 13:26:00,0,82.4,True,81.2803274290975,0.7724001563011037,0.0,False,False,0.0,negative_control
2026-03-04 13:26:10,0,81.0,True,81.35928299426222,0.7468146009494883,0.0,False,False,0.0,negative_control
2026-03-04 13:26:20,0,81.1,True,81.48145239180397,0.8171267171847061,1.0,False,False,0.0,negative_control
2026-03-04 13:26:30,0,81.8,True,81.66719718797972,0.9093409053316803,1.0,False,False,0.0,negative_control
2026-03-04 13:26:40,1,82.4,True,81.8308081821521,0.9709690538910997,1.0,False,False,0.0,negative_control
2026-03-04 13:26:50,0,81.4,True,81.99955387334981,0.9087110923847541,1.0,False,False,0.0,negative_control
2026-03-04 13:27:00,0,82.1,True,82.15155854343917,0.6979049796092035,1.0,False,False,0.0,negative_control
2026-03-04 13:27:10,0,83.0,True,82.3121563041017,0.45341636343519515,1.0,False,False,0.0,negative_control
2026-03-04 13:27:20,0,83.6,True,82.35811344878118,0.2202114268813543,0.0,False,False,0.0,negative_control
2026-03-04 13:27:30,0,81.9,True,82.29708950159085,0.05585125195061211,0.0,False,False,0.0,negative_control
2026-03-04 13:27:40,0,82.1,True,82.26891380466564,0.007942476154518848,0.0,False,False,0.0,negative_control
2026-03-04 13:27:50,0,82.8,True,82.26889040851805,0.13992887495563475,0.0,False,False,0.0,negative_control
2026-03-04 13:28:00,0,82.0,True,82.29701541379012,0.4130938957731897,0.0,False,False,0.0,negative_control
2026-03-04 13:28:10,0,82.0,True,82.3746429880272,0.7336793277910592,0.0,False,False,0.0,negative_control
2026-03-04 13:28:20,0,81.9,True,82.51471106026882,1.037258933488409,0.0,False,False,0.0,negative_control
2026-03-04 13:28:30,0,83.2,True,82.74056430922191,1.199429313814805,0.0,False,False,0.0,negative_control
2026-03-04 13:28:40,0,82.4,True,83.02317827637864,1.1436474369198808,0.0,False,False,0.0,negative_control
2026-03-04 13:28:50,0,84.2,True,83.27632195626515,0.864187751892574,0.0,False,False,0.0,negative_control
2026-03-04 13:29:00,0,84.1,True,83.39218596219585,0.5680450731330942,0.0,False,False,0.0,negative_control
2026-03-04 13:29:10,0,81.3,True,83.39008096182586,0.28443371608628754,0.0,False,False,0.0,negative_control
2026-03-04 13:29:20,0,83.9,True,83.30298945509351,0.19465654981577035,0.0,False,False,0.0,negative_control
2026-03-04 13:29:30,0,82.2,True,83.39972952421007,0.29803642756216897,0.0,False,False,0.0,negative_control
2026-03-04 13:29:40,0,83.9,True,83.41309118069498,0.5118033289499027,0.0,False,False,0.0,negative_control
2026-03-04 13:29:50,0,82.6,True,83.56196803396236,0.6358707851626378,0.0,False,False,0.0,negative_control
2026-03-04 13:30:00,0,83.6,True,83.70450622622346,0.5052024198548802,0.0,False,False,0.0,negative_control
2026-03-04 13:30:10,0,84.7,True,83.86446212285514,0.19444874357058017,0.0,False,False,0.0,negative_control
2026-03-04 13:30:20,0,84.8,True,83.88516170662935,-0.22675395164240447,0.0,False,False,0.0,negative_control
2026-03-04 13:30:30,0,84.6,True,83.7700549081751,-0.5036061149862524,0.0,False,False,0.0,negative_control
2026-03-04 13:30:40,0,82.9,True,83.51662392775003,-0.5072497736849374,0.0,False,False,0.0,negative_control
2026-03-04 13:30:50,0,82.4,True,83.36596360194997,-0.17043506133108877,0.0,False,False,0.0,negative_control
2026-03-04 13:31:00,0,82.2,True,83.37629720980823,0.35583095032474166,1.0,False,False,0.0,negative_control
2026-03-04 13:31:10,0,83.0,True,83.5493470193012,0.8914021203680454,1.0,False,False,0.0,negative_control
2026-03-04 13:31:20,1,84.5,True,83.81395466534435,1.2541117390441374,1.0,False,False,0.0,negative_control
2026-03-04 13:31:30,0,83.9,True,84.06422142227824,1.332982838037128,1.0,False,False,0.0,negative_control
2026-03-04 13:31:40,0,84.2,True,84.29185841625849,1.1304463147982136,1.0,False,False,0.0,negative_control
2026-03-04 13:31:50,0,85.4,True,84.53480514628183,0.7198889392637824,1.0,False,False,0.0,negative_control
2026-03-04 13:32:00,0,86.6,True,84.63355273401879,0.2328844821780889,0.0,False,False,0.0,negative_control
2026-03-04 13:32:10,0,85.3,True,84.60455911075887,-0.20816303740171152,0.0,False,False,0.0,negative_control
2026-03-04 13:32:20,0,83.9,True,84.45965867262544,-0.5160472536912952,0.0,False,False,0.0,negative_control
2026-03-04 13:32:30,0,84.6,True,84.2913680132629,-0.5920822027389263,0.0,False,False,0.0,negative_control
2026-03-04 13:32:40,0,83.9,True,84.18830535611085,-0.45965466176684083,0.0,False,False,0.0,negative_control
2026-03-04 13:32:50,0,83.7,True,84.13329359164393,-0.17883623108922392,0.0,False,False,0.0,negative_control
2026-03-04 13:33:00,0,84.3,True,84.117164092451,0.1721761610735383,0.0,False,False,0.0,negative_control
2026-03-04 13:33:10,0,83.7,True,84.17056194199989,0.5197417229390466,0.0,False,False,0.0,negative_control
2026-03-04 13:33:20,0,83.8,True,84.28572011521543,0.8039309052944201,0.0,False,False,0.0,negative_control
2026-03-04 13:33:30,0,84.3,True,84.48183164096686,0.9935371432941197,0.0,False,False,0.0,negative_control
2026-03-04 13:33:40,0,85.0,True,84.70824844021277,1.0487329051761904,0.0,False,False,0.0,negative_control
2026-03-04 13:33:50,0,85.3,True,84.88603997949414,1.0394317703019234,0.0,False,False,0.0,negative_control
2026-03-04 13:34:00,0,84.8,True,85.04483818202452,1.0390835495256072,0.0,False,False,0.0,negative_control
2026-03-04 13:34:10,0,85.8,True,85.16110941489231,1.1619159203369083,0.0,False,False,0.0,negative_control
2026-03-04 13:34:20,0,84.5,True,85.33756555024215,1.3605438016805727,0.0,False,False,0.0,negative_control
2026-03-04 13:34:30,0,84.9,True,85.586949277299,1.5716432690186466,0.0,False,False,0.0,negative_control
2026-03-04 13:34:40,0,86.3,True,85.95082455057235,1.8125404240503231,0.0,False,False,0.0,negative_control
2026-03-04 13:34:50,0,87.1,True,86.25650391560775,2.0983847926142083,0.0,False,False,0.0,negative_control
2026-03-04 13:35:00,0,86.0,True,86.55493393324444,2.5375313885185737,0.0,False,False,0.0,stress_onset
2026-03-04 13:35:10,0,85.6,True,86.9458529397552,3.263885596795105,0.0,False,False,0.0,stress_onset
2026-03-04 13:35:20,0,86.4,True,87.49441410289181,4.287792166442276,0.0,True,True,17.151168665769102,stress_onset
2026-03-04 13:35:30,0,86.1,True,88.27537761651038,5.362045049544125,0.0,True,True,21.4481801981765,stress_onset
2026-03-04 13:35:40,0,88.5,True,89.36890406621403,6.351400678998584,0.0,True,True,25.405602715994334,stress_onset
2026-03-04 13:35:50,0,90.7,True,90.60724786028668,7.088608802571875,0.0,True,True,28.354435210287505,stress_onset
2026-03-04 13:36:00,0,91.2,True,91.83013296440708,7.23225172657383,0.0,True,True,28.929006906295317,stress_onset
2026-03-04 13:36:10,0,93.4,True,93.158040229262,6.724127081195253,0.0,True,True,26.896508324781017,stress_onset
2026-03-04 13:36:20,0,97.1,True,94.44562086566059,5.811690282682576,0.0,True,True,23.246761130730302,stress_onset
2026-03-04 13:36:30,0,97.7,True,95.29080497966926,4.735725674140829,0.0,True,True,18.942902696563316,stress_onset
2026-03-04 13:36:40,0,96.5,True,95.83445659028949,3.6061915350987648,0.0,False,False,0.0,stress_onset
2026-03-04 13:36:50,0,95.0,True,96.26718429929129,2.6098321757160297,0.0,False,False,0.0,stress_onset
2026-03-04 13:37:00,0,97.2,True,96.66110939150829,1.8805877027621725,0.0,False,False,0.0,stress_onset
2026-03-04 13:37:10,0,98.5,True,96.96521938231001,1.2290602278877365,0.0,False,False,0.0,stress_onset
2026-03-04 13:37:20,0,97.9,True,97.11353260349672,0.5180904100422371,0.0,False,False,0.0,stress_onset
2026-03-04 13:37:30,0,97.9,True,97.13076792526621,-0.22438814898668066,0.0,False,False,0.0,stress_onset
2026-03-04 13:37:40,0,97.8,True,97.01979790124673,-0.93997901856097,0.0,False,False,0.0,stress_onset
2026-03-04 13:37:50,0,97.2,True,96.7787941941017,-1.5908044864668174,0.0,False,False,0.0,stress_onset
2026-03-04 13:38:00,0,97.1,True,96.46758951930696,-2.21747832116473,0.0,False,False,0.0,recovery
2026-03-04 13:38:10,0,96.3,True,96.05098309773004,-2.6887318760567487,0.0,False,False,0.0,recovery
2026-03-04 13:38:20,0,96.6,True,95.54287385910813,-2.915250267434404,0.0,False,False,0.0,recovery
2026-03-04 13:38:30,0,94.2,True,94.90857693033756,-2.8847865605272935,0.0,False,False,0.0,recovery
2026-03-04 13:38:40,0,93.6,True,94.39237615662324,-2.6136920422794807,0.0,False,False,0.0,recovery
2026-03-04 13:38:50,0,93.4,True,94.00823807567946,-2.199641435840132,0.0,False,False,0.0,recovery
2026-03-04 13:39:00,0,93.1,True,93.72547300734892,-1.7771977353741213,0.0,False,False,0.0,recovery
2026-03-04 13:39:10,0,93.5,True,93.4969534402432,-1.5295250860418654,0.0,False,False,0.0,recovery
2026-03-04 13:39:20,0,93.4,True,93.28459277984467,-1.4474875700975212,0.0,False,False,0.0,recovery
2026-03-04 13:39:30,0,92.9,True,93.05299758275358,-1.542412268217031,0.0,False,False,0.0,recovery
2026-03-04 13:39:40,0,93.2,True,92.79690198278809,-1.7122628205631691,0.0,False,False,0.0,recovery
2026-03-04 13:39:50,0,92.0,True,92.52362337995393,-1.9174905096698198,0.0,False,False,0.0,recovery
2026-03-04 13:40:00,0,93.8,True,92.13761534044544,-2.110157093245238,0.0,False,False,0.0,recovery
2026-03-04 13:40:10,0,92.0,True,91.77454319101116,-2.258087954266281,0.0,False,False,0.0,recovery
2026-03-04 13:40:20,0,91.4,True,91.3738949067454,-2.3823668076650133,0.0,False,False,0.0,recovery
2026-03-04 13:40:30,0,90.5,True,90.96889577360388,-2.5394210813888485,0.0,False,False,0.0,recovery
2026-03-04 13:40:40,0,90.9,True,90.57537926939632,-2.658997916296503,0.0,False,False,0.0,recovery
2026-03-04 13:40:50,0,91.1,True,90.12775931008815,-2.657455356301162,0.0,False,False,0.0,recovery
2026-03-04 13:41:00,0,88.6,True,89.551432569128,-2.59525059378456,0.0,False,False,0.0,recovery
2026-03-04 13:41:10,0,88.6,True,89.13367792302252,-2.5441590254701287,0.0,False,False,0.0,recovery
2026-03-04 13:41:20,0,89.5,True,88.80486959742079,-2.3992368185435677,0.0,False,False,0.0,recovery
2026-03-04 13:41:30,0,89.0,True,88.44353953805586,-2.1506159861361644,0.0,False,False,0.0,recovery
2026-03-04 13:41:40,0,87.0,True,87.9894660683669,-1.9318597228466847,0.0,False,False,0.0,recovery
2026-03-04 13:41:50,0,87.2,True,87.66697027673906,-1.6957943657459127,0.0,False,False,0.0,recovery
2026-03-04 13:42:00,0,86.6,True,87.45563619790107,-1.4387899743646722,0.0,False,False,0.0,baseline
2026-03-04 13:42:10,0,88.4,True,87.28690815204659,-1.2465839120441846,2.0,False,False,0.0,baseline
2026-03-04 13:42:20,0,87.3,True,87.11599813153322,-1.2371418350643735,2.0,False,False,0.0,baseline
2026-03-04 13:42:30,2,87.2,True,86.91442113294204,-1.2838900639286133,2.0,False,False,0.0,baseline
2026-03-04 13:42:40,0,86.8,True,86.66524765650786,-1.2874771129714213,4.0,False,False,0.0,baseline
2026-03-04 13:42:50,0,85.9,True,86.39361545615832,-1.2413579665570669,4.0,False,False,0.0,baseline
2026-03-04 13:43:00,2,85.3,True,86.20425249850182,-1.1807032431402995,4.0,False,False,0.0,baseline
2026-03-04 13:43:10,0,86.7,True,86.06559829059562,-1.1025466792945156,2.0,False,False,0.0,baseline
2026-03-04 13:43:20,0,86.2,True,85.90454379778869,-0.9974336096168397,3.0,False,False,0.0,baseline
2026-03-04 13:43:30,0,85.5,True,85.6942466046132,-0.8728451891609947,4.0,False,False,0.0,baseline
2026-03-04 13:43:40,1,85.0,True,85.5163238455399,-0.7223023954700609,2.0,False,False,0.0,baseline
2026-03-04 13:43:50,1,84.4,True,85.42445506072326,-0.5814290486431754,2.0,False,False,0.0,baseline
2026-03-04 13:44:00,0,85.5,True,85.40332878602716,-0.5338891146853667,2.0,False,False,0.0,baseline
2026-03-04 13:44:10,0,86.4,True,85.36609064233558,-0.5967592712703398,2.0,False,False,0.0,baseline
2026-03-04 13:44:20,0,85.8,True,85.25653427236658,-0.7519464492575059,1.0,False,False,0.0,baseline
2026-03-04 13:44:30,0,84.3,True,85.05640028112535,-0.9467437497399578,0.0,False,False,0.0,baseline
2026-03-04 13:44:40,0,84.9,True,84.88233300340501,-1.0529031037504797,0.0,False,False,0.0,baseline
2026-03-04 13:44:50,0,84.9,True,84.70532122625215,-1.0309748798146365,0.0,False,False,0.0,baseline
2026-03-04 13:45:00,0,84.1,True,84.49586298680798,-0.9558758025145544,0.0,False,False,0.0,baseline
2026-03-04 13:45:10,0,83.3,True,84.3523819118318,-0.9400893589668676,0.0,False,False,0.0,baseline
2026-03-04 13:45:20,0,84.5,True,84.25096448882758,-0.9809844752469579,0.0,False,False,0.0,baseline
2026-03-04 13:45:30,0,85.6,True,84.10804114729461,-1.0389484326396112,0.0,False,False,0.0,baseline
2026-03-04 13:45:40,0,84.1,True,83.89979133031076,-1.0772133192817046,0.0,False,False,0.0,baseline
2026-03-04 13:45:50,0,82.7,True,83.65817340171203,-1.0128709019945377,0.0,False,False,0.0,baseline
2026-03-04 13:46:00,0,83.4,True,83.45958437339864,-0.7887688731350277,0.0,False,False,0.0,baseline
2026-03-04 13:46:10,0,82.9,True,83.35425940731835,-0.4746997517027772,0.0,False,False,0.0,baseline
2026-03-04 13:46:20,0,82.6,True,83.32464434245779,-0.2183186841257355,0.0,False,False,0.0,baseline
2026-03-04 13:46:30,0,83.4,True,83.3658033346735,-0.14118120676010865,0.0,False,False,0.0,baseline
2026-03-04 13:46:40,0,83.9,True,83.40126288266814,-0.22685964480685963,0.0,False,False,0.0,baseline
2026-03-04 13:46:50,0,84.1,True,83.35359957777412,-0.3896337379404499,0.0,False,False,0.0,baseline
2026-03-04 13:47:00,0,82.3,True,83.21486953584245,-0.5566325016831408,0.0,False,False,0.0,baseline
2026-03-04 13:47:10,0,83.2,True,83.07861774988453,-0.6449747776111106,0.0,False,False,0.0,baseline
2026-03-04 13:47:20,0,82.9,True,82.97213558890735,-0.5908128498075874,0.0,False,False,0.0,baseline
2026-03-04 13:47:30,0,82.4,True,82.87767602608139,-0.3922625874481748,0.0,False,False,0.0,baseline
2026-03-04 13:47:40,0,82.8,True,82.79616246760231,-0.0840894229967731,0.0,False,False,0.0,baseline
2026-03-04 13:47:50,0,81.7,True,82.78067598705695,0.1957831233361367,0.0,False,False,0.0,baseline
2026-03-04 13:48:00,0,82.2,True,82.86196883768774,0.3654290473679488,0.0,False,False,0.0,baseline
2026-03-04 13:48:10,0,84.4,True,83.05358982793315,0.3959798126277829,0.0,False,False,0.0,baseline
2026-03-04 13:48:20,0,83.7,True,83.13747578950074,0.2639557847541794,0.0,False,False,0.0,baseline
2026-03-04 13:48:30,0,82.7,True,83.12760771598512,-0.016932755184182562,0.0,False,False,0.0,baseline
2026-03-04 13:48:40,0,83.3,True,83.0890075951337,-0.39350056384369536,0.0,False,False,0.0,baseline
2026-03-04 13:48:50,0,83.4,True,83.01524207347121,-0.7106517998104752,0.0,False,False,0.0,baseline
2026-03-04 13:49:00,0,83.6,True,82.8773502307206,-0.935530716698045,0.0,False,False,0.0,baseline
2026-03-04 13:49:10,0,81.9,True,82.65235009309008,-1.0770457054162323,0.0,False,False,0.0,baseline
2026-03-04 13:49:20,0,82.7,True,82.4194083043079,-1.1302111688466385,0.0,False,False,0.0,baseline
2026-03-04 13:49:30,0,82.1,True,82.23970123291035,-1.086030874703842,0.0,False,False,0.0,baseline
2026-03-04 13:49:40,0,81.8,True,82.0832777003312,-0.9549985834878563,0.0,False,False,0.0,baseline
2026-03-04 13:49:50,0,82.8,True,81.92406711780723,-0.8009898657102985,0.0,False,False,0.0,baseline
2026-03-04 13:50:00,0,81.0,True,81.78553438825114,-0.6519080303130106,0.0,False,False,0.0,baseline
2026-03-04 13:50:10,0,81.5,True,81.69459072340356,-0.42933467615835885,0.0,False,False,0.0,baseline
2026-03-04 13:50:20,0,82.8,True,81.63607884578991,-0.08545995850627698,1.0,False,False,0.0,baseline
2026-03-04 13:50:30,0,80.9,True,81.6002467758079,0.3513142898709604,1.0,False,False,0.0,baseline
2026-03-04 13:50:40,1,79.4,True,81.68112250179387,0.7359266341790847,1.0,False,False,0.0,baseline
2026-03-04 13:50:50,0,81.4,True,81.89218531141213,0.993193417517075,1.0,False,False,0.0,baseline
2026-03-04 13:51:00,0,82.8,True,82.18527900626576,1.0731352942507868,1.0,False,False,0.0,baseline
2026-03-04 13:51:10,0,83.1,True,82.37591920216366,0.9426473390739407,1.0,False,False,0.0,baseline
2026-03-04 13:51:20,0,82.1,True,82.49587926508883,0.6656958451713384,0.0,False,False,0.0,baseline
2026-03-04 13:51:30,0,82.8,True,82.56515253886214,0.3604079445115951,0.0,False,False,0.0,baseline
2026-03-04 13:51:40,0,82.9,True,82.59528456911247,0.13304517746095418,0.0,False,False,0.0,baseline
2026-03-04 13:51:50,0,82.7,True,82.59129736088153,-0.029286250489038466,0.0,False,False,0.0,baseline
2026-03-04 13:52:00,0,82.5,True,82.56919304613083,-0.13935586304432931,0.0,False,False,0.0,baseline
2026-03-04 13:52:10,0,83.0,True,82.52528757240195,-0.21193716705937385,0.0,False,False,0.0,baseline
2026-03-04 13:52:20,0,82.5,True,82.48559669407338,-0.25555561796524756,0.0,False,False,0.0,baseline
2026-03-04 13:52:30,0,82.5,True,82.44350526475704,-0.2881952432938792,0.0,False,False,0.0,baseline
2026-03-04 13:52:40,0,82.4,True,82.39199804623352,-0.3260102663143268,0.0,False,False,0.0,baseline
2026-03-04 13:52:50,0,82.4,True,82.33915716874893,-0.40744604800618955,0.0,False,False,0.0,baseline
2026-03-04 13:53:00,0,82.3,True,82.27617581938915,-0.5675037900800233,0.0,False,False,0.0,baseline
2026-03-04 13:53:10,0,82.9,True,82.19255710659424,-0.8400026400243188,0.0,False,False,0.0,baseline
2026-03-04 13:53:20,0,82.5,True,82.05769791156501,-1.181073358544082,0.0,False,False,0.0,baseline
2026-03-04 13:53:30,0,82.6,True,81.83245503512995,-1.4047039225354674,0.0,False,False,0.0,baseline
2026-03-04 13:53:40,0,81.6,True,81.49595466454988,-1.3910232355208347,0.0,False,False,0.0,baseline
2026-03-04 13:53:50,0,80.0,True,81.14211340472812,-1.0877511829977415,0.0,False,False,0.0,baseline
2026-03-04 13:54:00,0,80.0,True,80.9786243790277,-0.5193424228790174,0.0,False,False,0.0,baseline
2026-03-04 13:54:10,0,80.5,True,80.97823941649858,0.11965212390273842,0.0,False,False,0.0,baseline
2026-03-04 13:54:20,0,80.2,True,81.10756102338588,0.6285886913349709,0.0,False,False,0.0,baseline
2026-03-04 13:54:30,0,82.1,True,81.33814280083749,0.9280043263706576,0.0,False,False,0.0,baseline
2026-03-04 13:54:40,0,81.7,True,81.50841504509533,1.121373063420508,0.0,False,False,0.0,baseline
2026-03-04 13:54:50,0,81.3,True,81.64675646353574,1.1802087396118957,0.0,False,False,0.0,baseline
2026-03-04 13:55:00,0,80.6,True,81.84289062589875,1.1250315866910048,0.0,False,False,0.0,baseline
2026-03-04 13:55:10,0,82.8,True,82.12950655924487,1.0716454125043546,0.0,False,False,0.0,baseline
2026-03-04 13:55:20,0,83.7,True,82.30437358579849,1.0254382356398768,0.0,False,False,0.0,baseline
2026-03-04 13:55:30,0,82.2,True,82.39663620998518,1.0001374313820754,0.0,False,False,0.0,baseline
2026-03-04 13:55:40,0,82.2,True,82.52167153583606,1.0486690561641636,0.0,False,False,0.0,baseline
2026-03-04 13:55:50,0,82.3,True,82.70031878432629,1.168407428402198,0.0,False,False,0.0,baseline
2026-03-04 13:56:00,0,82.7,True,82.94568583020423,1.2114518006120454,0.0,False,False,0.0,baseline
2026-03-04 13:56:10,0,85.2,True,83.23200051444954,1.095690520542964,0.0,False,False,0.0,baseline
2026-03-04 13:56:20,0,83.8,True,83.42364861776977,0.8339728986596316,0.0,False,False,0.0,baseline
2026-03-04 13:56:30,0,84.1,True,83.5025714907183,0.4719650456005269,0.0,False,False,0.0,baseline
2026-03-04 13:56:40,0,83.8,True,83.5319229454532,0.17790374776056478,0.0,False,False,0.0,baseline
2026-03-04 13:56:50,0,83.8,True,83.51659489109697,0.0956359316902371,0.0,False,False,0.0,baseline
2026-03-04 13:57:00,0,82.7,True,83.45403265192355,0.2007360089968729,0.0,False,False,0.0,baseline
2026-03-04 13:57:10,0,82.9,True,83.48380918807072,0.4000063735172961,0.0,False,False,0.0,baseline
2026-03-04 13:57:20,0,83.8,True,83.61088725556301,0.60523018124301,0.0,False,False,0.0,baseline
2026-03-04 13:57:30,0,83.4,True,83.77311319898247,0.7434685429854325,0.0,False,False,0.0,baseline
2026-03-04 13:57:40,0,84.3,True,83.93085800889901,0.7556183285587796,0.0,False,False,0.0,baseline
2026-03-04 13:57:50,0,84.2,True,84.04374582029871,0.7008473593681234,0.0,False,False,0.0,baseline
2026-03-04 13:58:00,0,84.1,True,84.13059126841485,0.6807414262626416,0.0,False,False,0.0,baseline
2026-03-04 13:58:10,0,83.1,True,84.2225352612668,0.6955209689628493,0.0,False,False,0.0,baseline
2026-03-04 13:58:20,0,84.7,True,84.3349017976632,0.6440778160140227,0.0,False,False,0.0,baseline
2026-03-04 13:58:30,0,84.0,True,84.5030853003368,0.42140953716279395,0.0,False,False,0.0,baseline
2026-03-04 13:58:40,0,85.9,True,84.63844968639987,0.1154047526006168,0.0,False,False,0.0,baseline
2026-03-04 13:58:50,0,85.6,True,84.6135556868629,-0.1927944779566669,0.0,False,False,0.0,baseline
2026-03-04 13:59:00,0,83.7,True,84.42425430180307,-0.5438404072209909,0.0,False,False,0.0,baseline
2026-03-04 13:59:10,0,84.0,True,84.30566196704376,-0.93552640435546,0.0,False,False,0.0,baseline
2026-03-04 13:59:20,0,85.2,True,84.23801329345841,-1.2938477545967693,0.0,False,False,0.0,baseline
2026-03-04 13:59:30,0,85.1,True,84.02670016878278,-1.4642389686994255,0.0,False,False,0.0,baseline
2026-03-04 13:59:40,0,83.8,True,83.63650373890428,-1.4036700109186384,0.0,False,False,0.0,baseline
2026-03-04 13:59:50,0,81.1,True,83.2190579321765,-1.0841889121004686,0.0,False,False,0.0,baseline
2026-03-04 14:00:00,0,81.6,True,83.0714551141448,-0.5489773938704581,0.0,False,False,0.0,baseline
2026-03-04 14:00:10,0,82.9,True,83.16909481513721,0.0018807491906825669,0.0,False,False,0.0,baseline
2026-03-04 14:00:20,0,83.6,True,83.31158365198583,0.3137666361645734,0.0,False,False,0.0,baseline
2026-03-04 14:00:30,0,83.8,True,83.40600309749874,0.2350898196421079,0.0,False,False,0.0,baseline
2026-03-04 14:00:40,0,84.5,True,83.43475639259478,-0.015119645987594113,0.0,False,False,0.0,baseline
2026-03-04 14:00:50,0,83.9,True,83.38596908645661,-0.20356333832949206,0.0,False,False,0.0,baseline
2026-03-04 14:01:00,0,82.8,True,83.25150996139455,-0.31521996801200186,0.0,False,False,0.0,baseline
2026-03-04 14:01:10,0,82.7,True,83.1923024965649,-0.39727040188697926,0.0,False,False,0.0,baseline
2026-03-04 14:01:20,0,83.6,True,83.19847878116275,-0.4455325694097705,0.0,False,False,0.0,baseline
2026-03-04 14:01:30,0,84.0,True,83.13773486262104,-0.46447873659608074,0.0,False,False,0.0,baseline
2026-03-04 14:01:40,0,82.6,True,82.99994675451617,-0.5322665979769684,0.0,False,False,0.0,baseline
2026-03-04 14:01:50,0,82.9,True,82.87881643883067,-0.6244798447349539,0.0,False,False,0.0,baseline
2026-03-04 14:02:00,0,82.1,True,82.80415552961693,-0.7136302084725525,0.0,False,False,0.0,baseline
2026-03-04 14:02:10,0,83.8,True,82.71352054200601,-0.857433226003176,0.0,False,False,0.0,baseline
2026-03-04 14:02:20,0,83.0,True,82.57513897806275,-1.10842749548669,0.0,False,False,0.0,baseline
2026-03-04 14:02:30,0,82.8,True,82.36594724379663,-1.4798739665989196,0.0,False,False,0.0,baseline
2026-03-04 14:02:40,0,82.4,True,82.0844133834966,-1.7658232416680972,0.0,False,False,0.0,baseline
2026-03-04 14:02:50,0,82.4,True,81.75028175377933,-1.8675049617771906,0.0,False,False,0.0,baseline
2026-03-04 14:03:00,0,80.2,True,81.30786374969195,-1.7911517945634217,0.0,False,False,0.0,baseline
2026-03-04 14:03:10,0,80.4,True,81.01675637055321,-1.595466783586404,0.0,False,False,0.0,baseline
2026-03-04 14:03:20,0,80.7,True,80.82844171984,-1.3728357603499632,0.0,False,False,0.0,baseline
2026-03-04 14:03:30,0,81.0,True,80.66153402243346,-1.2290106971718224,2.0,False,False,0.0,baseline
2026-03-04 14:03:40,0,80.7,True,80.4882153287658,-1.2685921787603895,2.0,False,False,0.0,baseline
2026-03-04 14:03:50,2,80.0,True,80.27959918989245,-1.276748547285193,2.0,False,False,0.0,baseline
2026-03-04 14:04:00,0,81.2,True,80.00091624933451,-1.0976963403575146,2.0,False,False,0.0,baseline
2026-03-04 14:04:10,0,78.6,True,79.72238601699898,-0.7587363806322517,2.0,False,False,0.0,baseline
2026-03-04 14:04:20,0,77.9,True,79.63092012082994,-0.33194677005997475,2.0,False,False,0.0,baseline
2026-03-04 14:04:30,0,79.6,True,79.71127424479921,0.021661235978505056,0.0,False,False,0.0,baseline
2026-03-04 14:04:40,0,79.9,True,79.81017407623503,0.12530801944199094,0.0,False,False,0.0,baseline
2026-03-04 14:04:50,0,80.7,True,79.89410292037667,-0.014446241473221554,0.0,False,False,0.0,baseline
2026-03-04 14:05:00,0,80.6,True,79.86038225124774,-0.2530367807291862,0.0,False,False,0.0,baseline
2026-03-04 14:05:10,0,79.4,True,79.70339195732677,-0.48737154534476296,0.0,False,False,0.0,baseline
2026-03-04 14:05:20,0,78.8,True,79.59696698962692,-0.7100777579939729,0.0,False,False,0.0,baseline
2026-03-04 14:05:30,0,80.5,True,79.52336985353156,-0.8582731207850216,0.0,False,False,0.0,baseline
2026-03-04 14:05:40,0,79.9,True,79.38700102635812,-0.9637997179926064,0.0,False,False,0.0,baseline
2026-03-04 14:05:50,0,79.1,True,79.16513237024435,-1.1013881729608446,0.0,False,False,0.0,baseline
2026-03-04 14:06:00,0,78.9,True,78.9541191091713,-1.2118270377082492,0.0,False,False,0.0,baseline
2026-03-04 14:06:10,0,78.8,True,78.7521256996268,-1.242094218264152,0.0,False,False,0.0,baseline
2026-03-04 14:06:20,0,78.3,True,78.5421532400201,-1.1936628161497782,0.0,False,False,0.0,baseline
2026-03-04 14:06:30,0,78.5,True,78.33920632041675,-1.1263180738698757,0.0,False,False,0.0,baseline
2026-03-04 14:06:40,0,77.9,True,78.14279378754951,-0.9574072962825586,0.0,False,False,0.0,baseline
2026-03-04 14:06:50,0,77.0,True,77.98684688594051,-0.7194929728375502,0.0,False,False,0.0,baseline
2026-03-04 14:07:00,0,77.9,True,77.8453744653216,-0.45863700200830443,0.0,False,False,0.0,baseline
2026-03-04 14:07:10,0,77.0,True,77.84479778892295,-0.2099348172280385,0.0,False,False,0.0,baseline
2026-03-04 14:07:20,0,77.8,True,77.85168741067812,-0.08193605436671225,0.0,False,False,0.0,baseline
2026-03-04 14:07:30,0,78.8,True,77.86719160087965,-0.09616472913792593,0.0,False,False,0.0,baseline
2026-03-04 14:07:40,0,77.4,True,77.89389439122778,-0.29070657305116343,2.0,False,False,0.0,baseline
2026-03-04 14:07:50,0,78.5,True,77.81957958011387,-0.5336995124729114,2.0,False,False,0.0,baseline
2026-03-04 14:08:00,2,78.1,True,77.69852803235226,-0.7334995134972624,2.0,False,False,0.0,baseline
2026-03-04 14:08:10,0,77.5,True,77.51056448998268,-0.8234065762949446,2.0,False,False,0.0,baseline
2026-03-04 14:08:20,0,76.9,True,77.32436169594357,-0.8041194970465402,2.0,False,False,0.0,baseline
2026-03-04 14:08:30,0,76.3,True,77.20888585122837,-0.7724237625439667,2.0,False,False,0.0,baseline
2026-03-04 14:08:40,0,77.7,True,77.14489098171791,-0.7730367503701427,0.0,False,False,0.0,baseline
2026-03-04 14:08:50,0,77.4,True,77.03837794249374,-0.8167749108770448,0.0,False,False,0.0,baseline
2026-03-04 14:09:00,0,77.1,True,76.87159456035187,-0.8859279374824791,0.0,False,False,0.0,baseline
2026-03-04 14:09:10,0,76.4,True,76.66674360493529,-0.881307048906401,0.0,False,False,0.0,baseline
2026-03-04 14:09:20,0,76.3,True,76.50634991700794,-0.7271420970527929,0.0,False,False,0.0,baseline
2026-03-04 14:09:30,0,75.4,True,76.38034788191524,-0.4941674947079775,0.0,False,False,0.0,baseline
2026-03-04 14:09:40,0,75.9,True,76.33440382714174,-0.2828398557668531,0.0,False,False,0.0,baseline
2026-03-04 14:09:50,0,76.6,True,76.3608604102252,-0.17222362135829677,0.0,False,False,0.0,baseline
2026-03-04 14:10:00,0,76.5,True,76.36412706167951,-0.11531132384278117,0.0,False,False,0.0,baseline
2026-03-04 14:10:10,0,77.3,True,76.32808155674708,-0.05618900887246851,0.0,False,False,0.0,baseline
2026-03-04 14:10:20,0,75.9,True,76.26338297793914,0.09713989985720807,0.0,False,False,0.0,baseline
2026-03-04 14:10:30,0,75.7,True,76.25924822878773,0.39165879189644165,0.0,False,False,0.0,baseline
2026-03-04 14:10:40,0,75.0,True,76.3483215177676,0.7800255778231887,0.0,False,False,0.0,baseline
2026-03-04 14:10:50,0,76.6,True,76.54544839304207,1.1555394838633495,0.0,False,False,0.0,baseline
2026-03-04 14:11:00,0,76.2,True,76.8001500004902,1.370071875309325,0.0,False,False,0.0,baseline
2026-03-04 14:11:10,0,77.9,True,77.08820994135337,1.4593781507354355,0.0,False,False,0.0,baseline
2026-03-04 14:11:20,0,77.2,True,77.35763820577543,1.4811998322365236,0.0,False,False,0.0,baseline
2026-03-04 14:11:30,0,78.2,True,77.53667283782673,1.5463167238722788,0.0,False,False,0.0,baseline
2026-03-04 14:11:40,0,75.8,True,77.7718196095158,1.6048673552010457,0.0,False,False,0.0,baseline
2026-03-04 14:11:50,0,77.5,True,78.05226964945751,1.5844673076347564,0.0,False,False,0.0,baseline
2026-03-04 14:12:00,0,79.0,True,78.42476463097546,1.4210022875314243,0.0,False,False,0.0,baseline
2026-03-04 14:12:10,0,81.6,True,78.70138705098931,1.0765138391595408,0.0,False,False,0.0,baseline
2026-03-04 14:12:20,0,79.6,True,78.82824064616804,0.6543015068380676,0.0,False,False,0.0,baseline
2026-03-04 14:12:30,0,79.0,True,78.82646768237478,0.2768537113705762,0.0,False,False,0.0,baseline
2026-03-04 14:12:40,0,78.4,True,78.79577266564398,0.08840534398866925,0.0,False,False,0.0,baseline
2026-03-04 14:12:50,0,78.7,True,78.78103975985383,0.11469120060488167,0.0,False,False,0.0,baseline
2026-03-04 14:13:00,0,78.5,True,78.8131468140393,0.3136636858933496,0.0,False,False,0.0,baseline
2026-03-04 14:13:10,0,79.5,True,78.86411167056465,0.6327705950212072,0.0,False,False,0.0,baseline
2026-03-04 14:13:20,0,77.4,True,78.97576180551744,0.968053555700247,0.0,False,False,0.0,baseline
2026-03-04 14:13:30,0,78.5,True,79.16670557472312,1.2718216328055434,0.0,False,False,0.0,baseline
2026-03-04 14:13:40,0,79.6,True,79.46876693971599,1.5554171249022555,0.0,False,False,0.0,baseline
2026-03-04 14:13:50,0,79.7,True,79.74895612799486,1.8196773759112645,0.0,False,False,0.0,baseline
2026-03-04 14:14:00,0,80.7,True,80.03730467093953,2.1872171895721584,0.0,False,False,0.0,baseline
2026-03-04 14:14:10,0,79.4,True,80.38187065904079,2.7764360586379473,0.0,False,False,0.0,baseline
2026-03-04 14:14:20,0,79.9,True,80.80674842364883,3.631965699381497,1.0,False,False,0.0,baseline
2026-03-04 14:14:30,0,79.2,True,81.466084258865,4.789251528117216,1.0,True,True,19.157006112468864,baseline
2026-03-04 14:14:40,1,81.7,True,82.38643413722532,6.5447459448724885,1.0,True,True,26.178983779489958,baseline
2026-03-04 14:14:50,0,81.4,True,83.4711897051232,9.301745638154145,1.0,True,True,37.20698255261658,baseline
2026-03-04 14:15:00,0,79.9,True,84.90114355720826,12.987607699699616,1.0,True,True,51.950430798798465,stress_onset
2026-03-04 14:15:10,0,79.9,True,87.16462133549469,17.170213901671243,1.0,True,True,68.68085560668497,stress_onset
2026-03-04 14:15:20,0,85.7,True,90.63886933636356,21.232379563445235,0.0,True,True,84.92951825378094,stress_onset
2026-03-04 14:15:30,0,93.1,True,94.93626222662635,24.43327515246012,0.0,True,True,97.73310060984048,stress_onset
2026-03-04 14:15:40,0,99.5,True,99.53969882132688,25.734954695456473,0.0,True,True,100.0,stress_onset
2026-03-04 14:15:50,0,105.0,True,104.14975188624854,24.99007906864797,0.0,True,True,99.96031627459188,stress_onset
2026-03-04 14:16:00,0,114.3,True,108.61809693221161,22.67807376280462,0.0,True,True,90.71229505121848,stress_onset
2026-03-04 14:16:10,0,116.0,True,112.13945813354329,19.30646170314301,0.0,True,True,77.22584681257204,stress_onset
2026-03-04 14:16:20,0,119.0,True,115.0173956904655,15.270450403529077,0.0,True,True,61.0818016141163,stress_onset
2026-03-04 14:16:30,0,121.6,True,117.2315658624653,11.011657028312879,0.0,True,True,44.046628113251515,stress_onset
2026-03-04 14:16:40,0,123.1,True,118.7176636782093,7.055996967339325,0.0,True,True,28.2239878693573,stress_onset
2026-03-04 14:16:50,0,123.2,True,119.4733721069882,3.608479258065201,0.0,False,False,0.0,stress_onset
2026-03-04 14:17:00,0,122.5,True,119.62464255359845,0.983803329897217,0.0,False,False,0.0,stress_sustained
2026-03-04 14:17:10,0,119.4,True,119.29668675914176,-0.6590482337640634,0.0,False,False,0.0,stress_sustained
2026-03-04 14:17:20,0,118.6,True,118.9515120912087,-1.311741169719333,0.0,False,False,0.0,stress_sustained
2026-03-04 14:17:30,0,118.2,True,118.66492277181042,-1.1437719196754181,0.0,False,False,0.0,stress_sustained
2026-03-04 14:17:40,0,117.4,True,118.4558205810472,-0.3985741800535738,0.0,False,False,0.0,stress_sustained
2026-03-04 14:17:50,0,117.2,True,118.42268848712519,0.4373373867022157,0.0,False,False,0.0,stress_sustained
2026-03-04 14:18:00,0,114.9,True,118.59333780772403,1.1104242321941098,0.0,False,False,0.0,stress_sustained
2026-03-04 14:18:10,0,119.2,True,118.99621009627685,1.472153211623151,0.0,False,False,0.0,stress_sustained
2026-03-04 14:18:20,0,120.2,True,119.36511740087582,1.4185267739417902,0.0,False,False,0.0,stress_sustained
2026-03-04 14:18:30,0,120.3,True,119.59487760562075,0.9513214652507633,0.0,False,False,0.0,stress_sustained
2026-03-04 14:18:40,0,120.5,True,119.70711741130248,0.14981259124441543,0.0,False,False,0.0,stress_sustained
2026-03-04 14:18:50,0,120.7,True,119.68721011886794,-0.7302989461259344,0.0,False,False,0.0,stress_sustained
2026-03-04 14:19:00,0,124.5,True,119.4985045129114,-1.4821269745172532,0.0,False,False,0.0,stress_sustained
2026-03-04 14:19:10,0,119.7,True,119.10954965910673,-2.0131190224709434,0.0,False,False,0.0,stress_sustained
2026-03-04 14:19:20,0,118.2,True,118.6221864151532,-2.2939166217888127,0.0,False,False,0.0,stress_sustained
2026-03-04 14:19:30,0,117.2,True,118.20518757372518,-2.371319372357184,0.0,False,False,0.0,stress_sustained
2026-03-04 14:19:40,0,117.8,True,117.8557199945847,-2.3403705897469615,0.0,False,False,0.0,stress_sustained
2026-03-04 14:19:50,0,118.5,True,117.51553908120833,-2.3316264292374056,0.0,False,False,0.0,stress_sustained
2026-03-04 14:20:00,0,117.4,True,117.1279480147,-2.3686295307435765,0.0,False,False,0.0,stress_sustained
2026-03-04 14:20:10,0,116.8,True,116.69501495064166,-2.4075470778498413,0.0,False,False,0.0,stress_sustained
2026-03-04 14:20:20,0,115.0,True,116.24458437835693,-2.433436756978668,0.0,False,False,0.0,stress_sustained
2026-03-04 14:20:30,0,115.8,True,115.86825120246503,-2.425613514651528,0.0,False,False,0.0,stress_sustained
2026-03-04 14:20:40,0,115.8,True,115.50329322698396,-2.4006306200043905,0.0,False,False,0.0,stress_sustained
2026-03-04 14:20:50,0,115.1,True,115.08888412266687,-2.397181400119859,0.0,False,False,0.0,stress_sustained
2026-03-04 14:21:00,0,114.3,True,114.67262237212759,-2.4182624135886175,1.0,False,False,0.0,recovery
2026-03-04 14:21:10,0,114.6,True,114.26846435027623,-2.4388157340840264,1.0,False,False,0.0,recovery
2026-03-04 14:21:20,1,113.7,True,113.85905038680426,-2.401552629307705,1.0,False,False,0.0,recovery
2026-03-04 14:21:30,0,113.7,True,113.47614482113298,-2.328834010368355,1.0,False,False,0.0,recovery
2026-03-04 14:21:40,0,112.7,True,113.05593005898385,-2.2549686788713257,1.0,False,False,0.0,recovery
2026-03-04 14:21:50,0,111.4,True,112.69503697333202,-2.2355028890909283,3.0,False,False,0.0,recovery
2026-03-04 14:22:00,0,112.5,True,112.3666500499022,-2.281478057016138,2.0,False,False,0.0,recovery
2026-03-04 14:22:10,2,113.4,True,112.01603813478941,-2.3684138534916332,2.0,False,False,0.0,recovery
2026-03-04 14:22:20,0,111.7,True,111.58476590880818,-2.47151386364428,2.0,False,False,0.0,recovery
2026-03-04 14:22:30,0,111.2,True,111.13428800096163,-2.5258185653566603,2.0,False,False,0.0,recovery
2026-03-04 14:22:40,0,110.3,True,110.67285809327535,-2.522521599390353,4.0,False,False,0.0,recovery
2026-03-04 14:22:50,0,110.1,True,110.27357120113497,-2.5182163285605035,2.0,False,False,0.0,recovery
2026-03-04 14:23:00,2,110.0,True,109.90321284251708,-2.647899493443095,2.0,False,False,0.0,recovery
2026-03-04 14:23:10,0,110.3,True,109.5000566243187,-2.940327811994764,2.0,False,False,0.0,recovery
2026-03-04 14:23:20,0,109.9,True,109.01357651017344,-3.404953623021742,2.0,False,False,0.0,recovery
2026-03-04 14:23:30,0,108.9,True,108.37935914772373,-3.8870717045523255,2.0,False,False,0.0,recovery
2026-03-04 14:23:40,0,108.2,True,107.65836830989464,-4.177749355889237,0.0,False,False,0.0,recovery
2026-03-04 14:23:50,0,106.6,True,106.84710552371465,-4.150432852255278,0.0,False,False,0.0,recovery
2026-03-04 14:24:00,0,105.1,True,106.07702699148709,-3.811283728759074,0.0,False,False,0.0,recovery
2026-03-04 14:24:10,0,103.4,True,105.46978629117403,-3.307348560056023,0.0,False,False,0.0,recovery
2026-03-04 14:24:20,0,104.5,True,105.02417663938998,-2.804638151362278,0.0,False,False,0.0,recovery
2026-03-04 14:24:30,0,104.6,True,104.66592976083759,-2.512224577419359,0.0,False,False,0.0,recovery
2026-03-04 14:24:40,0,105.0,True,104.31867117575811,-2.567086528284399,0.0,False,False,0.0,recovery
2026-03-04 14:24:50,0,104.4,True,103.924524453305,-2.803367662434908,0.0,False,False,0.0,recovery
2026-03-04 14:25:00,0,104.5,True,103.43446513973605,-3.0997338831816883,0.0,False,False,0.0,recovery
2026-03-04 14:25:10,0,102.3,True,102.78348334945643,-3.3270081320777694,0.0,False,False,0.0,recovery
2026-03-04 14:25:20,0,101.4,True,102.21308211741956,-3.405212307748703,0.0,False,False,0.0,recovery
2026-03-04 14:25:30,0,102.3,True,101.62819457161928,-3.354523296615842,0.0,False,False,0.0,recovery
2026-03-04 14:25:40,0,100.8,True,101.0813394544222,-3.277207215871317,0.0,False,False,0.0,recovery
2026-03-04 14:25:50,0,100.7,True,100.5813742462955,-3.238949480629143,0.0,False,False,0.0,recovery
2026-03-04 14:26:00,0,100.5,True,100.06163807921801,-3.1726595159679967,0.0,False,False,0.0,recovery
2026-03-04 14:26:10,0,99.0,True,99.46884159201021,-3.135146137301502,0.0,False,False,0.0,recovery
2026-03-04 14:26:20,0,98.7,True,98.95418537013742,-2.984442829137622,0.0,False,False,0.0,recovery
2026-03-04 14:26:30,0,96.6,True,98.48189337662087,-2.6382895163061844,0.0,False,False,0.0,recovery
2026-03-04 14:26:40,0,98.8,True,97.97325027920779,-2.110422551430523,0.0,False,False,0.0,recovery
2026-03-04 14:26:50,0,96.8,True,97.66014889499598,-1.6021498213170577,0.0,False,False,0.0,recovery
2026-03-04 14:27:00,0,96.6,True,97.49040565995017,-1.2001877757087893,0.0,False,False,0.0,recovery
2026-03-04 14:27:10,0,97.8,True,97.43573003489605,-1.0089713117662438,0.0,False,False,0.0,recovery
2026-03-04 14:27:20,0,98.0,True,97.32034274899128,-1.0287738759751817,0.0,False,False,0.0,recovery
2026-03-04 14:27:30,0,97.8,True,97.12501258791838,-1.112895895703777,0.0,False,False,0.0,recovery
2026-03-04 14:27:40,0,95.6,True,96.81718452483186,-1.1467862790020393,0.0,False,False,0.0,recovery
2026-03-04 14:27:50,0,96.2,True,96.61222054921733,-1.0718077088006264,0.0,False,False,0.0,recovery
2026-03-04 14:28:00,0,96.2,True,96.47595999847233,-0.9611780424469073,0.0,False,False,0.0,baseline
2026-03-04 14:28:10,0,96.6,True,96.38569278080605,-0.9250304307866943,0.0,False,False,0.0,baseline
2026-03-04 14:28:20,0,96.6,True,96.25970769327411,-1.107340271876619,0.0,False,False,0.0,baseline
2026-03-04 14:28:30,0,96.4,True,96.07700722128786,-1.3813496820888154,0.0,False,False,0.0,baseline
2026-03-04 14:28:40,0,96.9,True,95.80714128618291,-1.671298325030084,0.0,False,False,0.0,baseline
2026-03-04 14:28:50,0,95.2,True,95.43846556544179,-1.8647966888096916,0.0,False,False,0.0,baseline
2026-03-04 14:29:00,0,94.5,True,95.10953410560761,-1.9298087864385178,0.0,False,False,0.0,baseline
2026-03-04 14:29:10,0,95.4,True,94.76552499670802,-1.8950271103785012,0.0,False,False,0.0,baseline
2026-03-04 14:29:20,0,93.7,True,94.46577005392643,-1.8546547146196446,0.0,False,False,0.0,baseline
2026-03-04 14:29:30,0,94.3,True,94.19364345346592,-1.955534295106883,0.0,False,False,0.0,baseline
2026-03-04 14:29:40,0,94.3,True,93.9037907619164,-2.218050543826204,0.0,False,False,0.0,baseline
2026-03-04 14:29:50,0,94.6,True,93.54790319735292,-2.568099026040349,2.0,False,False,0.0,baseline
2026-03-04 14:30:00,0,93.8,True,93.06666616568161,-2.878306869737401,2.0,False,False,0.0,baseline
2026-03-04 14:30:10,2,91.1,True,92.46320682829055,-3.093232525057334,2.0,False,False,0.0,baseline
2026-03-04 14:30:20,0,92.2,True,91.90361529561459,-3.1236969345534638,2.0,False,False,0.0,baseline
2026-03-04 14:30:30,0,91.5,True,91.41129297887437,-2.9890632140942053,2.0,False,False,0.0,baseline
2026-03-04 14:30:40,0,90.4,True,90.90418615861321,-2.756178124555392,2.0,False,False,0.0,baseline
2026-03-04 14:30:50,0,90.4,True,90.4811103647876,-2.4469417700615095,0.0,False,False,0.0,baseline
2026-03-04 14:31:00,0,89.8,True,90.07155296509323,-2.0241004724826244,0.0,False,False,0.0,baseline
2026-03-04 14:31:10,0,88.7,True,89.7072543929144,-1.5100378250793896,0.0,False,False,0.0,baseline
2026-03-04 14:31:20,0,88.3,True,89.51083155288795,-0.9940767199512699,0.0,False,False,0.0,baseline
2026-03-04 14:31:30,0,89.3,True,89.44954730500949,-0.4902236395769091,1.0,False,False,0.0,baseline
2026-03-04 14:31:40,0,89.2,True,89.42985427463262,-0.10021735627486733,1.0,False,False,0.0,baseline
2026-03-04 14:31:50,1,89.1,True,89.44847029002784,0.11237174860042966,1.0,False,False,0.0,baseline
2026-03-04 14:32:00,0,89.6,True,89.5084980204277,0.20440376395677173,1.0,False,False,0.0,baseline
2026-03-04 14:32:10,0,89.6,True,89.55327542089883,0.27693164473448967,1.0,False,False,0.0,baseline
2026-03-04 14:32:20,0,89.3,True,89.59026539151976,0.3456147996346403,1.0,False,False,0.0,baseline
2026-03-04 14:32:30,0,89.6,True,89.625632927394,0.33261470685486577,0.0,False,False,0.0,baseline
2026-03-04 14:32:40,0,89.1,True,89.71527261783388,0.1964789699794863,0.0,False,False,0.0,baseline
2026-03-04 14:32:50,0,91.2,True,89.82412441124606,-0.014053129042154229,0.0,False,False,0.0,baseline
2026-03-04 14:33:00,0,90.6,True,89.80366360653258,-0.19121313052318206,0.0,False,False,0.0,baseline
2026-03-04 14:33:10,0,87.7,True,89.65048006957453,-0.3038134156627998,0.0,False,False,0.0,baseline
2026-03-04 14:33:20,0,89.5,True,89.52237654421222,-0.2777635557938057,0.0,False,False,0.0,baseline
2026-03-04 14:33:30,0,88.8,True,89.51466910955195,-0.2087219076047062,0.0,False,False,0.0,baseline
2026-03-04 14:33:40,0,89.3,True,89.542739859817,-0.28875295830208886,0.0,False,False,0.0,baseline
2026-03-04 14:33:50,0,90.7,True,89.6112672533849,-0.5704809306212271,0.0,False,False,0.0,baseline
2026-03-04 14:34:00,0,91.0,True,89.4983391891836,-1.0115747723296091,0.0,False,False,0.0,baseline
2026-03-04 14:34:10,0,89.2,True,89.18513432317955,-1.4391215522833904,0.0,False,False,0.0,baseline
2026-03-04 14:34:20,0,89.0,True,88.86945184437211,-1.6815219242843906,0.0,False,False,0.0,baseline
2026-03-04 14:34:30,0,87.5,True,88.53201133962666,-1.6113188074756324,0.0,False,False,0.0,baseline
2026-03-04 14:34:40,0,88.3,True,88.23323939148567,-1.309668825246123,0.0,False,False,0.0,baseline
2026-03-04 14:34:50,0,87.2,True,88.05667400859227,-0.9834398377004739,3.0,False,False,0.0,baseline
2026-03-04 14:35:00,0,87.6,True,87.95622096046424,-0.7139746326286835,5.0,False,False,0.0,baseline
2026-03-04 14:35:10,3,89.2,True,87.91513807241358,-0.5920766282330817,5.0,False,False,0.0,baseline
2026-03-04 14:35:20,2,88.1,True,87.84324486309852,-0.5831437761620113,5.0,False,False,0.0,baseline
2026-03-04 14:35:30,0,88.0,True,87.72855913096654,-0.5964015534512558,5.0,False,False,0.0,baseline
2026-03-04 14:35:40,0,86.6,True,87.56863325399566,-0.6126310182204663,5.0,False,False,0.0,baseline
2026-03-04 14:35:50,0,87.2,True,87.47014625269071,-0.6238227955502141,3.0,False,False,0.0,baseline
2026-03-04 14:36:00,0,87.6,True,87.41668362683421,-0.6889850388049813,1.0,False,False,0.0,baseline
2026-03-04 14:36:10,1,87.9,True,87.33266827211673,-0.7618352647177042,1.0,False,False,0.0,baseline
2026-03-04 14:36:20,0,87.7,True,87.18743096275205,-0.8402294633214604,1.0,False,False,0.0,baseline
2026-03-04 14:36:30,0,86.5,True,86.9567654805127,-0.8622333343835379,1.0,False,False,0.0,baseline
2026-03-04 14:36:40,0,86.5,True,86.8022275783588,-0.7707999040333241,1.0,False,False,0.0,baseline
2026-03-04 14:36:50,0,86.4,True,86.69806093926468,-0.6292616957838878,0.0,False,False,0.0,baseline
2026-03-04 14:37:00,0,87.7,True,86.62690445671467,-0.5318861511174666,0.0,False,False,0.0,baseline
2026-03-04 14:37:10,0,86.0,True,86.5935653836171,-0.6303011554467859,0.0,False,False,0.0,baseline
2026-03-04 14:37:20,0,86.9,True,86.50915387445572,-0.958766352350552,0.0,False,False,0.0,baseline
2026-03-04 14:37:30,0,87.8,True,86.35960134437028,-1.3863116555984443,0.0,False,False,0.0,baseline
2026-03-04 14:37:40,0,87.1,True,86.08664903834655,-1.730623187160342,0.0,False,False,0.0,baseline
2026-03-04 14:37:50,0,85.4,True,85.64480490538057,-1.8562290594394257,0.0,False,False,0.0,baseline
2026-03-04 14:38:00,0,84.4,True,85.243761589978,-1.7554921559107723,0.0,False,False,0.0,baseline
2026-03-04 14:38:10,0,82.9,True,84.98334520623845,-1.4651944212243688,0.0,False,False,0.0,baseline
2026-03-04 14:38:20,0,87.0,True,84.82015302353862,-1.0905243281705763,0.0,False,False,0.0,baseline
2026-03-04 14:38:30,0,84.6,True,84.69365301142857,-0.8154654326690023,0.0,False,False,0.0,baseline
2026-03-04 14:38:40,0,83.7,True,84.5827618345566,-0.7334602997551051,0.0,False,False,0.0,baseline
2026-03-04 14:38:50,0,84.5,True,84.4856642967774,-0.8451271215622722,0.0,False,False,0.0,baseline
2026-03-04 14:39:00,0,84.9,True,84.38617747512777,-1.0476484636298156,0.0,False,False,0.0,baseline
2026-03-04 14:39:10,0,85.1,True,84.20105356599942,-1.2926350258261317,0.0,False,False,0.0,baseline
2026-03-04 14:39:20,0,83.8,True,83.89943858453763,-1.4744893304220168,0.0,False,False,0.0,baseline
2026-03-04 14:39:30,0,83.7,True,83.61439670049877,-1.4842347138977543,0.0,False,False,0.0,baseline
2026-03-04 14:39:40,0,82.8,True,83.31508759987636,-1.2592096925469087,0.0,False,False,0.0,baseline
2026-03-04 14:39:50,0,81.8,True,83.10162643256669,-0.8297672390014764,0.0,False,False,0.0,baseline
2026-03-04 14:40:00,0,82.4,True,83.00510300401811,-0.38861932528959775,0.0,False,False,0.0,baseline
2026-03-04 14:40:10,0,83.4,True,83.00943007613921,-0.044384156268819336,0.0,False,False,0.0,baseline
2026-03-04 14:40:20,0,82.4,True,83.11532882761685,0.06388222480240635,0.0,False,False,0.0,baseline
2026-03-04 14:40:30,0,83.6,True,83.17378238369729,-0.11006149951642075,0.0,False,False,0.0,baseline
2026-03-04 14:40:40,0,84.5,True,83.16119967039394,-0.4273488070879641,1.0,False,False,0.0,baseline
2026-03-04 14:40:50,0,83.8,True,83.04215023548957,-0.7587180586979623,1.0,False,False,0.0,baseline
2026-03-04 14:41:00,1,82.5,True,82.79679250650013,-0.9665403200909326,1.0,False,False,0.0,baseline
2026-03-04 14:41:10,0,,True,82.6009001952607,-1.0390240634038068,1.0,False,False,0.0,baseline
2026-03-04 14:41:20,0,,True,82.43849124989806,-0.9989641982363455,1.0,False,False,0.0,baseline
2026-03-04 14:41:30,0,82.2,True,82.29916417951843,-0.8646840803939676,1.0,False,False,0.0,baseline
2026-03-04 14:41:40,0,82.5,True,82.15969780572519,-0.7173751188077188,0.0,False,False,0.0,baseline
2026-03-04 14:41:50,0,80.6,True,82.0135143995528,-0.5610572484513089,0.0,False,False,0.0,baseline
2026-03-04 14:42:00,0,81.6,True,81.93625005997256,-0.4053917766462944,0.0,False,False,0.0,baseline
2026-03-04 14:42:10,0,81.9,True,81.9150273970544,-0.2530058866632681,0.0,False,False,0.0,baseline
2026-03-04 14:42:20,0,82.0,True,81.89630930031197,-0.12493050160029029,0.0,False,False,0.0,baseline
2026-03-04 14:42:30,0,81.8,True,81.87697608695485,-0.04981972394687008,0.0,False,False,0.0,baseline
2026-03-04 14:42:40,0,81.8,True,81.87047222142354,-0.004440805046479113,0.0,False,False,0.0,baseline
2026-03-04 14:42:50,0,81.9,True,81.87571372612949,0.1473408368223679,0.0,False,False,0.0,baseline
2026-03-04 14:43:00,0,80.9,True,81.89357418519035,0.36296499911401364,0.0,False,False,0.0,baseline
2026-03-04 14:43:10,0,82.7,True,81.91036367511624,0.6176547564961044,0.0,False,False,0.0,baseline
2026-03-04 14:43:20,0,80.9,True,82.09554711089484,0.8181441161513733,0.0,False,False,0.0,baseline
2026-03-04 14:43:30,0,82.1,True,82.27998839848925,0.8942765427842828,0.0,False,False,0.0,baseline
2026-03-04 14:43:40,0,83.0,True,82.49442775249852,0.8015979170241155,0.0,False,False,0.0,baseline
2026-03-04 14:43:50,0,83.1,True,82.62460506525755,0.5425189441013175,0.0,False,False,0.0,baseline
2026-03-04 14:44:00,0,83.1,True,82.67554988889285,0.2631455094811262,0.0,False,False,0.0,baseline
2026-03-04 14:44:10,0,82.7,True,82.6557530273436,-0.011656054511240051,0.0,False,False,0.0,baseline
2026-03-04 14:44:20,0,81.5,True,82.62858167035161,-0.23125743711261332,0.0,False,False,0.0,baseline
2026-03-04 14:44:30,0,82.8,True,82.58950725841821,-0.43940172589939996,0.0,False,False,0.0,baseline
2026-03-04 14:44:40,0,82.8,True,82.51535072288785,-0.5707796356693982,0.0,False,False,0.0,baseline
2026-03-04 14:44:50,0,81.6,True,82.39375264117211,-0.5901446275747486,0.0,False,False,0.0,baseline
2026-03-04 14:45:00,0,83.0,True,82.2044466663184,-0.42215277169492,0.0,False,False,0.0,baseline
2026-03-04 14:45:10,0,81.3,True,82.11588180251775,-0.03166256824042527,0.0,False,False,0.0,baseline
2026-03-04 14:45:20,0,81.5,True,82.1299639058034,0.542836254793067,0.0,False,False,0.0,baseline
2026-03-04 14:45:30,0,81.0,True,82.28237332672292,1.179236358387316,0.0,False,False,0.0,baseline
2026-03-04 14:45:40,0,82.0,True,82.56517830209626,1.680032997903284,0.0,False,False,0.0,baseline
2026-03-04 14:45:50,0,82.8,True,82.94217966115231,2.025120851355531,0.0,False,False,0.0,baseline
2026-03-04 14:46:00,0,84.0,True,83.3428776304004,2.2541574181289614,0.0,False,False,0.0,baseline
2026-03-04 14:46:10,0,83.6,True,83.70072187138189,2.2553154593524756,0.0,False,False,0.0,baseline
2026-03-04 14:46:20,0,82.9,True,84.07535309092702,2.010930839039521,0.0,False,False,0.0,baseline
2026-03-04 14:46:30,0,85.8,True,84.52920982562665,1.6302727871379334,0.0,False,False,0.0,baseline
2026-03-04 14:46:40,0,86.3,True,84.77126819793072,1.1927554378545808,0.0,False,False,0.0,baseline
2026-03-04 14:46:50,0,85.0,True,84.84187126988992,0.7218878044041508,0.0,False,False,0.0,baseline
2026-03-04 14:47:00,0,84.7,True,84.88611955349742,0.2891919478782433,0.0,False,False,0.0,baseline
2026-03-04 14:47:10,0,85.1,True,84.91138776268782,0.13326617790347958,0.0,False,False,0.0,baseline
2026-03-04 14:47:20,0,86.4,True,84.90522059899286,0.24240858043645788,0.0,False,False,0.0,baseline
2026-03-04 14:47:30,0,83.8,True,84.8665902017967,0.5669524130422102,0.0,False,False,0.0,baseline
2026-03-04 14:47:40,0,84.1,True,84.95572483823331,1.0681311716312054,17.0,False,False,0.0,baseline
2026-03-04 14:47:50,0,84.3,True,85.18748028104214,1.6544746493016123,35.0,False,False,0.0,baseline
2026-03-04 14:48:00,17,85.1,True,85.56714910402467,2.159421044712773,53.0,False,False,0.0,activity
2026-03-04 14:48:10,18,85.9,True,86.02467611101129,2.4564138047189363,72.0,False,False,0.0,activity
2026-03-04 14:48:20,18,87.0,True,86.50298246983313,2.57352315122589,90.0,False,False,0.0,activity
2026-03-04 14:48:30,19,86.9,True,86.9151192402938,2.469553022937175,109.0,False,False,0.0,activity
2026-03-04 14:48:40,18,87.2,True,87.31310921747011,2.1986036365665815,110.0,False,False,0.0,activity
2026-03-04 14:48:50,19,88.8,True,87.72995073089145,1.858373903909487,112.0,False,False,0.0,activity
2026-03-04 14:49:00,18,88.6,True,88.00178403279467,1.5350160123801884,112.0,False,False,0.0,activity
2026-03-04 14:49:10,20,88.3,True,88.17391467349701,1.2817798371999785,111.0,False,False,0.0,activity
2026-03-04 14:49:20,18,88.3,True,88.32503109311551,1.1921736348864485,111.0,False,False,0.0,activity
2026-03-04 14:49:30,18,87.7,True,88.4803193615866,1.3012630383873531,110.0,False,False,0.0,activity
2026-03-04 14:49:40,18,88.1,True,88.6989941903221,1.4772296149528419,111.0,False,False,0.0,activity
2026-03-04 14:49:50,18,90.0,True,89.01750138411128,1.635115413058109,109.0,False,False,0.0,activity
2026-03-04 14:50:00,19,89.0,True,89.33892547525235,1.6262347323873672,109.0,False,False,0.0,activity
2026-03-04 14:50:10,18,89.6,True,89.61683714560215,1.345536030924069,110.0,False,False,0.0,activity
2026-03-04 14:50:20,18,91.7,True,89.89755500688563,0.7926647631862201,109.0,False,False,0.0,activity
2026-03-04 14:50:30,19,90.9,True,90.01119870265003,0.043332860741330144,109.0,False,False,0.0,activity
2026-03-04 14:50:40,17,91.1,True,89.94337551552279,-0.8952054696752216,108.0,False,False,0.0,activity
2026-03-04 14:50:50,18,90.7,True,89.716114914316,-1.8472304259900088,107.0,False,False,0.0,activity
2026-03-04 14:51:00,18,90.7,True,89.3248734654952,-2.642841405684066,107.0,False,False,0.0,activity
2026-03-04 14:51:10,17,88.6,True,88.70444426092361,-3.2110688101349805,107.0,False,False,0.0,activity
2026-03-04 14:51:20,18,86.7,True,88.1014224331726,-3.60018863532266,108.0,False,False,0.0,activity
2026-03-04 14:51:30,19,88.3,True,87.4653043442837,-3.8500541854450514,107.0,False,False,0.0,activity
2026-03-04 14:51:40,18,87.3,True,86.85673697944206,-3.9023097188558813,89.0,False,False,0.0,activity
2026-03-04 14:51:50,17,86.5,True,86.17429244450743,-3.8620930625521845,72.0,False,False,0.0,activity
2026-03-04 14:52:00,0,84.6,True,85.4375633169907,-3.6798442976262193,54.0,False,False,0.0,baseline
2026-03-04 14:52:10,0,83.8,True,84.8404280756391,-3.368045772780787,35.0,False,False,0.0,baseline
2026-03-04 14:52:20,0,84.4,True,84.31669751356067,-2.939016781494034,17.0,False,False,0.0,baseline
2026-03-04 14:52:30,0,83.2,True,83.87908320374234,-2.528395349027705,0.0,False,False,0.0,baseline
2026-03-04 14:52:40,0,83.4,True,83.52131609454774,-2.239173141399305,0.0,False,False,0.0,baseline
2026-03-04 14:52:50,0,83.3,True,83.2004350011111,-2.026717885908871,0.0,False,False,0.0,baseline
2026-03-04 14:53:00,0,82.7,True,82.86295974119297,-1.8877632304508452,0.0,False,False,0.0,baseline
2026-03-04 14:53:10,0,81.7,True,82.55264443814033,-1.8455786372108114,0.0,False,False,0.0,baseline
2026-03-04 14:53:20,0,82.4,True,82.26776987477774,-1.9109904835059042,0.0,False,False,0.0,baseline
2026-03-04 14:53:30,0,82.2,True,81.99419029054478,-2.0449007437186357,0.0,False,False,0.0,baseline
2026-03-04 14:53:40,0,84.9,True,81.65297575473593,-2.269627794551129,0.0,False,False,0.0,baseline
2026-03-04 14:53:50,0,81.1,True,81.22059051138307,-2.4547690016183172,0.0,False,False,0.0,baseline
2026-03-04 14:54:00,0,81.3,True,80.7749703532607,-2.5311812327647316,0.0,False,False,0.0,baseline
2026-03-04 14:54:10,0,78.3,True,80.27517858734845,-2.483028431276665,0.0,False,False,0.0,baseline
2026-03-04 14:54:20,0,79.6,True,79.88791658599426,-2.2665708445251602,0.0,False,False,0.0,baseline
2026-03-04 14:54:30,0,79.6,True,79.54864068230579,-1.8064464937659188,0.0,False,False,0.0,baseline
2026-03-04 14:54:40,0,77.3,True,79.20080489233494,-1.1509679872057483,0.0,False,False,0.0,baseline
2026-03-04 14:54:50,0,78.4,True,78.98643658441992,-0.5944603356560433,0.0,False,False,0.0,baseline
2026-03-04 14:55:00,0,76.9,True,79.05314104057489,-0.26202940671567526,0.0,False,False,0.0,baseline
2026-03-04 14:55:10,0,80.3,True,79.22870233682565,-0.21612718841838147,0.0,False,False,0.0,baseline
2026-03-04 14:55:20,0,80.3,True,79.22571402254735,-0.5241033110479457,0.0,False,False,0.0,baseline
2026-03-04 14:55:30,0,79.6,True,79.04367804536027,-1.0372871283759557,0.0,False,False,0.0,baseline
2026-03-04 14:55:40,0,77.8,True,78.7689217423999,-1.494780705195167,0.0,False,False,0.0,baseline
2026-03-04 14:55:50,0,79.2,True,78.42231906317284,-1.6692615424040298,0.0,False,False,0.0,baseline
2026-03-04 14:56:00,0,78.1,True,78.12943622780791,-1.596952636680221,0.0,False,False,0.0,baseline
2026-03-04 14:56:10,0,77.3,True,77.84145943041098,-1.390802503736439,0.0,False,False,0.0,baseline
2026-03-04 14:56:20,0,76.5,True,77.64372587141587,-1.1450242166534759,0.0,False,False,0.0,baseline
2026-03-04 14:56:30,0,77.4,True,77.50327995765672,-1.00079758472703,0.0,False,False,0.0,baseline
2026-03-04 14:56:40,0,77.7,True,77.38004737017368,-0.9483705502550792,0.0,False,False,0.0,baseline
2026-03-04 14:56:50,0,77.1,True,77.25348934438627,-0.9968624170160999,0.0,False,False,0.0,baseline
2026-03-04 14:57:00,0,77.7,True,77.05251287599656,-1.0829265913750208,0.0,False,False,0.0,baseline
2026-03-04 14:57:10,0,76.5,True,76.84362188693959,-1.1851928166773795,0.0,False,False,0.0,baseline
2026-03-04 14:57:20,0,76.8,True,76.64200121237255,-1.309991178092619,0.0,False,False,0.0,baseline
2026-03-04 14:57:30,0,76.6,True,76.4473807398676,-1.4531214025232753,0.0,False,False,0.0,baseline
2026-03-04 14:57:40,0,76.7,True,76.21065705734058,-1.6134385273744605,0.0,False,False,0.0,baseline
2026-03-04 14:57:50,0,76.2,True,75.90904288437032,-1.7355192163118482,0.0,False,False,0.0,baseline
2026-03-04 14:58:00,0,74.8,True,75.55893585879511,-1.793281679396436,0.0,False,False,0.0,baseline
2026-03-04 14:58:10,0,75.4,True,75.23531814301907,-1.7892101366661322,0.0,False,False,0.0,baseline
2026-03-04 14:58:20,0,74.9,True,74.96758678441289,-1.7261974262373054,0.0,False,False,0.0,baseline
2026-03-04 14:58:30,0,74.9,True,74.7111198898755,-1.6365985725622973,0.0,False,False,0.0,baseline
2026-03-04 14:58:40,0,74.3,True,74.42317297698403,-1.5411947190762307,0.0,False,False,0.0,baseline
2026-03-04 14:58:50,0,73.6,True,74.1557548935899,-1.4490852235314302,0.0,False,False,0.0,baseline
2026-03-04 14:59:00,0,74.0,True,73.91429595912741,-1.3270613604799424,0.0,False,False,0.0,baseline
2026-03-04 14:59:10,0,73.4,True,73.72521968451949,-1.1583572479846131,1.0,False,False,0.0,baseline
2026-03-04 14:59:20,0,73.7,True,73.5403466906648,-0.9827126768200336,1.0,False,False,0.0,baseline
2026-03-04 14:59:30,1,73.1,True,73.37886481192092,-0.8132891754587185,1.0,False,False,0.0,baseline
2026-03-04 14:59:40,0,71.9,True,73.26386040183053,-0.6438656740975185,1.2000000000000002,False,False,0.0,baseline
2026-03-04 14:59:50,0,73.4,True,73.17616605871189,-0.4744421727363185,1.5,False,False,0.0,baseline
