timestamp,steps,hr_bpm,cadence_true_spm,valid,hr_smooth,dHR_dt,cadence_spm,gate_open,is_stress,stress_score,gt_kind
2026-08-23 16:09:30,0,65.0,0.0,True,64.69971757026585,-1.273752635075572,0.0,True,False,0.0,baseline
2026-08-23 16:09:40,0,64.8,0.0,True,64.59957635539877,-0.9282358970529765,0.0,True,False,0.0,baseline
2026-08-23 16:09:50,0,64.5,0.0,True,64.46603119976481,-0.5827191590303807,0.0,True,False,0.0,baseline
2026-08-23 16:10:00,0,63.6,0.0,True,64.32682457742499,-0.23720242100787128,0.0,True,False,0.0,baseline
2026-08-23 16:10:10,0,63.6,0.0,True,64.308755384656,0.04556321152173839,0.0,True,False,0.0,baseline
2026-08-23 16:10:20,0,64.5,0.0,True,64.40881208932967,0.2752084269240314,0.0,True,False,0.0,baseline
2026-08-23 16:10:30,0,64.4,0.0,True,64.51033747555829,0.33643599919462724,0.0,True,False,0.0,baseline
2026-08-23 16:10:40,0,65.1,0.0,True,64.61358577437994,0.1430219522833713,0.0,True,False,0.0,baseline
2026-08-23 16:10:50,0,66.0,0.0,True,64.63576503559825,-0.16226938829493018,0.0,True,False,0.0,baseline
2026-08-23 16:11:00,0,65.2,0.0,True,64.56390513608294,-0.4374627697795093,0.0,True,False,0.0,baseline
2026-08-23 16:11:10,0,64.1,0.0,True,64.38602942591476,-0.556995184322561,0.0,True,False,0.0,baseline
2026-08-23 16:11:20,0,63.3,0.0,True,64.25582528673237,-0.5050744153003078,0.0,True,False,0.0,baseline
2026-08-23 16:11:30,0,64.6,0.0,True,64.15159202867206,-0.3337612869233227,0.0,True,False,0.0,baseline
2026-08-23 16:11:40,0,63.4,0.0,True,64.17262410872374,-0.1430750397002151,0.0,True,False,0.0,baseline
2026-08-23 16:11:50,0,64.2,0.0,True,64.18909354022938,-0.05837748957000073,0.0,True,False,0.0,baseline
2026-08-23 16:12:00,0,64.4,0.0,True,64.20374522843991,-0.06198094960620582,0.0,True,False,0.0,baseline
2026-08-23 16:12:10,0,65.3,0.0,True,64.18568778805708,-0.15091456791009553,0.0,True,False,0.0,baseline
2026-08-23 16:12:20,0,64.0,0.0,True,64.13191164568376,-0.23642918562755655,0.0,True,False,0.0,baseline
2026-08-23 16:12:30,0,64.1,0.0,True,64.0834541109244,-0.27563438190196865,0.0,True,False,0.0,baseline
2026-08-23 16:12:40,0,64.2,0.0,True,64.03223892798576,-0.23577864182668748,0.0,True,False,0.0,baseline
2026-08-23 16:12:50,0,63.7,0.0,True,63.96973023304475,-0.1280764849129873,0.0,True,False,0.0,baseline
2026-08-23 16:13:00,0,63.2,0.0,True,63.95217657694453,0.026136734039037938,0.0,True,False,0.0,baseline
2026-08-23 16:13:10,0,64.9,0.0,True,63.97665235033506,0.2347060753309111,0.0,True,False,0.0,baseline
2026-08-23 16:13:20,0,63.8,0.0,True,64.03057018211476,0.3859645244160389,0.0,True,False,0.0,baseline
2026-08-23 16:13:30,0,63.4,0.0,True,64.12291637758025,0.38726467995147007,0.0,True,False,0.0,baseline
2026-08-23 16:13:40,0,65.0,0.0,True,64.26908196930911,0.26025180595502123,0.0,True,False,0.0,baseline
2026-08-23 16:13:50,0,64.9,0.0,True,64.31009455592282,0.07304280437965856,0.0,True,False,0.0,baseline
2026-08-23 16:14:00,0,64.4,0.0,True,64.25278956852365,-0.11984953932289368,0.0,True,False,0.0,baseline
2026-08-23 16:14:10,0,64.0,0.0,True,64.17094950921177,-0.2577168062459125,0.0,True,False,0.0,baseline
2026-08-23 16:14:20,0,64.0,0.0,True,64.1176010347685,-0.2849654456384778,0.0,True,False,0.0,baseline
2026-08-23 16:14:30,0,64.2,0.0,True,64.08385273278664,-0.30256546882791846,0.0,True,False,0.0,baseline
2026-08-23 16:14:40,0,63.8,0.0,True,64.06407988626921,-0.4241644987267566,0.0,True,False,0.0,baseline
2026-08-23 16:14:50,0,64.5,0.0,True,64.02165368746331,-0.6700290403181273,0.0,True,False,0.0,baseline
2026-08-23 16:15:00,0,65.1,0.0,True,63.899503103234636,-0.8882793743434535,0.0,True,False,0.0,baseline
2026-08-23 16:15:10,0,64.0,0.0,True,63.6772697028784,-0.9724334136164848,0.0,True,False,0.0,baseline
2026-08-23 16:15:20,0,62.6,0.0,True,63.401247919668556,-0.8650882599208182,0.0,True,False,0.0,baseline
2026-08-23 16:15:30,0,62.0,0.0,True,63.25876745640347,-0.5483530543071861,0.0,True,False,0.0,baseline
2026-08-23 16:15:40,0,62.8,0.0,True,63.22608156920562,-0.14801002441140412,0.0,True,False,0.0,baseline
2026-08-23 16:15:50,0,64.9,0.0,True,63.26440927687538,0.19195038236820283,0.0,True,False,0.0,baseline
2026-08-23 16:16:00,0,62.7,0.0,True,63.38013853069102,0.3567596623996691,0.0,True,False,0.0,baseline
2026-08-23 16:16:10,0,63.6,0.0,True,63.4592242062885,0.34531460045013934,0.0,True,False,0.0,baseline
2026-08-23 16:16:20,0,64.0,0.0,True,63.51484724960073,0.2521362576232668,0.0,True,False,0.0,baseline
2026-08-23 16:16:30,0,63.3,0.0,True,63.55627816784641,0.04740919582886136,0.0,True,False,0.0,baseline
2026-08-23 16:16:40,0,64.3,0.0,True,63.523755447399814,-0.12441633332738851,0.0,True,False,0.0,baseline
2026-08-23 16:16:50,0,63.0,0.0,True,63.52852530151986,-0.2848350608953287,0.0,True,False,0.0,baseline
2026-08-23 16:17:00,0,65.2,0.0,True,63.40471603922655,-0.38915487004105037,0.0,True,False,0.0,baseline
2026-08-23 16:17:10,0,62.8,0.0,True,63.34835945013766,-0.40476239562216876,0.0,True,False,0.0,baseline
2026-08-23 16:17:20,0,63.6,0.0,True,63.25006276940504,-0.36283032047364355,0.0,True,False,0.0,baseline
2026-08-23 16:17:30,0,63.0,0.0,True,63.193443216906594,-0.20994139397547154,0.0,True,False,0.0,baseline
2026-08-23 16:17:40,0,62.6,0.0,True,63.16906420055925,-0.06347127123510751,0.0,True,False,0.0,baseline
2026-08-23 16:17:50,0,63.2,0.0,True,63.172862550971765,0.13670602058513215,0.0,True,False,0.0,baseline
2026-08-23 16:18:00,0,62.9,0.0,True,63.22213799321291,0.209667649169575,0.0,True,False,0.0,baseline
2026-08-23 16:18:10,0,64.4,0.0,True,63.27510310098953,0.26043102880609814,0.0,True,False,0.0,baseline
2026-08-23 16:18:20,0,62.6,0.0,True,63.39058539226441,0.19388529419603792,0.0,True,False,0.0,baseline
2026-08-23 16:18:30,0,64.7,0.0,True,63.33783191558336,0.08108234671390097,0.0,True,False,0.0,baseline
2026-08-23 16:18:40,0,62.6,0.0,True,63.40805042483285,-0.0003497334587611248,0.0,True,False,0.0,baseline
2026-08-23 16:18:50,0,64.3,0.0,True,63.32961067155449,-0.0068401025412038515,0.0,True,False,0.0,baseline
2026-08-23 16:19:00,0,63.0,0.0,True,63.306106030201875,0.17481522557188514,0.0,True,False,0.0,baseline
2026-08-23 16:19:10,0,62.5,0.0,True,63.333619060549566,0.3748921388993538,0.0,True,False,0.0,baseline
2026-08-23 16:19:20,0,63.7,0.0,True,63.41673526765552,0.6160225039481555,0.0,True,False,0.0,baseline
2026-08-23 16:19:30,0,62.8,0.0,True,63.60264068603739,0.7383947148930886,0.0,True,False,0.0,baseline
2026-08-23 16:19:40,0,65.0,0.0,True,63.772319552092156,0.7409755687964071,0.0,True,False,0.0,baseline
2026-08-23 16:19:50,0,64.1,0.0,True,63.88738501016228,0.652766636546753,0.0,True,False,0.0,baseline
2026-08-23 16:20:00,0,64.0,0.0,True,63.96701463659278,0.5447807151501443,0.0,True,False,0.0,baseline
2026-08-23 16:20:10,0,64.3,0.0,True,64.02448003578874,0.5740201510404789,0.0,True,False,0.0,baseline
2026-08-23 16:20:20,0,63.8,0.0,True,64.08602544094948,0.8167867549613893,0.0,True,False,0.0,baseline
2026-08-23 16:20:30,0,63.5,0.0,True,64.19524175293515,1.2349701989949338,0.0,True,False,0.0,baseline
2026-08-23 16:20:40,0,61.3,0.0,True,64.42033169041,1.8161248666704943,0.0,True,False,0.0,baseline
2026-08-23 16:20:50,0,64.6,0.0,True,64.79881024295318,2.596395583553048,0.0,True,False,0.0,baseline
2026-08-23 16:21:00,0,64.3,0.0,True,65.26042383598856,3.655827469123013,0.0,True,False,0.0,baseline
2026-08-23 16:21:10,0,64.4,0.0,True,65.86544140168868,5.078135361451592,0.0,True,False,0.0,baseline
2026-08-23 16:21:20,0,63.0,0.0,True,66.73136586767025,6.928942004498304,0.0,True,False,0.0,baseline
2026-08-23 16:21:30,0,65.2,0.0,True,67.98585131159685,8.809572314961422,0.0,True,True,35.238289259845686,stress_onset
2026-08-23 16:21:40,0,66.8,0.0,True,69.70464530745626,10.483464677918128,0.0,True,True,41.933858711672514,stress_onset
2026-08-23 16:21:50,0,72.9,0.0,True,71.90754685455838,11.693886868146919,0.0,True,True,46.775547472587675,stress_onset
2026-08-23 16:22:00,0,73.5,0.0,True,73.94503954408688,12.149718774495444,0.0,True,True,48.598875097981775,stress_onset
2026-08-23 16:22:10,0,76.3,0.0,True,76.0567054909632,11.905503809926556,0.0,True,True,47.62201523970622,stress_onset
2026-08-23 16:22:20,0,80.0,0.0,True,78.12782235300004,11.002682337488308,0.0,True,True,44.01072934995323,stress_onset
2026-08-23 16:22:30,0,80.7,0.0,True,79.88690960720355,9.733641254631465,0.0,True,True,38.93456501852586,stress_onset
2026-08-23 16:22:40,0,84.1,0.0,True,81.51048179594099,8.051159428498934,0.0,True,True,32.20463771399574,stress_onset
2026-08-23 16:22:50,0,85.4,0.0,True,82.70246761733526,6.189108935687665,0.0,True,False,0.0,stress_onset
2026-08-23 16:23:00,0,84.9,0.0,True,83.52819804161874,4.347862313110073,0.0,True,False,0.0,stress_onset
2026-08-23 16:23:10,0,85.5,0.0,True,84.04196147283866,2.541973695098454,0.0,True,False,0.0,stress_sustained
2026-08-23 16:23:20,0,88.7,0.0,True,84.31271848286502,0.9204616453175427,0.0,True,False,0.0,stress_sustained
2026-08-23 16:23:30,0,85.8,0.0,True,84.33559524003556,-0.4869258445294785,0.0,True,False,0.0,stress_sustained
2026-08-23 16:23:40,0,84.1,0.0,True,84.11440453721201,-1.7290390703694907,0.0,True,False,0.0,stress_sustained
2026-08-23 16:23:50,0,85.6,0.0,True,83.64561459059045,-2.777182617461535,0.0,True,False,0.0,stress_sustained
2026-08-23 16:24:00,0,84.1,0.0,True,83.10109374240064,-3.6381899341304904,0.0,True,False,0.0,stress_sustained
2026-08-23 16:24:10,0,82.3,0.0,True,82.39008851794425,-4.251990811249738,0.0,True,False,0.0,stress_sustained
2026-08-23 16:24:20,0,82.7,0.0,True,81.62743137981191,-4.663742537862968,0.0,True,False,0.0,stress_sustained
2026-08-23 16:24:30,0,80.5,0.0,True,80.75267947164821,-4.984927544596199,0.0,True,False,0.0,stress_sustained
2026-08-23 16:24:40,0,79.4,0.0,True,79.92004080875921,-5.265505237333546,0.0,True,False,0.0,stress_sustained
2026-08-23 16:24:50,0,80.1,0.0,True,79.05740894733007,-5.509381422007422,0.0,True,False,0.0,stress_sustained
2026-08-23 16:25:00,0,78.9,0.0,True,78.13767857712261,-5.667916415111085,0.0,True,False,0.0,recovery
2026-08-23 16:25:10,0,75.8,0.0,True,77.09089463643558,-5.813961286923723,0.0,True,False,0.0,recovery
2026-08-23 16:25:20,0,76.8,0.0,True,76.09259313515447,-5.828999706556964,0.0,True,False,0.0,recovery
2026-08-23 16:25:30,0,75.3,0.0,True,75.14305715639911,-5.676252362997302,0.0,True,False,0.0,recovery
2026-08-23 16:25:40,0,73.6,0.0,True,74.1673640370436,-5.3659756513657495,0.0,True,False,0.0,recovery
2026-08-23 16:25:50,0,72.8,0.0,True,73.28623159052867,-5.0750282149618045,0.0,True,False,0.0,recovery
2026-08-23 16:26:00,0,72.0,0.0,True,72.48613774243519,-4.726347385813382,0.0,True,False,0.0,recovery
2026-08-23 16:26:10,0,70.1,0.0,True,71.76706685141423,-4.318962549538598,0.0,True,False,0.0,recovery
2026-08-23 16:26:20,0,72.5,0.0,True,71.00917376896231,-3.892119090567849,0.0,True,False,0.0,recovery
2026-08-23 16:26:30,0,70.0,0.0,True,70.40280964800411,-3.413962146691735,0.0,True,False,0.0,recovery
2026-08-23 16:26:40,0,69.2,0.0,True,69.86358046837992,-2.901227465359462,0.0,True,False,0.0,recovery
2026-08-23 16:26:50,0,67.6,0.0,True,69.43494803348571,-2.4791735520632785,0.0,True,False,0.0,recovery
2026-08-23 16:27:00,0,68.8,0.0,True,69.1121402708391,-2.3738866593490493,0.0,True,False,0.0,recovery
2026-08-23 16:27:10,0,69.6,0.0,True,68.8413558866657,-2.3678189717644167,0.0,True,False,0.0,recovery
2026-08-23 16:27:20,0,70.4,0.0,True,68.44413081693656,-2.367102065188128,0.0,True,False,0.0,recovery
2026-08-23 16:27:30,0,66.3,0.0,True,67.85426088336352,-2.303759312333659,0.0,True,False,0.0,recovery
2026-08-23 16:27:40,0,66.7,0.0,True,67.45676776368438,-2.124376444868133,0.0,True,False,0.0,recovery
2026-08-23 16:27:50,0,66.9,0.0,True,67.1854026046193,-1.8133420324996607,0.0,True,False,0.0,recovery
2026-08-23 16:28:00,0,67.0,0.0,True,66.9616045463241,-1.4866741493572972,0.0,True,False,0.0,recovery
2026-08-23 16:28:10,0,66.8,0.0,True,66.74807391241623,-1.3149281482506512,0.0,True,False,0.0,recovery
2026-08-23 16:28:20,0,66.0,0.0,True,66.52588893057774,-1.2409082670905192,0.0,True,False,0.0,recovery
2026-08-23 16:28:30,0,66.5,0.0,True,66.3080187705022,-1.2165635733025935,0.0,True,False,0.0,recovery
2026-08-23 16:28:40,0,64.8,0.0,True,66.14148507217702,-1.25212233220794,0.0,True,False,0.0,recovery
2026-08-23 16:28:50,0,66.3,0.0,True,65.94853221921468,-1.257082432195553,0.0,True,False,0.0,recovery
2026-08-23 16:29:00,0,66.1,0.0,True,65.73033473612146,-1.1965562708824233,0.0,True,False,0.0,recovery
2026-08-23 16:29:10,0,63.9,0.0,True,65.45052637571514,-1.0533132975734947,0.0,True,False,0.0,recovery
2026-08-23 16:29:20,0,64.8,0.0,True,65.27913907792801,-0.8499082548125263,0.0,True,False,0.0,recovery
2026-08-23 16:29:30,0,66.1,0.0,True,65.18760829312886,-0.6095831592822044,0.0,True,False,0.0,recovery
2026-08-23 16:29:40,0,64.7,0.0,True,65.16067889051786,-0.3708552569655594,0.0,True,False,0.0,recovery
2026-08-23 16:29:50,0,65.4,0.0,True,65.09386263632649,-0.2153651355717282,0.0,True,False,0.0,recovery
2026-08-23 16:30:00,0,64.9,0.0,True,65.05935682152287,-0.10648348915412248,0.0,True,False,0.0,recovery
2026-08-23 16:30:10,0,64.7,0.0,True,65.05141047697306,-0.008206233786005143,0.0,True,False,0.0,recovery
2026-08-23 16:30:20,0,65.6,0.0,True,65.06869921191876,0.20656045880826712,0.0,True,False,0.0,recovery
2026-08-23 16:30:30,0,65.0,0.0,True,65.09743781551757,0.5771824659658354,0.0,True,False,0.0,recovery
2026-08-23 16:30:40,0,63.4,0.0,True,65.14241605503597,1.1975729793558134,0.0,True,False,0.0,recovery
2026-08-23 16:30:50,0,64.2,0.0,True,65.34446363706036,2.1782732750193965,0.0,True,False,0.0,recovery
2026-08-23 16:31:00,0,64.2,0.0,True,65.7372551585948,3.589876259376701,0.0,True,False,0.0,recovery
2026-08-23 16:31:10,0,64.9,0.0,True,66.38625587322838,5.5605062393444245,0.0,True,False,0.0,recovery
2026-08-23 16:31:20,0,63.7,0.0,True,67.39963256673335,8.072172973488609,3.0,True,True,32.288691893954436,recovery
2026-08-23 16:31:30,0,64.9,6.6,True,68.82961468802719,11.032773298452339,9.0,True,True,44.131093193809356,activity
2026-08-23 16:31:40,3,67.1,17.0,True,70.91453259065891,14.228597744586708,17.0,False,False,0.0,activity
2026-08-23 16:31:50,6,70.4,41.2,True,73.6352059250671,17.213712291009347,37.0,False,False,0.0,activity
2026-08-23 16:32:00,8,74.3,65.0,True,76.89508024698647,19.532064600219282,44.0,False,False,0.0,activity
2026-08-23 16:32:10,20,80.2,85.3,True,80.58746794340357,20.841475295180064,51.0,False,False,0.0,activity
2026-08-23 16:32:20,7,85.3,99.1,True,84.34443363038793,21.04232234886135,63.0,False,False,0.0,activity
2026-08-23 16:32:30,7,89.3,104.9,True,87.94213825577027,20.121651698781463,65.0,False,False,0.0,activity
2026-08-23 16:32:40,15,93.6,107.6,True,91.31353259044766,18.49030395087945,67.0,False,False,0.0,activity
2026-08-23 16:32:50,8,97.7,99.2,True,94.30384902353299,16.46567352812403,65.0,False,False,0.0,activity
2026-08-23 16:33:00,10,97.8,107.3,True,96.72814029387382,14.25675059815121,71.0,False,False,0.0,activity
2026-08-23 16:33:10,18,101.5,104.9,True,98.97378827986027,12.056095625013143,73.0,False,False,0.0,activity
2026-08-23 16:33:20,13,103.1,103.7,True,100.79840097915677,10.061218494139187,75.0,False,False,0.0,activity
2026-08-23 16:33:30,9,103.8,105.5,True,102.23941384164607,8.38249682657416,83.0,False,False,0.0,activity
2026-08-23 16:33:40,17,104.6,106.5,True,103.42032901107638,6.986572249152473,85.0,False,False,0.0,activity
2026-08-23 16:33:50,16,105.1,107.3,True,104.4046323490194,5.962219237065737,82.0,False,False,0.0,activity
2026-08-23 16:34:00,12,105.3,104.1,True,105.27304107846565,5.249426574013786,80.0,False,False,0.0,activity
2026-08-23 16:34:10,15,107.1,103.1,True,106.13695665432284,4.629395482821299,92.0,False,False,0.0,activity
2026-08-23 16:34:20,11,107.0,105.2,True,106.85703167256717,4.0023588768609555,100.0,False,False,0.0,activity
2026-08-23 16:34:30,21,109.0,102.5,True,107.5366119695727,3.3316677979964937,110.0,False,False,0.0,activity
2026-08-23 16:34:40,25,108.8,109.0,True,108.00562759484033,2.598397542607665,116.0,False,False,0.0,activity
2026-08-23 16:34:50,26,107.1,113.9,True,108.34224781924802,1.8946221157487075,121.0,False,False,0.0,activity
2026-08-23 16:35:00,18,109.4,102.9,True,108.60257601353035,1.2280456129431272,133.0,False,False,0.0,activity
2026-08-23 16:35:10,20,109.3,109.1,True,108.74666687673442,0.6768576646757252,131.0,False,False,0.0,activity
2026-08-23 16:35:20,23,108.7,106.7,True,108.79853555272756,0.17062218433049176,132.0,False,False,0.0,activity
2026-08-23 16:35:30,19,109.2,104.9,True,108.78349348750861,-0.21074769386439798,126.0,False,False,0.0,activity
2026-08-23 16:35:40,26,110.6,107.3,True,108.69903367020777,-0.3950993305604785,126.0,False,False,0.0,activity
2026-08-23 16:35:50,20,107.9,107.4,True,108.53107946460821,-0.4095865699689922,118.0,False,False,0.0,activity
2026-08-23 16:36:00,18,108.0,105.9,True,108.45163850311002,-0.35305252341993926,117.0,False,False,0.0,activity
2026-08-23 16:36:10,12,109.0,103.6,True,108.4474706254635,-0.24821770696467985,114.0,False,False,0.0,activity
2026-08-23 16:36:20,22,108.3,105.4,True,108.46788118539422,-0.13118107976541493,99.0,False,False,0.0,activity
2026-08-23 16:36:30,16,108.9,102.3,True,108.41627194289063,-0.0717222515746466,92.0,False,False,0.0,activity
2026-08-23 16:36:40,11,107.1,106.6,True,108.38404135753547,-0.013502846265340544,90.0,False,False,0.0,activity
2026-08-23 16:36:50,13,108.2,104.4,True,108.38248433176955,0.07460894180928998,97.0,False,False,0.0,activity
2026-08-23 16:37:00,16,108.2,107.5,True,108.41134136129855,0.1822984106616913,93.0,False,False,0.0,activity
2026-08-23 16:37:10,19,108.7,105.3,True,108.47542195104398,0.2525138051005921,96.0,False,False,0.0,activity
2026-08-23 16:37:20,18,108.5,104.7,True,108.53540619929673,0.26124340515150773,100.0,False,False,0.0,activity
2026-08-23 16:37:30,19,108.8,103.0,True,108.56795814743226,0.18494214415626573,106.0,False,False,0.0,activity
2026-08-23 16:37:40,15,107.5,106.4,True,108.61183645347317,0.014464573853765612,106.0,False,False,0.0,activity
2026-08-23 16:37:50,19,109.0,105.6,True,108.62435416842627,-0.21431651985403552,108.0,False,False,0.0,activity
2026-08-23 16:38:00,16,109.2,104.3,True,108.57426424478373,-0.41453131925178244,101.0,False,False,0.0,activity
2026-08-23 16:38:10,21,107.9,105.0,True,108.4532183619385,-0.5016918147152918,98.0,False,False,0.0,activity
2026-08-23 16:38:20,11,108.7,107.4,True,108.29104220608299,-0.3867533269170463,96.0,False,False,0.0,activity
2026-08-23 16:38:30,16,107.5,104.6,True,108.1940397512413,-0.1434165840811565,92.0,False,False,0.0,activity
2026-08-23 16:38:40,13,107.3,102.8,True,108.21271058827315,0.1403031090269425,90.0,False,False,0.0,activity
2026-08-23 16:38:50,15,109.2,106.6,True,108.35016652335052,0.3688352250681424,84.0,False,False,0.0,activity
2026-08-23 16:39:00,14,108.6,105.5,True,108.44598354565296,0.46598273576359933,99.0,False,False,0.0,activity
2026-08-23 16:39:10,15,108.2,101.8,True,108.51613115889757,0.40150832146730603,98.0,False,False,0.0,activity
2026-08-23 16:39:20,26,110.3,111.8,True,108.57230063195843,0.21466624646321303,101.0,False,False,0.0,activity
2026-08-23 16:39:30,15,108.6,103.7,True,108.62385354367903,-0.02211240651126513,103.0,False,False,0.0,activity
2026-08-23 16:39:40,16,109.0,104.8,True,108.61271537934613,-0.3482907462852166,102.0,False,False,0.0,activity
2026-08-23 16:39:50,17,110.1,101.3,True,108.53702977823758,-0.7075175437733485,98.0,False,False,0.0,activity
2026-08-23 16:40:00,13,108.1,104.7,True,108.38418247350197,-0.9618067890332137,102.0,False,False,0.0,activity
2026-08-23 16:40:10,11,109.0,103.3,True,108.12869891435001,-1.0085400229414503,101.0,False,False,0.0,activity
2026-08-23 16:40:20,30,106.9,103.7,True,107.87799850758972,-0.844077546387541,98.0,False,False,0.0,activity
2026-08-23 16:40:30,14,,102.2,False,107.75363118542771,,97.0,False,False,0.0,activity
2026-08-23 16:40:40,13,,104.0,False,107.73486906083697,,103.0,False,False,0.0,activity
2026-08-23 16:40:50,16,,103.7,False,107.78191844638572,,107.0,False,False,0.0,activity
2026-08-23 16:41:00,19,,103.5,False,107.88428757299876,,92.0,False,False,0.0,activity
2026-08-23 16:41:10,15,,103.5,False,108.0407046284449,,94.0,False,False,0.0,activity
2026-08-23 16:41:20,15,,101.9,False,108.27533021161412,,102.0,False,False,0.0,activity
2026-08-23 16:41:30,16,,100.4,False,108.44115147110506,,101.0,False,False,0.0,activity
2026-08-23 16:41:40,21,,103.5,False,108.5888313091135,,100.0,False,False,0.0,activity
2026-08-23 16:41:50,15,,109.4,False,108.72464969864085,,104.0,False,False,0.0,activity
2026-08-23 16:42:00,18,109.1,106.3,True,108.834576371275,0.6328517834769417,108.0,False,False,0.0,activity
2026-08-23 16:42:10,19,108.0,103.8,True,108.93693243912165,0.46989712766777153,111.0,False,False,0.0,activity
2026-08-23 16:42:20,19,109.1,102.0,True,109.01211058015522,0.2074015169461169,104.0,False,False,0.0,activity
2026-08-23 16:42:30,19,109.7,104.6,True,109.07264048454799,-0.12409860285592828,109.0,False,False,0.0,activity
2026-08-23 16:42:40,14,111.0,105.1,True,109.02861046969875,-0.43556753741963655,106.0,False,False,0.0,activity
2026-08-23 16:42:50,20,109.1,104.7,True,108.8726821997993,-0.6446310615532542,107.0,False,False,0.0,activity
2026-08-23 16:43:00,15,108.3,107.5,True,108.67886762986639,-0.7075616673742864,102.0,False,False,0.0,activity
2026-08-23 16:43:10,20,107.9,104.4,True,108.54819766491121,-0.5884192177576723,94.0,False,False,0.0,activity
2026-08-23 16:43:20,14,108.2,101.5,True,108.4755606441079,-0.4137752091958932,95.0,False,False,0.0,activity
2026-08-23 16:43:30,11,109.5,106.4,True,108.44885039732257,-0.23309373550007806,92.0,False,False,0.0,activity
2026-08-23 16:43:40,15,107.9,101.5,True,108.46361521675767,-0.09126121772093204,97.0,False,False,0.0,activity
2026-08-23 16:43:50,17,108.9,104.9,True,108.4056492389857,0.05321823996188807,88.0,False,False,0.0,activity
2026-08-23 16:44:00,20,108.0,98.9,True,108.41529146771134,0.23871026144789292,95.0,False,False,0.0,activity
2026-08-23 16:44:10,11,108.2,106.8,True,108.4608156077222,0.381844469365711,102.0,False,False,0.0,activity
2026-08-23 16:44:20,21,108.1,102.5,True,108.56647568235341,0.4350479936064166,98.0,False,False,0.0,activity
2026-08-23 16:44:30,18,109.9,103.2,True,108.73321503737685,0.3964738024958334,100.0,False,False,0.0,activity
2026-08-23 16:44:40,11,109.4,103.9,True,108.78882356529643,0.35612143561076837,110.0,False,False,0.0,activity
2026-08-23 16:44:50,19,108.3,102.1,True,108.74256935409873,0.3429797841846559,120.0,False,False,0.0,activity
2026-08-23 16:45:00,30,108.0,106.1,True,108.77007670191749,0.4120014301226784,123.0,False,False,0.0,activity
2026-08-23 16:45:10,21,108.7,104.8,True,108.87593016672248,0.5675471239383009,117.0,False,False,0.0,activity
2026-08-23 16:45:20,24,108.8,98.8,True,109.0111053259812,0.6712554336484245,118.0,False,False,0.0,activity
2026-08-23 16:45:30,12,109.8,108.0,True,109.1814647062368,0.601125363252358,121.0,False,False,0.0,activity
2026-08-23 16:45:40,12,109.5,107.3,True,109.29873487086516,0.3740399962555198,103.0,False,False,0.0,activity
2026-08-23 16:45:50,22,110.1,105.0,True,109.33246084730439,0.05215177149177801,95.0,False,False,0.0,activity
2026-08-23 16:46:00,12,109.7,108.6,True,109.30493029829434,-0.26818734849949954,82.0,False,False,0.0,activity
2026-08-23 16:46:10,13,107.6,106.3,True,109.211554799,-0.49751007419304183,84.0,False,False,0.0,activity
2026-08-23 16:46:20,11,109.5,103.3,True,109.07010509953899,-0.5847511455853984,92.0,False,False,0.0,activity
2026-08-23 16:46:30,14,108.9,106.1,True,108.95700625000114,-0.5337364555276672,91.0,False,False,0.0,activity
2026-08-23 16:46:40,20,108.5,103.1,True,108.85340844213015,-0.4109635556769104,102.0,False,False,0.0,activity
2026-08-23 16:46:50,21,107.0,102.8,True,108.80871204128084,-0.2959702960580042,97.0,False,False,0.0,activity
2026-08-23 16:47:00,23,109.0,103.6,True,108.81546764731168,-0.22316256197255407,101.0,False,False,0.0,activity
2026-08-23 16:47:10,8,109.3,102.5,True,108.79146786122777,-0.1804057310729869,101.0,False,False,0.0,activity
2026-08-23 16:47:20,15,107.7,107.3,True,108.73271271868182,-0.17128795059032445,106.0,False,False,0.0,activity
2026-08-23 16:47:30,14,108.6,103.8,True,108.69607636258284,-0.14786101901554502,103.0,False,False,0.0,activity
2026-08-23 16:47:40,25,109.2,104.2,True,108.675452733581,-0.038363304895700036,93.0,False,False,0.0,activity
2026-08-23 16:47:50,18,108.3,104.8,True,108.66740456017598,0.14331195364630148,106.0,False,False,0.0,activity
2026-08-23 16:48:00,13,108.5,102.9,True,108.68725714680029,0.3774439663674642,106.0,False,False,0.0,activity
2026-08-23 16:48:10,21,107.2,105.9,True,108.77165259122465,0.5744833068165632,110.0,False,False,0.0,activity
2026-08-23 16:48:20,15,109.6,103.2,True,108.90132346751976,0.7172698650684499,96.0,False,False,0.0,activity
2026-08-23 16:48:30,18,108.5,105.9,True,109.09788158840149,0.7367442579746286,94.0,False,False,0.0,activity
2026-08-23 16:48:40,11,110.8,104.9,True,109.21075330735015,0.6004379319718458,97.0,False,False,0.0,activity
2026-08-23 16:48:50,16,109.2,103.4,True,109.32541724419049,0.3249188803453557,92.0,False,False,0.0,activity
2026-08-23 16:49:00,16,109.8,105.0,True,109.36098405506257,-0.007161310271187697,99.0,False,False,0.0,activity
2026-08-23 16:49:10,16,110.0,102.6,True,109.32338154177842,-0.23329219545672314,97.0,False,False,0.0,activity
2026-08-23 16:49:20,22,109.2,106.9,True,109.20634261879066,-0.3268765417897839,113.0,False,False,0.0,activity
2026-08-23 16:49:30,16,108.6,106.1,True,109.09036079893465,-0.21779745461159605,124.0,False,False,0.0,activity
2026-08-23 16:49:40,27,106.6,102.6,True,109.0561057789011,0.026410628226592993,126.0,False,False,0.0,activity
2026-08-23 16:49:50,27,108.6,106.6,True,109.09786838868439,0.3178776252930558,124.0,False,False,0.0,activity
2026-08-23 16:50:00,18,109.4,105.3,True,109.2226090632484,0.5301813694321934,119.0,False,False,0.0,activity
2026-08-23 16:50:10,14,109.2,104.8,True,109.35111791502048,0.6058486751433817,125.0,False,False,0.0,activity
2026-08-23 16:50:20,17,109.7,110.4,True,109.4714797526293,0.5789193314737182,117.0,False,False,0.0,activity
2026-08-23 16:50:30,22,111.0,108.6,True,109.553754882343,0.5020479716211289,100.0,False,False,0.0,activity
2026-08-23 16:50:40,19,109.6,106.6,True,109.61165582578053,0.46599413084826324,93.0,False,False,0.0,activity
2026-08-23 16:50:50,10,109.5,105.9,True,109.67149940684813,0.4718916928358543,101.0,False,False,0.0,activity
2026-08-23 16:51:00,11,109.9,103.9,True,109.74325955572375,0.4492950131532624,104.0,False,False,0.0,activity
2026-08-23 16:51:10,22,109.2,104.7,True,109.85556296388665,0.3230094070914764,104.0,False,False,0.0,activity
2026-08-23 16:51:20,20,111.6,105.9,True,109.96046019936401,0.1184158450687759,101.0,False,False,0.0,activity
2026-08-23 16:51:30,22,110.6,108.0,True,109.95876746806869,-0.1021560284900645,109.0,False,False,0.0,activity
2026-08-23 16:51:40,16,108.5,106.4,True,109.85020264811814,-0.31475390679722587,108.0,False,False,0.0,activity
2026-08-23 16:51:50,18,109.8,102.8,True,109.75000493618728,-0.44052505528486136,102.0,False,False,0.0,activity
2026-08-23 16:52:00,10,109.5,102.1,True,109.69147471362096,-0.49685990346280523,100.0,False,False,0.0,activity
2026-08-23 16:52:10,16,110.0,103.8,True,109.6148569433248,-0.4788618784083297,95.0,False,False,0.0,activity
2026-08-23 16:52:20,18,108.4,105.7,True,109.55738199691609,-0.4263884521361626,98.0,False,False,0.0,activity
2026-08-23 16:52:30,17,110.5,109.3,True,109.42613738332673,-0.31640833931523965,93.0,False,False,0.0,activity
2026-08-23 16:52:40,19,109.0,101.3,True,109.3659156669585,-0.10202009257064382,104.0,False,False,0.0,activity
2026-08-23 16:52:50,13,109.0,102.7,True,109.36667989508335,0.1132219482693343,105.0,False,False,0.0,activity
2026-08-23 16:53:00,21,108.6,103.9,True,109.42855743905541,0.275905742392309,100.0,False,False,0.0,activity
2026-08-23 16:53:10,17,110.0,105.9,True,109.56186122287004,0.3131452554854446,103.0,False,False,0.0,activity
2026-08-23 16:53:20,13,110.2,103.7,True,109.62214187716299,0.2597185016357026,101.0,False,False,0.0,activity
2026-08-23 16:53:30,20,109.6,107.0,True,109.61944617764976,0.15672102186812803,105.0,False,False,0.0,activity
2026-08-23 16:53:40,17,109.6,106.3,True,109.61999150774483,0.06912942669764019,108.0,False,False,0.0,activity
2026-08-23 16:53:50,17,110.0,105.5,True,109.62386875579736,0.10377368835773328,103.0,False,False,0.0,activity
2026-08-23 16:54:00,24,108.2,103.5,True,109.6317241298161,0.23428499331556443,107.0,False,False,0.0,activity
2026-08-23 16:54:10,12,109.5,106.2,True,109.66153352547086,0.36812951144505235,96.0,False,False,0.0,activity
2026-08-23 16:54:20,17,109.3,108.7,True,109.75159850870408,0.47404323386302594,99.0,False,False,0.0,activity
2026-08-23 16:54:30,9,110.9,107.8,True,109.8835965767213,0.5339641619248662,92.0,False,False,0.0,activity
2026-08-23 16:54:40,20,110.1,102.9,True,109.9795274075254,0.5400219741170634,76.0,False,False,0.0,activity
2026-08-23 16:54:50,10,110.0,103.0,True,110.05537947291705,0.45394059151927635,90.0,False,False,0.0,activity
2026-08-23 16:55:00,8,110.7,108.8,True,110.12379478379488,0.34351597417472635,90.0,False,False,0.0,activity
2026-08-23 16:55:10,26,110.1,106.1,True,110.19617589197183,0.2189154477640967,100.0,False,False,0.0,activity
2026-08-23 16:55:20,17,110.6,104.0,True,110.2012529821441,0.009372257885607627,100.0,False,False,0.0,activity
2026-08-23 16:55:30,19,109.8,105.0,True,110.22320556934037,-0.34146603186906194,109.0,False,False,0.0,activity
2026-08-23 16:55:40,20,112.3,106.3,True,110.18235908476004,-0.7885010412209258,117.0,False,False,0.0,activity
2026-08-23 16:55:50,19,110.9,108.2,True,110.02190578097304,-1.306238605061971,109.0,False,False,0.0,activity
2026-08-23 16:56:00,16,109.8,105.0,True,109.71510344068155,-2.030968317365702,111.0,False,False,0.0,activity
2026-08-23 16:56:10,18,110.0,106.7,True,109.36081834050364,-3.0584784635160838,107.0,False,False,0.0,activity
2026-08-23 16:56:20,19,111.5,105.4,True,108.900002963743,-4.477877877395319,103.0,False,False,0.0,activity
2026-08-23 16:56:30,15,110.7,99.2,True,108.13918808093953,-6.240018842268988,98.0,False,False,0.0,activity
2026-08-23 16:56:40,16,109.7,82.9,True,106.95157121162597,-8.220734376092224,88.0,False,False,0.0,activity
2026-08-23 16:56:50,14,107.1,63.1,True,105.3058828775834,-10.118000877359387,79.0,False,False,0.0,activity
2026-08-23 16:57:00,6,104.6,43.6,True,103.36117502313806,-11.773029429615004,60.0,False,False,0.0,activity
2026-08-23 16:57:10,9,101.7,24.2,True,101.20999633921573,-12.93665812490166,45.0,False,False,0.0,activity
2026-08-23 16:57:20,0,100.4,2.3,True,98.977150378496,-13.552825079100469,29.0,False,False,0.0,activity
2026-08-23 16:57:30,0,95.8,0.0,True,96.50716281419227,-13.863510498863624,15.0,False,False,0.0,recovery
2026-08-23 16:57:40,0,93.4,0.0,True,94.15503571892059,-13.838352430342118,9.0,True,False,0.0,recovery
2026-08-23 16:57:50,0,92.6,0.0,True,91.92874791013567,-13.351729290687123,0.0,True,False,0.0,recovery
2026-08-23 16:58:00,0,88.3,0.0,True,89.59058475304002,-12.476108651860926,0.0,True,False,0.0,recovery
2026-08-23 16:58:10,0,85.0,0.0,True,87.46751905478438,-11.558410883582974,0.0,True,False,0.0,recovery
2026-08-23 16:58:20,0,84.2,0.0,True,85.75570653232612,-10.656400643521215,0.0,True,False,0.0,recovery
2026-08-23 16:58:30,0,84.9,0.0,True,84.18651176525553,-9.916171463093914,0.0,True,False,0.0,recovery
2026-08-23 16:58:40,0,81.8,0.0,True,82.61506895906086,-9.50006609794416,0.0,True,False,0.0,recovery
2026-08-23 16:58:50,0,82.3,0.0,True,81.096137646043,-9.242305082451741,0.0,True,False,0.0,recovery
2026-08-23 16:59:00,0,78.9,0.0,True,79.45989594069898,-8.824928247367925,0.0,True,False,0.0,recovery
2026-08-23 16:59:10,0,76.5,0.0,True,77.91697022547145,-8.160515643988264,0.0,True,False,0.0,recovery
2026-08-23 16:59:20,0,75.3,0.0,True,76.61020621448914,-7.313331838416164,0.0,True,False,0.0,recovery
2026-08-23 16:59:30,0,74.6,0.0,True,75.5218099059217,-6.338608101151506,0.0,True,False,0.0,recovery
2026-08-23 16:59:40,0,73.9,0.0,True,74.58704858167454,-5.470319047412076,0.0,True,False,0.0,recovery
2026-08-23 16:59:50,0,73.2,0.0,True,73.76679535437312,-4.828035549193695,0.0,True,False,0.0,recovery
2026-08-23 17:00:00,0,72.3,0.0,True,73.04100801946721,-4.386853213936154,0.0,True,False,0.0,recovery
2026-08-23 17:00:10,0,72.7,0.0,True,72.37205535447251,-4.0196702238584265,0.0,True,False,0.0,recovery
2026-08-23 17:00:20,0,71.6,0.0,True,71.71511191522322,-3.690289413947567,0.0,True,False,0.0,recovery
2026-08-23 17:00:30,0,70.3,0.0,True,71.0773537951778,-3.4009568396946146,0.0,True,False,0.0,recovery
2026-08-23 17:00:40,0,70.3,0.0,True,70.56915464099534,-3.1855932625336094,0.0,True,False,0.0,recovery
2026-08-23 17:00:50,0,70.0,0.0,True,70.10581459364542,-2.951161895794864,0.0,True,False,0.0,recovery
2026-08-23 17:01:00,0,70.1,0.0,True,69.64344364523642,-2.6585908450219167,0.0,True,False,0.0,recovery
2026-08-23 17:01:10,0,68.3,0.0,True,69.12164663770014,-2.316261125562122,0.0,True,False,0.0,recovery
2026-08-23 17:01:20,0,67.9,0.0,True,68.7367907364472,-1.9564034984579075,0.0,True,False,0.0,recovery
2026-08-23 17:01:30,0,67.9,0.0,True,68.49139995793547,-1.686898835382386,0.0,True,False,0.0,recovery
2026-08-23 17:01:40,0,69.1,0.0,True,68.34457583907965,-1.630686835346773,0.0,True,False,0.0,recovery
2026-08-23 17:01:50,0,68.7,0.0,True,68.13851436007043,-1.8319702602498984,0.0,True,False,0.0,recovery
2026-08-23 17:02:00,0,68.9,0.0,True,67.8055386077396,-2.0814392047184733,0.0,True,False,0.0,recovery
2026-08-23 17:02:10,0,67.3,0.0,True,67.3234859566987,-2.2063861118782033,0.0,True,False,0.0,recovery
2026-08-23 17:02:20,0,65.9,0.0,True,66.84534763177425,-2.084778323398567,0.0,True,False,0.0,recovery
2026-08-23 17:02:30,0,65.9,0.0,True,66.52476724547883,-1.7606335888186708,0.0,True,False,0.0,recovery
2026-08-23 17:02:40,0,66.1,0.0,True,66.30831473342988,-1.2799277857085276,0.0,True,False,0.0,recovery
2026-08-23 17:02:50,0,64.8,0.0,True,66.15991467695257,-0.9018289945021694,0.0,True,False,0.0,recovery
2026-08-23 17:03:00,0,67.7,0.0,True,66.02150039996735,-0.6490350357128252,0.0,True,False,0.0,recovery
2026-08-23 17:03:10,0,65.3,0.0,True,66.00333618964336,-0.56155644001846,0.0,True,False,0.0,recovery
2026-08-23 17:03:20,0,66.6,0.0,True,65.8857280109266,-0.5533848700414391,0.0,True,False,0.0,recovery
2026-08-23 17:03:30,0,65.4,0.0,True,65.8490745006976,-0.6445869688808383,0.0,True,False,0.0,recovery
2026-08-23 17:03:40,0,66.7,0.0,True,65.68726674058486,-0.7646488006289412,0.0,True,False,0.0,recovery
2026-08-23 17:03:50,0,64.9,0.0,True,65.5733367705696,-0.776437813434234,0.0,True,False,0.0,recovery
2026-08-23 17:04:00,0,66.1,0.0,True,65.37162959564927,-0.7247759856214198,0.0,True,False,0.0,recovery
2026-08-23 17:04:10,0,64.6,0.0,True,65.24852735333714,-0.5546244411264499,0.0,True,False,0.0,recovery
2026-08-23 17:04:20,0,64.9,0.0,True,65.18351300324787,-0.40548173205731086,0.0,True,False,0.0,recovery
2026-08-23 17:04:30,0,67.6,0.0,True,65.16575082036655,-0.2596335973786697,0.0,True,False,0.0,recovery
2026-08-23 17:04:40,0,65.1,0.0,True,65.15894710754634,-0.24277201464407594,0.0,True,False,0.0,recovery
2026-08-23 17:04:50,0,65.4,0.0,True,65.1119679126505,-0.24851529149300908,0.0,True,False,0.0,recovery
2026-08-23 17:05:00,0,64.4,0.0,True,65.06698336986307,-0.2671063550193246,0.0,True,False,0.0,recovery
2026-08-23 17:05:10,0,65.4,0.0,True,64.96649605538614,-0.16592943009646588,0.0,True,False,0.0,recovery
2026-08-23 17:05:20,0,64.0,0.0,True,64.96042475014023,0.02902116123891171,0.0,True,False,0.0,recovery
2026-08-23 17:05:30,0,65.1,0.0,True,64.93109090325103,0.43595146992365236,0.0,True,False,0.0,recovery
2026-08-23 17:05:40,0,63.3,0.0,True,65.05693887357033,1.0655403569290118,0.0,True,False,0.0,recovery
2026-08-23 17:05:50,0,66.1,0.0,True,65.17560998948468,1.9905764462797009,0.0,True,False,0.0,recovery
2026-08-23 17:06:00,0,63.5,0.0,True,65.57354943697982,3.4188038481055822,0.0,True,False,0.0,recovery
2026-08-23 17:06:10,0,64.6,0.0,True,66.13374712397157,5.520403319853835,0.0,True,False,0.0,recovery
2026-08-23 17:06:20,0,63.8,0.0,True,67.0829026649586,8.067070011577743,0.0,True,True,32.26828004631097,recovery
2026-08-23 17:06:30,0,63.4,0.0,True,68.57920865010537,10.679676943326529,0.0,True,True,42.718707773306114,stress_onset
2026-08-23 17:06:40,0,69.6,0.0,True,70.87204941026971,12.986515746582143,0.0,True,True,51.94606298632857,stress_onset
2026-08-23 17:06:50,0,72.1,0.0,True,73.376898405479,14.46848812664907,0.0,True,True,57.87395250659628,stress_onset
2026-08-23 17:07:00,0,76.6,0.0,True,76.09456380160145,14.869018051633716,0.0,True,True,59.476072206534866,stress_onset
2026-08-23 17:07:10,0,80.4,0.0,True,78.72798983132415,14.179860509033519,0.0,True,True,56.71944203613407,stress_onset
2026-08-23 17:07:20,0,83.0,0.0,True,81.08274749960086,12.961155908415105,0.0,True,True,51.84462363366041,stress_onset
2026-08-23 17:07:30,0,85.4,0.0,True,83.11796308447771,11.345501102056357,0.0,True,True,45.38200440822543,stress_onset
2026-08-23 17:07:40,0,85.6,0.0,True,84.77283918343417,9.635048860326071,0.0,True,True,38.540195441304284,stress_onset
2026-08-23 17:07:50,0,89.0,0.0,True,86.28985514629632,7.9590095238882475,0.0,True,False,0.0,stress_onset
2026-08-23 17:08:00,0,88.3,0.0,True,87.47184696687451,6.380900346193716,0.0,True,False,0.0,stress_onset
2026-08-23 17:08:10,0,90.2,0.0,True,88.39914661526512,4.9055602738171995,0.0,True,False,0.0,stress_onset
2026-08-23 17:08:20,0,90.1,0.0,True,89.04297069953324,3.3799564375531044,0.0,True,False,0.0,stress_sustained
2026-08-23 17:08:30,0,92.2,0.0,True,89.4939565670569,1.9141072456431139,0.0,True,False,0.0,stress_sustained
2026-08-23 17:08:40,0,90.7,0.0,True,89.74393519575669,0.43513307086413316,0.0,True,False,0.0,stress_sustained
2026-08-23 17:08:50,0,91.7,0.0,True,89.66790302374928,-0.9748903540088948,0.0,True,False,0.0,stress_sustained
2026-08-23 17:09:00,0,91.0,0.0,True,89.36985468903339,-2.3295383616929124,0.0,True,False,0.0,stress_sustained
2026-08-23 17:09:10,0,89.5,0.0,True,88.8001154691564,-3.61529990584954,0.0,True,False,0.0,stress_sustained
2026-08-23 17:09:20,0,89.2,0.0,True,88.11372882747213,-4.614325720028694,0.0,True,False,0.0,stress_sustained
2026-08-23 17:09:30,0,88.6,0.0,True,87.24629699036655,-5.353834392307836,0.0,True,False,0.0,stress_sustained
2026-08-23 17:09:40,0,85.3,0.0,True,86.15324798498871,-5.88207736806683,0.0,True,False,0.0,stress_sustained
2026-08-23 17:09:50,0,85.6,0.0,True,85.152406977109,-6.3942380004083725,0.0,True,False,0.0,stress_sustained
2026-08-23 17:10:00,0,84.7,0.0,True,84.12696713208078,-6.861390680437,0.0,True,False,0.0,stress_sustained
2026-08-23 17:10:10,0,84.3,0.0,True,83.00602180906603,-7.182822759586069,0.0,True,False,0.0,stress_sustained
2026-08-23 17:10:20,0,82.0,0.0,True,81.66941345422893,-7.469249108189944,0.0,True,False,0.0,stress_sustained
2026-08-23 17:10:30,0,79.0,0.0,True,80.27770734176333,-7.536264593873071,0.0,True,False,0.0,recovery
2026-08-23 17:10:40,0,79.3,0.0,True,79.04895245292494,-7.423609892820751,0.0,True,False,0.0,recovery
2026-08-23 17:10:50,0,77.1,0.0,True,77.8283563062407,-7.166080650095673,0.0,True,False,0.0,recovery
2026-08-23 17:11:00,0,77.1,0.0,True,76.72915287726326,-6.781469610957963,0.0,True,False,0.0,recovery
2026-08-23 17:11:10,0,75.4,0.0,True,75.56814159449634,-6.3449606498370414,0.0,True,False,0.0,recovery
2026-08-23 17:11:20,0,72.9,0.0,True,74.43515391081215,-5.8409451303556255,0.0,True,False,0.0,recovery
2026-08-23 17:11:30,0,72.7,0.0,True,73.5580252122633,-5.392563323076325,0.0,True,False,0.0,recovery
2026-08-23 17:11:40,0,73.5,0.0,True,72.790567382425,-4.93937064107163,0.0,True,False,0.0,recovery
2026-08-23 17:11:50,0,72.3,0.0,True,72.03820411632418,-4.484406399245532,0.0,True,False,0.0,recovery
2026-08-23 17:12:00,0,70.8,0.0,True,71.24220820294406,-4.066128938246042,0.0,True,False,0.0,recovery
2026-08-23 17:12:10,0,69.0,0.0,True,70.51991365672127,-3.6326824907637225,0.0,True,False,0.0,recovery
2026-08-23 17:12:20,0,69.3,0.0,True,70.00093805328535,-3.243968839361055,0.0,True,False,0.0,recovery
2026-08-23 17:12:30,0,70.0,0.0,True,69.59878545873033,-2.892345232613787,0.0,True,False,0.0,recovery
2026-08-23 17:12:40,0,69.7,0.0,True,69.1797637739637,-2.679922021778328,0.0,True,False,0.0,recovery
2026-08-23 17:12:50,0,68.2,0.0,True,68.67403605152434,-2.6641524812392396,0.0,True,False,0.0,recovery
2026-08-23 17:13:00,0,68.2,0.0,True,68.24731433767236,-2.6959797828114413,0.0,True,False,0.0,recovery
2026-08-23 17:13:10,0,66.9,0.0,True,67.82847834676578,-2.7128513338998173,0.0,True,False,0.0,recovery
2026-08-23 17:13:20,0,68.3,0.0,True,67.34772208032015,-2.6890076311143334,0.0,True,False,0.0,recovery
2026-08-23 17:13:30,0,67.1,0.0,True,66.90825282726122,-2.5883318668478936,0.0,True,False,0.0,recovery
2026-08-23 17:13:40,0,65.0,0.0,True,66.43682571207916,-2.444044747056089,0.0,True,False,0.0,recovery
2026-08-23 17:13:50,0,66.2,0.0,True,66.00486954891028,-2.117812704154569,0.0,True,False,0.0,recovery
2026-08-23 17:14:00,0,64.0,0.0,True,65.7403916438931,-1.7409780167073694,0.0,True,False,0.0,recovery
2026-08-23 17:14:10,0,67.7,0.0,True,65.39931234619145,-1.272163474901866,0.0,True,False,0.0,recovery
2026-08-23 17:14:20,0,63.9,0.0,True,65.29145177285504,-0.8475190360561874,0.0,True,False,0.0,recovery
2026-08-23 17:14:30,0,65.4,0.0,True,65.1654998283278,-0.5462706270293795,0.0,True,False,0.0,recovery
2026-08-23 17:14:40,0,64.4,0.0,True,65.16713118852184,-0.3289244653646019,0.0,True,False,0.0,recovery
2026-08-23 17:14:50,0,65.3,0.0,True,65.14661774680285,-0.31997047649867694,0.0,True,False,0.0,recovery
2026-08-23 17:15:00,0,65.8,0.0,True,65.10054059621767,-0.2929163289539393,0.0,True,False,0.0,recovery
2026-08-23 17:15:10,0,65.2,0.0,True,65.02122021166876,-0.21111014099673978,0.0,True,False,0.0,recovery
2026-08-23 17:15:20,0,64.1,0.0,True,64.9121031957313,0.0712253091752939,0.0,True,False,0.0,recovery
2026-08-23 17:15:30,0,64.2,0.0,True,64.92167004574907,0.6082887870670339,0.0,True,False,0.0,recovery
2026-08-23 17:15:40,0,65.0,0.0,True,65.05151523672501,1.4538765866128196,0.0,True,False,0.0,recovery
2026-08-23 17:15:50,0,63.0,0.0,True,65.32327963382177,2.5846342934512343,0.0,True,False,0.0,recovery
2026-08-23 17:16:00,0,64.1,0.0,True,65.79892396988883,4.024735811102954,0.0,True,False,0.0,recovery
2026-08-23 17:16:10,0,65.0,0.0,True,66.55772230093736,5.982055202033747,0.0,True,False,0.0,recovery
2026-08-23 17:16:20,0,64.9,0.0,True,67.59280768214211,8.614955221874947,3.0,True,False,0.0,recovery
2026-08-23 17:16:30,0,64.9,2.2,True,69.07669434370386,11.737252540600075,13.0,False,False,0.0,activity
2026-08-23 17:16:40,3,66.4,25.4,True,71.25669672921626,15.28004433037762,22.0,False,False,0.0,activity
2026-08-23 17:16:50,10,71.4,47.6,True,74.24614856959803,18.748081603789547,37.0,False,False,0.0,activity
2026-08-23 17:17:00,9,73.6,73.8,True,77.7099585049128,21.75151343021403,55.0,False,False,0.0,activity
2026-08-23 17:17:10,15,81.4,99.7,True,81.85876152437972,23.598054637864667,82.0,False,False,0.0,activity
2026-08-23 17:17:20,18,85.0,112.1,True,86.0840247979099,24.070462094683233,96.0,False,False,0.0,activity
2026-08-23 17:17:30,27,93.8,120.4,True,90.48995887109173,23.318898948234736,107.0,False,False,0.0,activity
2026-08-23 17:17:40,17,97.2,118.7,True,94.34421942278884,21.371676102682517,114.0,False,False,0.0,activity
2026-08-23 17:17:50,21,100.4,122.4,True,97.72251654495075,18.789970702815506,119.0,False,False,0.0,activity
2026-08-23 17:18:00,16,104.3,117.6,True,100.65456642460445,15.947069943893963,119.0,False,False,0.0,activity
2026-08-23 17:18:10,20,106.5,118.2,True,102.97904404169222,13.329871318478576,115.0,False,False,0.0,activity
2026-08-23 17:18:20,18,105.5,122.8,True,104.88336233239535,10.984317912809635,122.0,False,False,0.0,activity
2026-08-23 17:18:30,23,108.6,120.5,True,106.51824101183104,8.958769873561378,121.0,False,False,0.0,activity
2026-08-23 17:18:40,24,111.1,114.7,True,107.80615985990522,7.362064432287665,124.0,False,False,0.0,activity
2026-08-23 17:18:50,20,109.2,117.0,True,108.8617720179636,6.11379830115715,124.0,False,False,0.0,activity
2026-08-23 17:19:00,19,110.2,119.1,True,109.69434617901592,5.077355696409979,126.0,False,False,0.0,activity
2026-08-23 17:19:10,20,110.7,122.2,True,110.44264470323756,4.251424755350213,127.0,False,False,0.0,activity
2026-08-23 17:19:20,20,112.3,116.1,True,111.14805067799877,3.5340646068488377,124.0,False,False,0.0,activity
2026-08-23 17:19:30,24,112.7,120.8,True,111.66146509909309,2.9450009404413344,125.0,False,False,0.0,activity
2026-08-23 17:19:40,21,112.2,113.8,True,112.06845703670294,2.418199335535981,125.0,False,False,0.0,activity
2026-08-23 17:19:50,21,113.0,113.5,True,112.37019181376327,1.99800238179142,123.0,False,False,0.0,activity
2026-08-23 17:20:00,19,112.3,120.8,True,112.6836252264508,1.7643772535835456,125.0,False,False,0.0,activity
2026-08-23 17:20:10,18,113.1,117.2,True,112.94432951021345,1.5783864295443801,127.0,False,False,0.0,activity
2026-08-23 17:20:20,22,113.0,116.6,True,113.19575537901167,1.3733171532864403,122.0,False,False,0.0,activity
2026-08-23 17:20:30,26,114.1,119.2,True,113.46314047764517,1.1078483549572178,119.0,False,False,0.0,activity
2026-08-23 17:20:40,16,114.8,116.5,True,113.62438232255286,0.830592377692319,120.0,False,False,0.0,activity
2026-08-23 17:20:50,18,113.9,121.1,True,113.70635455455268,0.5774827490904392,125.0,False,False,0.0,activity
2026-08-23 17:21:00,20,113.6,115.5,True,113.7560525456446,0.31347738819413035,120.0,False,False,0.0,activity
2026-08-23 17:21:10,23,114.8,117.0,True,113.78175929434394,0.1588611158063857,123.0,False,False,0.0,activity
2026-08-23 17:21:20,17,113.4,117.6,True,113.83775925876726,0.0878645531959281,123.0,False,False,0.0,activity
2026-08-23 17:21:30,29,114.5,118.4,True,113.78338576631846,0.0743692256419554,118.0,False,False,0.0,activity
2026-08-23 17:21:40,16,112.9,117.0,True,113.79290990158938,0.07326876902833167,120.0,False,False,0.0,activity
2026-08-23 17:21:50,13,113.7,119.9,True,113.81791902045853,0.04866548820517825,119.0,False,False,0.0,activity
2026-08-23 17:22:00,22,114.1,117.8,True,113.86258130940409,0.07503026494005306,130.0,False,False,0.0,activity
2026-08-23 17:22:10,22,115.0,114.5,True,113.86767381658366,0.1353286572602011,125.0,False,False,0.0,activity
2026-08-23 17:22:20,28,113.5,119.4,True,113.83404529319384,0.3288961115046934,128.0,False,False,0.0,activity
2026-08-23 17:22:30,24,112.8,119.1,True,113.85609098533631,0.6094224414761882,133.0,False,False,0.0,activity
2026-08-23 17:22:40,19,113.2,119.0,True,113.98748517503482,0.9022334640746837,126.0,False,False,0.0,activity
2026-08-23 17:22:50,18,115.3,119.7,True,114.2501268939058,1.120416730685651,126.0,False,False,0.0,activity
2026-08-23 17:23:00,15,114.3,116.7,True,114.50445642842774,1.1610504047918708,113.0,False,False,0.0,activity
2026-08-23 17:23:10,22,114.9,118.5,True,114.69286203435429,1.0166210511253313,103.0,False,False,0.0,activity
2026-08-23 17:23:20,15,116.3,117.3,True,114.84674464600656,0.7630571107416142,103.0,False,False,0.0,activity
2026-08-23 17:23:30,14,115.2,123.4,True,114.94175136532657,0.5259550697672494,101.0,False,False,0.0,activity
2026-08-23 17:23:40,19,115.0,119.9,True,114.99371664553433,0.3443693499445956,103.0,False,False,0.0,activity
2026-08-23 17:23:50,16,115.1,118.7,True,115.02796803333116,0.20946423606510706,104.0,False,False,0.0,activity
2026-08-23 17:24:00,17,,117.6,False,115.05021409334985,,110.0,False,False,0.0,activity
2026-08-23 17:24:10,23,,121.9,False,115.06416250226016,,109.0,False,False,0.0,activity
2026-08-23 17:24:20,21,,116.2,False,115.07213799488049,,107.0,False,False,0.0,activity
2026-08-23 17:24:30,13,,117.5,False,115.07546981998091,,117.0,False,False,0.0,activity
2026-08-23 17:24:40,17,,116.6,False,115.0747132817448,,116.0,False,False,0.0,activity
2026-08-23 17:24:50,26,,114.2,False,115.07357847439064,,121.0,False,False,0.0,activity
2026-08-23 17:25:00,16,,115.7,False,115.0718762633594,,125.0,False,False,0.0,activity
2026-08-23 17:25:10,28,,113.6,False,115.06932294681255,,133.0,False,False,0.0,activity
2026-08-23 17:25:20,25,,120.1,False,115.06549297199226,,135.0,False,False,0.0,activity
2026-08-23 17:25:30,21,,119.9,False,115.05149851689768,,132.0,False,False,0.0,activity
2026-08-23 17:25:40,19,,115.4,False,115.02942048128604,,133.0,False,False,0.0,activity
2026-08-23 17:25:50,23,,119.3,False,114.9955791925554,,127.0,False,False,0.0,activity
2026-08-23 17:26:00,17,115.1,119.5,True,114.94433443591733,-0.45181166909749915,123.0,False,False,0.0,activity
2026-08-23 17:26:10,22,115.1,118.4,True,114.8671454185988,-0.5831761591580332,122.0,False,False,0.0,activity
2026-08-23 17:26:20,21,115.7,117.1,True,114.75114730438005,-0.6295938186020181,120.0,False,False,0.0,activity
2026-08-23 17:26:30,20,114.0,116.7,True,114.57700707422465,-0.5738009240034531,113.0,False,False,0.0,activity
2026-08-23 17:26:40,17,114.2,116.7,True,114.46570135644002,-0.41364151673876864,120.0,False,False,0.0,activity
2026-08-23 17:26:50,16,113.9,120.2,True,114.4320125313954,-0.21527950512099478,116.0,False,False,0.0,activity
2026-08-23 17:27:00,24,114.2,120.4,True,114.43699246158334,-0.05279741102337241,110.0,False,False,0.0,activity
2026-08-23 17:27:10,18,116.1,121.6,True,114.4814711353685,-0.02054345685820479,112.0,False,False,0.0,activity
2026-08-23 17:27:20,15,114.7,117.8,True,114.48952833171506,-0.10957055502653801,110.0,False,False,0.0,activity
2026-08-23 17:27:30,22,114.6,118.0,True,114.4625069166808,-0.25614512665164324,118.0,False,False,0.0,activity
2026-08-23 17:27:40,15,114.8,117.1,True,114.39590332109331,-0.40255340986150967,113.0,False,False,0.0,activity
2026-08-23 17:27:50,24,114.3,119.8,True,114.29528361235471,-0.4839110709054165,126.0,False,False,0.0,activity
2026-08-23 17:28:00,19,114.1,120.5,True,114.19387783900856,-0.46020629138590596,131.0,False,False,0.0,activity
2026-08-23 17:28:10,31,114.0,119.9,True,114.10811837216384,-0.31320256043068107,128.0,False,False,0.0,activity
2026-08-23 17:28:20,20,113.1,116.5,True,114.04037863401308,-0.08625639907101966,139.0,False,False,0.0,activity
2026-08-23 17:28:30,19,113.6,113.2,True,114.0460353348645,0.12631369577682358,137.0,False,False,0.0,activity
2026-08-23 17:28:40,26,114.5,122.2,True,114.12603125819334,0.3206503589684411,134.0,False,False,0.0,activity
2026-08-23 17:28:50,22,114.0,116.4,True,114.22703239122106,0.4112858915119638,118.0,False,False,0.0,activity
2026-08-23 17:29:00,16,115.0,117.6,True,114.28253892278562,0.38118335835511097,120.0,False,False,0.0,activity
2026-08-23 17:29:10,15,113.7,121.7,True,114.38513527481443,0.2253256706384047,122.0,False,False,0.0,activity
2026-08-23 17:29:20,22,114.9,120.5,True,114.40192083931231,0.00702226136145468,115.0,False,False,0.0,activity
2026-08-23 17:29:30,21,114.5,118.5,True,114.4023598770289,-0.14939648530760058,120.0,False,False,0.0,activity
2026-08-23 17:29:40,19,114.9,118.3,True,114.31985889425029,-0.1950003604802713,125.0,False,False,0.0,activity
2026-08-23 17:29:50,27,113.6,117.4,True,114.20733439384672,-0.07667572430439042,136.0,False,False,0.0,activity
2026-08-23 17:30:00,21,112.3,115.5,True,114.19603229241761,0.11815533877317096,129.0,False,False,0.0,activity
2026-08-23 17:30:10,26,114.1,119.4,True,114.28406890639143,0.34696467259866326,130.0,False,False,0.0,activity
2026-08-23 17:30:20,15,114.5,118.4,True,114.40278367143047,0.5193157375715739,131.0,False,False,0.0,activity
2026-08-23 17:30:30,22,114.6,118.3,True,114.50529571504126,0.5067908540445231,123.0,False,False,0.0,activity
2026-08-23 17:30:40,20,115.3,117.5,True,114.5920237111589,0.3930168271439714,123.0,False,False,0.0,activity
2026-08-23 17:30:50,19,114.5,120.9,True,114.67742232580304,0.2661741761960083,117.0,False,False,0.0,activity
2026-08-23 17:31:00,21,115.3,119.9,True,114.65905799474766,0.18726531651883466,123.0,False,False,0.0,activity
2026-08-23 17:31:10,20,113.7,121.3,True,114.66720332948356,0.1824244857853088,117.0,False,False,0.0,activity
2026-08-23 17:31:20,21,114.6,109.9,True,114.68654921913337,0.2758448788731678,118.0,False,False,0.0,activity
2026-08-23 17:31:30,16,114.5,114.6,True,114.73698664530541,0.450953704154205,117.0,False,False,0.0,activity
2026-08-23 17:31:40,21,113.0,121.4,True,114.82692184569501,0.5440786229847634,117.0,False,False,0.0,activity
2026-08-23 17:31:50,18,115.0,121.9,True,114.97134402036711,0.5064547408842364,118.0,False,False,0.0,activity
2026-08-23 17:32:00,21,115.8,119.5,True,115.11099019843373,0.3282399822644329,126.0,False,False,0.0,activity
2026-08-23 17:32:10,21,115.7,117.4,True,115.15246807623927,0.06187474449823993,131.0,False,False,0.0,activity
2026-08-23 17:32:20,29,115.4,118.3,True,115.10269063341804,-0.19417803585155066,127.0,False,False,0.0,activity
2026-08-23 17:32:30,21,115.0,118.1,True,115.00336162949979,-0.3040223936051411,129.0,False,False,0.0,activity
2026-08-23 17:32:40,17,114.3,113.3,True,114.90459289716483,-0.21810857886431861,126.0,False,False,0.0,activity
2026-08-23 17:32:50,20,114.6,118.8,True,114.85658964769068,-0.04354619393418448,121.0,False,False,0.0,activity
2026-08-23 17:33:00,18,113.0,121.3,True,114.9013513394983,0.11304420629265835,114.0,False,False,0.0,activity
2026-08-23 17:33:10,16,116.0,121.4,True,114.99633825455564,0.22418959328259033,117.0,False,False,0.0,activity
2026-08-23 17:33:20,22,115.3,116.5,True,115.04071487870559,0.3012713410577264,119.0,False,False,0.0,activity
2026-08-23 17:33:30,24,114.8,119.7,True,115.04187731597311,0.396422121866309,110.0,False,False,0.0,activity
2026-08-23 17:33:40,19,114.7,120.8,True,115.08335263923615,0.46121468489072803,109.0,False,False,0.0,activity
2026-08-23 17:33:50,11,112.8,117.5,True,115.18872006903854,0.46359064777790887,109.0,False,False,0.0,activity
2026-08-23 17:34:00,17,116.7,121.3,True,115.37554084368067,0.33608886148525297,111.0,False,False,0.0,activity
2026-08-23 17:34:10,16,116.1,115.8,True,115.44161842560291,0.04317331401158984,113.0,False,False,0.0,activity
2026-08-23 17:34:20,24,115.9,118.7,True,115.39796574512563,-0.3532609668410638,116.0,False,False,0.0,activity
2026-08-23 17:34:30,26,113.7,119.6,True,115.27064068883595,-0.7800006469291114,122.0,False,False,0.0,activity
2026-08-23 17:34:40,22,115.6,116.0,True,115.08842241401892,-1.054597577695794,123.0,False,False,0.0,activity
2026-08-23 17:34:50,17,115.2,115.4,True,114.8876078748717,-1.0978179142688989,120.0,False,False,0.0,activity
2026-08-23 17:35:00,18,114.3,115.7,True,114.63472798153643,-0.8847221889344083,119.0,False,False,0.0,activity
2026-08-23 17:35:10,13,113.4,116.6,True,114.4376360851239,-0.5297944474699136,108.0,False,False,0.0,activity
2026-08-23 17:35:20,23,113.5,120.0,True,114.39681686956533,-0.12745149486943755,102.0,False,False,0.0,activity
2026-08-23 17:35:30,15,114.9,116.9,True,114.50546713226765,0.25722097049091447,109.0,False,False,0.0,activity
2026-08-23 17:35:40,16,114.6,117.3,True,114.59836191701457,0.4919064547426355,104.0,False,False,0.0,activity
2026-08-23 17:35:50,24,113.6,115.8,True,114.69098368793057,0.5407192052610211,105.0,False,False,0.0,activity
2026-08-23 17:36:00,13,115.0,117.5,True,114.79876940683499,0.37965182332293296,105.0,False,False,0.0,activity
2026-08-23 17:36:10,14,117.1,121.6,True,114.87301669354525,0.14257403098631127,111.0,False,False,0.0,activity
2026-08-23 17:36:20,23,114.9,114.4,True,114.92610009584638,-0.08145570856684788,116.0,False,False,0.0,activity
2026-08-23 17:36:30,21,115.9,117.5,True,114.81686684745523,-0.21548997097636632,112.0,False,False,0.0,activity
2026-08-23 17:36:40,21,113.9,118.9,True,114.69377807363993,-0.25686779997715903,124.0,False,False,0.0,activity
2026-08-23 17:36:50,20,114.2,116.0,True,114.6529856454313,-0.23391407183125948,128.0,False,False,0.0,activity
2026-08-23 17:37:00,25,114.9,118.2,True,114.68769082479454,-0.21066030803816221,126.0,False,False,0.0,activity
2026-08-23 17:37:10,18,115.5,118.9,True,114.68701114162354,-0.21894516701330632,123.0,False,False,0.0,activity
2026-08-23 17:37:20,21,113.9,118.0,True,114.65083331538979,-0.25657803001447066,121.0,False,False,0.0,activity
2026-08-23 17:37:30,18,115.3,118.9,True,114.506461041721,-0.25125961230374094,121.0,False,False,0.0,activity
2026-08-23 17:37:40,19,113.5,115.2,True,114.46316560833903,-0.17710351092933058,109.0,False,False,0.0,activity
2026-08-23 17:37:50,20,114.2,117.6,True,114.46373110968021,-0.10032180423359083,104.0,False,False,0.0,activity
2026-08-23 17:38:00,13,115.1,116.5,True,114.50825179596809,-0.06526039824342075,102.0,False,False,0.0,activity
2026-08-23 17:38:10,13,114.7,118.2,True,114.52081444825065,-0.12321858243665332,114.0,False,False,0.0,activity
2026-08-23 17:38:20,19,114.9,120.1,True,114.47017950857497,-0.18385605417881704,118.0,False,False,0.0,activity
2026-08-23 17:38:30,30,114.1,122.0,True,114.38124115366179,-0.18227905876028122,114.0,False,False,0.0,activity
2026-08-23 17:38:40,23,114.0,117.6,True,114.33917632435889,-0.1682247636112943,120.0,False,False,0.0,activity
2026-08-23 17:38:50,16,115.9,114.2,True,114.33697421578248,-0.07863650049273503,131.0,False,False,0.0,activity
2026-08-23 17:39:00,19,113.3,118.2,True,114.39093447650313,0.012131393496099617,135.0,False,False,0.0,activity
2026-08-23 17:39:10,24,115.1,115.8,True,114.3267171499743,0.08706404354383485,117.0,False,False,0.0,activity
2026-08-23 17:39:20,23,113.7,116.4,True,114.36695268177452,0.1479359389441234,111.0,False,False,0.0,activity
2026-08-23 17:39:30,12,114.5,114.5,True,114.38501366053714,0.1656066813113086,115.0,False,False,0.0,activity
2026-08-23 17:39:40,17,114.1,118.0,True,114.45057691605595,0.14659282294469086,112.0,False,False,0.0,activity
2026-08-23 17:39:50,20,114.9,119.9,True,114.5079029909174,0.0198682445926858,104.0,False,False,0.0,activity
2026-08-23 17:40:00,16,115.4,116.0,True,114.49987956426507,-0.07497353108907612,98.0,False,False,0.0,activity
2026-08-23 17:40:10,16,114.4,115.8,True,114.42516939832359,-0.10016803814280827,114.0,False,False,0.0,activity
2026-08-23 17:40:20,17,113.7,113.1,True,114.3546541321027,-0.002771503934597901,112.0,False,False,0.0,activity
2026-08-23 17:40:30,28,113.9,118.6,True,114.35991455456558,0.20487739866548252,104.0,False,False,0.0,activity
2026-08-23 17:40:40,15,114.5,120.3,True,114.44182740278937,0.42881539151934606,112.0,False,False,0.0,activity
2026-08-23 17:40:50,12,114.2,119.8,True,114.56404481814472,0.5777940448645624,116.0,False,False,0.0,activity
2026-08-23 17:41:00,24,114.9,117.7,True,114.69693636985751,0.5980717056872377,130.0,False,False,0.0,activity
2026-08-23 17:41:10,20,115.5,118.5,True,114.7959839832132,0.5537422698387666,126.0,False,False,0.0,activity
2026-08-23 17:41:20,31,114.1,120.1,True,114.87769559377111,0.4838460694396411,128.0,False,False,0.0,activity
2026-08-23 17:41:30,24,115.1,119.7,True,114.92235646995752,0.4553051663281064,127.0,False,False,0.0,activity
2026-08-23 17:41:40,17,114.7,118.0,True,115.0040767578035,0.42407702903318,126.0,False,False,0.0,activity
2026-08-23 17:41:50,11,116.4,117.0,True,115.06980983861673,0.4278141108628534,121.0,False,False,0.0,activity
2026-08-23 17:42:00,23,114.8,118.4,True,115.18051122586608,0.431424973074455,102.0,False,False,0.0,activity
2026-08-23 17:42:10,15,115.7,116.7,True,115.20463115075977,0.3926542831794419,98.0,False,False,0.0,activity
2026-08-23 17:42:20,12,114.8,122.6,True,115.29618960078008,0.3014688309572138,95.0,False,False,0.0,activity
2026-08-23 17:42:30,20,115.5,121.4,True,115.35377965093039,0.12124246960883817,93.0,False,False,0.0,activity
2026-08-23 17:42:40,14,115.8,114.4,True,115.38699964290242,-0.12091967061422348,82.0,False,False,0.0,activity
2026-08-23 17:42:50,9,117.2,121.3,True,115.35138624202486,-0.3868065178443962,79.0,False,False,0.0,activity
2026-08-23 17:43:00,12,114.0,117.3,True,115.24100388148477,-0.5957325466200241,89.0,False,False,0.0,activity
2026-08-23 17:43:10,12,115.7,116.2,True,115.05412216785881,-0.7182330474513497,87.0,False,False,0.0,activity
2026-08-23 17:43:20,22,114.6,115.7,True,114.9429274822093,-0.771153341905493,97.0,False,False,0.0,activity
2026-08-23 17:43:30,18,115.0,118.0,True,114.82222071026135,-0.8204563362010059,110.0,False,False,0.0,activity
2026-08-23 17:43:40,24,114.7,116.4,True,114.72188405669027,-1.0136449103395146,118.0,False,False,0.0,activity
2026-08-23 17:43:50,22,115.5,115.2,True,114.57519474590092,-1.4650600171536394,129.0,False,False,0.0,activity
2026-08-23 17:44:00,20,115.0,117.6,True,114.35770455942837,-2.26422322206479,130.0,False,False,0.0,activity
2026-08-23 17:44:10,23,115.6,119.2,True,113.94983179952722,-3.3871855354152833,135.0,False,False,0.0,activity
2026-08-23 17:44:20,23,113.8,114.5,True,113.36693100621392,-4.8532501999063955,125.0,False,False,0.0,activity
2026-08-23 17:44:30,23,115.7,113.0,True,112.41185204726959,-6.528189897715211,114.0,False,False,0.0,activity
2026-08-23 17:44:40,14,113.7,91.8,True,111.22541509620353,-8.316161245143208,99.0,False,False,0.0,activity
2026-08-23 17:44:50,11,111.0,66.4,True,109.62654732783807,-10.13301660961886,85.0,False,False,0.0,activity
2026-08-23 17:45:00,5,109.7,47.5,True,107.79877078077894,-11.631565218554774,64.0,False,False,0.0,activity
2026-08-23 17:45:10,9,107.2,23.6,True,105.65412269718294,-12.790136602011712,41.0,False,False,0.0,activity
2026-08-23 17:45:20,2,102.6,7.7,True,103.25182839645076,-13.626825990565811,27.0,False,False,0.0,activity
2026-08-23 17:45:30,0,101.2,0.4,True,100.95817216179371,-13.984653044214182,17.0,False,False,0.0,negative_control
2026-08-23 17:45:40,0,99.7,5.8,True,98.6242112874356,-13.869684176660122,15.0,False,False,0.0,negative_control
2026-08-23 17:45:50,1,94.0,13.3,True,96.11095229431676,-13.237757909977967,10.0,False,False,0.0,negative_control
2026-08-23 17:46:00,3,93.3,13.0,True,93.94951868358403,-12.294267485434979,12.0,False,False,0.0,negative_control
2026-08-23 17:46:10,4,89.1,23.1,True,91.89633818678197,-11.085535927512073,14.0,False,False,0.0,negative_control
2026-08-23 17:46:20,4,89.4,24.0,True,90.25921405444358,-9.66010797655545,18.0,False,False,0.0,negative_control
2026-08-23 17:46:30,2,88.2,23.0,True,88.81529226451244,-8.348269450262809,24.0,False,False,0.0,negative_control
2026-08-23 17:46:40,4,85.5,21.6,True,87.47391918533337,-7.084952022823484,28.0,False,False,0.0,negative_control
2026-08-23 17:46:50,7,85.7,21.5,True,86.42819930370986,-6.052459932521395,25.0,False,False,0.0,negative_control
2026-08-23 17:47:00,7,84.5,25.7,True,85.53717930603798,-5.175139735734767,23.0,False,False,0.0,negative_control
2026-08-23 17:47:10,1,83.0,26.1,True,84.81902252603909,-4.553199971094385,25.0,False,False,0.0,negative_control
2026-08-23 17:47:20,2,85.0,29.8,True,84.15403616704671,-4.24369829687447,26.0,False,False,0.0,negative_control
2026-08-23 17:47:30,4,84.0,29.2,True,83.51472250256211,-4.02362252927647,23.0,False,False,0.0,negative_control
2026-08-23 17:47:40,5,82.7,29.1,True,82.7945292551712,-3.8205790879864248,20.0,False,False,0.0,negative_control
2026-08-23 17:47:50,4,81.1,24.3,True,82.09009088364215,-3.504298828027437,21.0,False,False,0.0,negative_control
2026-08-23 17:48:00,4,81.1,20.5,True,81.55066765938678,-3.0720683727396705,21.0,False,False,0.0,negative_control
2026-08-23 17:48:10,2,80.4,25.0,True,81.08635571169587,-2.5982778843370795,23.0,False,False,0.0,negative_control
2026-08-23 17:48:20,2,79.1,24.6,True,80.73643638262094,-2.2718194242763685,28.0,False,False,0.0,negative_control
2026-08-23 17:48:30,6,81.2,29.9,True,80.44258978398283,-2.091854677785517,28.0,False,False,0.0,negative_control
2026-08-23 17:48:40,10,80.6,24.0,True,80.12250814934184,-1.9676752347350919,26.0,False,False,0.0,negative_control
2026-08-23 17:48:50,4,79.2,25.1,True,79.72284453959115,-1.8892988069976315,28.0,False,False,0.0,negative_control
2026-08-23 17:49:00,2,79.1,26.1,True,79.41032168643898,-1.804376942331191,30.0,False,False,0.0,negative_control
2026-08-23 17:49:10,4,79.1,26.0,True,79.14951911435998,-1.7023274251961127,25.0,False,False,0.0,negative_control
2026-08-23 17:49:20,4,78.9,28.6,True,78.89696972800763,-1.5911420027365542,20.0,False,False,0.0,negative_control
2026-08-23 17:49:30,1,78.2,23.8,True,78.64391529632321,-1.5522897712092631,20.0,False,False,0.0,negative_control
2026-08-23 17:49:40,5,78.8,30.6,True,78.36484674735934,-1.504295358693027,22.0,False,False,0.0,negative_control
2026-08-23 17:49:50,4,78.1,26.6,True,78.11325265628868,-1.4105882678637012,24.0,False,False,0.0,negative_control
2026-08-23 17:50:00,4,77.5,27.1,True,77.86386734126613,-1.284122078821166,25.0,False,False,0.0,negative_control
2026-08-23 17:50:10,6,76.5,24.6,True,77.67512658312127,-1.1609619505345268,31.0,False,False,0.0,negative_control
2026-08-23 17:50:20,5,77.8,28.1,True,77.51557358882995,-1.113438337813155,32.0,False,False,0.0,negative_control
2026-08-23 17:50:30,7,77.5,28.5,True,77.35861619267695,-1.0907734956796749,35.0,False,False,0.0,negative_control
2026-08-23 17:50:40,6,76.6,27.5,True,77.17809482863677,-1.0784756647308835,36.0,False,False,0.0,negative_control
2026-08-23 17:50:50,7,78.4,23.9,True,76.94392260270271,-1.0244952064753232,33.0,False,False,0.0,negative_control
2026-08-23 17:51:00,5,75.7,25.8,True,76.76707081055244,-0.9091210921561157,32.0,False,False,0.0,negative_control
2026-08-23 17:51:10,3,76.5,23.6,True,76.63473082016091,-0.7202671598629113,28.0,False,False,0.0,negative_control
2026-08-23 17:51:20,4,76.4,24.3,True,76.54151263312951,-0.4800291827849335,24.0,False,False,0.0,negative_control
2026-08-23 17:51:30,3,75.5,27.2,True,76.47187988495303,-0.26979606950442736,21.0,False,False,0.0,negative_control
2026-08-23 17:51:40,2,76.2,22.2,True,76.44756045093538,-0.08667182495083804,20.0,False,False,0.0,negative_control
2026-08-23 17:51:50,4,77.5,22.5,True,76.46450109207363,0.07486425830144768,24.0,False,False,0.0,negative_control
2026-08-23 17:52:00,4,76.4,25.4,True,76.49219191522415,0.1738777179373228,24.0,False,False,0.0,negative_control
2026-08-23 17:52:10,7,75.2,24.2,True,76.53524805757868,0.12329936865799479,22.0,False,False,0.0,negative_control
2026-08-23 17:52:20,4,77.7,29.7,True,76.600845542863,-0.12458622870213347,24.0,False,False,0.0,negative_control
2026-08-23 17:52:30,1,76.9,23.2,True,76.61658395195781,-0.6075219117983227,21.0,False,False,0.0,negative_control
2026-08-23 17:52:40,4,77.4,21.9,True,76.50175301971224,-1.366711246860874,17.0,False,False,0.0,negative_control
2026-08-23 17:52:50,1,78.0,14.8,True,76.2372142574187,-2.225114361162125,12.0,False,False,0.0,negative_control
2026-08-23 17:53:00,0,77.2,7.2,True,75.7788778713616,-3.0722270118475175,10.0,False,False,0.0,negative_control
2026-08-23 17:53:10,2,75.0,11.9,True,75.08368779719811,-3.799234640697949,9.0,True,False,0.0,negative_control
2026-08-23 17:53:20,2,75.0,2.5,True,74.4024456892343,-4.338019471569451,5.0,True,False,0.0,negative_control
2026-08-23 17:53:30,0,72.8,0.0,True,73.62161119614287,-4.539093261988231,4.0,True,False,0.0,baseline
2026-08-23 17:53:40,0,73.9,0.0,True,72.79437856907523,-4.432396881785994,4.0,True,False,0.0,baseline
2026-08-23 17:53:50,0,70.2,0.0,True,71.96620903685347,-4.203719029500457,2.0,True,False,0.0,baseline
2026-08-23 17:54:00,0,70.8,0.0,True,71.33240767744061,-3.8792324440364103,0.0,True,False,0.0,baseline
2026-08-23 17:54:10,0,71.2,0.0,True,70.78734093093452,-3.5405703135307927,0.0,True,False,0.0,baseline
2026-08-23 17:54:20,0,70.3,0.0,True,70.24016433958417,-3.2455746638517247,0.0,True,False,0.0,baseline
2026-08-23 17:54:30,0,69.4,0.0,True,69.6830151381645,-3.009365267671732,0.0,True,False,0.0,baseline
2026-08-23 17:54:40,0,68.8,0.0,True,69.17303512643893,-2.73900246372272,0.0,True,False,0.0,baseline
2026-08-23 17:54:50,0,67.8,0.0,True,68.7252276357865,-2.4322829275369986,0.0,True,False,0.0,baseline
2026-08-23 17:55:00,0,68.1,0.0,True,68.38162475109849,-2.091658164988375,0.0,True,False,0.0,baseline
2026-08-23 17:55:10,0,68.1,0.0,True,68.08495932492688,-1.7675002394616084,0.0,True,False,0.0,baseline
2026-08-23 17:55:20,0,67.3,0.0,True,67.78578711957643,-1.5129256871784331,0.0,True,False,0.0,baseline
2026-08-23 17:55:30,0,66.7,0.0,True,67.56757943415538,-1.374791130377381,0.0,True,False,0.0,baseline
2026-08-23 17:55:40,0,67.9,0.0,True,67.39396832109355,-1.2907884286392146,0.0,True,False,0.0,baseline
2026-08-23 17:55:50,0,67.5,0.0,True,67.2026852615473,-1.2540599888170931,0.0,True,False,0.0,baseline
2026-08-23 17:56:00,0,66.8,0.0,True,66.96184974559226,-1.2370558328454215,0.0,True,False,0.0,baseline
2026-08-23 17:56:10,0,66.8,0.0,True,66.74798918723593,-1.1726562204432058,0.0,True,False,0.0,baseline
2026-08-23 17:56:20,0,66.1,0.0,True,66.52546016008559,-1.0929850257338813,0.0,True,False,0.0,baseline
2026-08-23 17:56:30,0,66.1,0.0,True,66.37384115961618,-1.0776208591230467,0.0,True,False,0.0,baseline
2026-08-23 17:56:40,0,66.7,0.0,True,66.26786235241612,-1.1811458833184234,0.0,True,False,0.0,baseline
2026-08-23 17:56:50,0,68.0,0.0,True,66.08986060395208,-1.2993856975906668,0.0,True,False,0.0,baseline
2026-08-23 17:57:00,0,66.1,0.0,True,65.81016895614671,-1.3984755090803869,0.0,True,False,0.0,baseline
2026-08-23 17:57:10,0,64.7,0.0,True,65.4821721343658,-1.4199302863691978,0.0,True,False,0.0,baseline
2026-08-23 17:57:20,0,64.9,0.0,True,65.25120400164585,-1.331611539957623,0.0,True,False,0.0,baseline
2026-08-23 17:57:30,0,65.0,0.0,True,65.0787698692002,-1.1330851930627903,0.0,True,False,0.0,baseline
2026-08-23 17:57:40,0,66.8,0.0,True,64.91946404828792,-0.8912635212022175,0.0,True,False,0.0,baseline
2026-08-23 17:57:50,0,64.3,0.0,True,64.74673556875696,-0.6872714838277236,0.0,True,False,0.0,baseline
2026-08-23 17:58:00,0,64.2,0.0,True,64.64846301735214,-0.49425326518641405,0.0,True,False,0.0,baseline
2026-08-23 17:58:10,0,65.0,0.0,True,64.60826763550602,-0.3014677335999661,0.0,True,False,0.0,baseline
2026-08-23 17:58:20,0,64.5,0.0,True,64.58611685957756,-0.1589268242801625,0.0,True,False,0.0,baseline
2026-08-23 17:58:30,0,63.6,0.0,True,64.57831889357868,-0.13215943329274019,0.0,True,False,0.0,baseline
2026-08-23 17:58:40,0,64.8,0.0,True,64.58357407650959,-0.19170432880647464,0.0,True,False,0.0,baseline
2026-08-23 17:58:50,0,65.2,0.0,True,64.5527582721921,-0.27962851721650084,0.0,True,False,0.0,baseline
2026-08-23 17:59:00,0,64.6,0.0,True,64.48073551323995,-0.31772888706736724,0.0,True,False,0.0,baseline
2026-08-23 17:59:10,0,64.3,0.0,True,64.38883533982779,-0.24449835714374185,0.0,True,False,0.0,baseline
2026-08-23 17:59:20,0,63.0,0.0,True,64.31174105638694,-0.09058898198216135,0.0,True,False,0.0,baseline
2026-08-23 17:59:30,0,63.8,0.0,True,64.31993694901055,0.08750794380145119,0.0,True,False,0.0,baseline
2026-08-23 17:59:40,0,64.6,0.0,True,64.4147889998026,0.19804666974245932,0.0,True,False,0.0,baseline
2026-08-23 17:59:50,0,65.6,0.0,True,64.47877255056173,0.2344503168310325,0.0,True,False,0.0,baseline
2026-08-23 18:00:00,0,64.3,0.0,True,64.52255152641449,0.23135758815337185,0.0,True,False,0.0,baseline
2026-08-23 18:00:10,0,64.9,0.0,True,64.50342242333632,0.3132530289298597,0.0,True,False,0.0,baseline
2026-08-23 18:00:20,0,63.4,0.0,True,64.51819705748086,0.5973573078613366,0.0,True,False,0.0,baseline
2026-08-23 18:00:30,0,64.1,0.0,True,64.60267120120555,1.1274497095316205,0.0,True,False,0.0,baseline
2026-08-23 18:00:40,0,63.8,0.0,True,64.8209238784645,1.881164681838137,0.0,True,False,0.0,baseline
2026-08-23 18:00:50,0,64.0,0.0,True,65.17599720213418,2.837692815403402,0.0,True,False,0.0,baseline
2026-08-23 18:01:00,0,65.3,0.0,True,65.7270700594929,4.092169751535906,0.0,True,False,0.0,baseline
2026-08-23 18:01:10,0,64.8,0.0,True,66.43265459343375,5.760817836733937,0.0,True,False,0.0,baseline
2026-08-23 18:01:20,0,63.4,0.0,True,67.41034822628023,7.800316513768588,0.0,True,False,0.0,baseline
2026-08-23 18:01:30,0,65.5,0.0,True,68.82309989684008,9.961296514526596,0.0,True,True,39.845186058106385,stress_onset
2026-08-23 18:01:40,0,68.5,0.0,True,70.7897015502066,11.957492601039052,0.0,True,True,47.82997040415621,stress_onset
2026-08-23 18:01:50,0,72.3,0.0,True,73.13792012860755,13.282318406772307,0.0,True,True,53.129273627089226,stress_onset
2026-08-23 18:02:00,0,75.6,0.0,True,75.62579206177642,13.63157823268192,0.0,True,True,54.52631293072767,stress_onset
2026-08-23 18:02:10,0,80.2,0.0,True,78.11796267190802,13.027767764038536,0.0,True,True,52.111071056154145,stress_onset
2026-08-23 18:02:20,0,82.4,0.0,True,80.26312706069095,11.652394779877792,0.0,True,True,46.60957911951117,stress_onset
2026-08-23 18:02:30,0,83.7,0.0,True,82.05214595958904,9.865516163791925,0.0,True,True,39.4620646551677,stress_onset
2026-08-23 18:02:40,0,86.1,0.0,True,83.56652251841864,7.990747384528538,0.0,True,True,31.96298953811415,stress_onset
2026-08-23 18:02:50,0,86.6,0.0,True,84.658652830318,6.237055550305634,0.0,True,False,0.0,stress_onset
2026-08-23 18:03:00,0,85.9,0.0,True,85.51055861393702,4.594301545895585,0.0,True,False,0.0,stress_onset
2026-08-23 18:03:10,0,88.1,0.0,True,86.1808908332122,3.006550180087198,0.0,True,False,0.0,stress_onset
2026-08-23 18:03:20,0,87.9,0.0,True,86.56470485802275,1.4556047966743115,0.0,True,False,0.0,stress_sustained
2026-08-23 18:03:30,0,88.9,0.0,True,86.69263635917042,-0.1705969301499763,0.0,True,False,0.0,stress_sustained
2026-08-23 18:03:40,0,88.4,0.0,True,86.53600725351315,-1.7573743358087648,0.0,True,False,0.0,stress_sustained
2026-08-23 18:03:50,0,87.7,0.0,True,86.06871269010806,-3.1834760355308966,0.0,True,False,0.0,stress_sustained
2026-08-23 18:04:00,0,86.0,0.0,True,85.32953690838764,-4.372299931651015,0.0,True,False,0.0,stress_sustained
2026-08-23 18:04:10,0,83.8,0.0,True,84.47861727806516,-5.307697625903421,0.0,True,False,0.0,stress_sustained
2026-08-23 18:04:20,0,85.3,0.0,True,83.4908005274202,-6.077711591139714,0.0,True,False,0.0,stress_sustained
2026-08-23 18:04:30,0,83.1,0.0,True,82.45145053134527,-6.624963202518328,0.0,True,False,0.0,stress_sustained
2026-08-23 18:04:40,0,82.4,0.0,True,81.30400895716122,-6.940661061935694,0.0,True,False,0.0,stress_sustained
2026-08-23 18:04:50,0,79.3,0.0,True,79.97390220917069,-7.0809929078661344,0.0,True,False,0.0,stress_sustained
2026-08-23 18:05:00,0,78.0,0.0,True,78.75611249604194,-7.119347381298043,0.0,True,False,0.0,recovery
2026-08-23 18:05:10,0,78.0,0.0,True,77.6643415322535,-6.894259751612946,0.0,True,False,0.0,recovery
2026-08-23 18:05:20,0,76.7,0.0,True,76.51662749050732,-6.393215413863325,0.0,True,False,0.0,recovery
2026-08-23 18:05:30,0,73.8,0.0,True,75.33835136384569,-5.811278406995674,0.0,True,False,0.0,recovery
2026-08-23 18:05:40,0,73.2,0.0,True,74.41646713115833,-5.215744944151103,0.0,True,False,0.0,recovery
2026-08-23 18:05:50,0,73.2,0.0,True,73.69732742033068,-4.650216591045989,0.0,True,False,0.0,recovery
2026-08-23 18:06:00,0,74.1,0.0,True,73.06107561289147,-4.277581479305668,0.0,True,False,0.0,recovery
2026-08-23 18:06:10,0,72.7,0.0,True,72.40166974093417,-4.203590899830557,0.0,True,False,0.0,recovery
2026-08-23 18:06:20,0,72.0,0.0,True,71.69254215913256,-4.2373416608033745,0.0,True,False,0.0,recovery
2026-08-23 18:06:30,0,70.9,0.0,True,70.93217160385304,-4.17374460333864,0.0,True,False,0.0,recovery
2026-08-23 18:06:40,0,69.6,0.0,True,70.177162982549,-3.9522002178589033,0.0,True,False,0.0,recovery
2026-08-23 18:06:50,0,68.7,0.0,True,69.51834819166982,-3.6143558686889654,0.0,True,False,0.0,recovery
2026-08-23 18:07:00,0,68.4,0.0,True,68.99592476606892,-3.2181898785862266,0.0,True,False,0.0,recovery
2026-08-23 18:07:10,0,68.9,0.0,True,68.52282213481284,-2.8548174396764145,0.0,True,False,0.0,recovery
2026-08-23 18:07:20,0,67.5,0.0,True,68.0701898593589,-2.570819335950759,0.0,True,False,0.0,recovery
2026-08-23 18:07:30,0,67.8,0.0,True,67.66258922713143,-2.3688625501216514,0.0,True,False,0.0,recovery
2026-08-23 18:07:40,0,67.0,0.0,True,67.28208679942587,-2.201001903598519,0.0,True,False,0.0,recovery
2026-08-23 18:07:50,0,66.9,0.0,True,66.94859883829128,-2.0571177648179875,0.0,True,False,0.0,recovery
2026-08-23 18:08:00,0,66.6,0.0,True,66.62321068353855,-1.8703723011261453,0.0,True,False,0.0,recovery
2026-08-23 18:08:10,0,66.2,0.0,True,66.30169097604224,-1.595355554288647,0.0,True,False,0.0,recovery
2026-08-23 18:08:20,0,64.8,0.0,True,65.99711976455296,-1.221945685546859,0.0,True,False,0.0,recovery
2026-08-23 18:08:30,0,65.2,0.0,True,65.82540184715585,-0.8414791453485689,0.0,True,False,0.0,recovery
2026-08-23 18:08:40,0,65.2,0.0,True,65.75791757095136,-0.5584019865178775,0.0,True,False,0.0,recovery
2026-08-23 18:08:50,0,66.4,0.0,True,65.7834195565721,-0.4326775397258604,0.0,True,False,0.0,recovery
2026-08-23 18:09:00,0,66.2,0.0,True,65.7394914682882,-0.5219231590786158,0.0,True,False,0.0,recovery
2026-08-23 18:09:10,0,65.8,0.0,True,65.61881195805232,-0.7588702573254072,0.0,True,False,0.0,recovery
2026-08-23 18:09:20,0,65.5,0.0,True,65.46793444082516,-0.9722957317930878,0.0,True,False,0.0,recovery
2026-08-23 18:09:30,0,66.0,0.0,True,65.26171266373552,-1.0156276377500895,0.0,True,False,0.0,recovery
2026-08-23 18:09:40,0,64.2,0.0,True,65.01577633060181,-0.9068022452368601,0.0,True,False,0.0,recovery
2026-08-23 18:09:50,0,64.4,0.0,True,64.87246938590172,-0.7062534174059484,0.0,True,False,0.0,recovery
2026-08-23 18:10:00,0,64.7,0.0,True,64.80790733885192,-0.4448420639045844,0.0,True,False,0.0,recovery
2026-08-23 18:10:10,0,64.6,0.0,True,64.77799651494409,-0.2932853401015991,0.0,True,False,0.0,recovery
2026-08-23 18:10:20,0,65.6,0.0,True,64.76108511019362,-0.30846664917267175,0.0,True,False,0.0,recovery
2026-08-23 18:10:30,0,63.6,0.0,True,64.77102122380875,-0.44648763786775514,0.0,True,False,0.0,recovery
2026-08-23 18:10:40,0,66.1,0.0,True,64.64279420805865,-0.6303518043026929,0.0,True,False,0.0,recovery
2026-08-23 18:10:50,0,64.7,0.0,True,64.50503289365166,-0.8228460333595043,0.0,True,False,0.0,recovery
2026-08-23 18:11:00,0,64.3,0.0,True,64.33477706151993,-0.8953384108333582,0.0,True,False,0.0,recovery
2026-08-23 18:11:10,0,62.7,0.0,True,64.17031740630819,-0.813482428207989,0.0,True,False,0.0,recovery
2026-08-23 18:11:20,0,64.4,0.0,True,63.98424398548113,-0.6100639931410778,0.0,True,False,0.0,recovery
2026-08-23 18:11:30,0,63.2,0.0,True,63.928877895567595,-0.3297514616928917,0.0,True,False,0.0,recovery
2026-08-23 18:11:40,0,63.9,0.0,True,63.878324788248655,-0.04368322147922346,0.0,True,False,0.0,recovery
2026-08-23 18:11:50,0,63.2,0.0,True,63.94082581230449,0.21010448182125732,0.0,True,False,0.0,recovery
2026-08-23 18:12:00,0,64.0,0.0,True,64.01013113841107,0.38819531304433486,0.0,True,False,0.0,recovery
2026-08-23 18:12:10,0,64.0,0.0,True,64.08112498758615,0.5774139345367225,0.0,True,False,0.0,recovery
2026-08-23 18:12:20,0,63.9,0.0,True,64.16563966802559,0.7592967832138156,0.0,True,False,0.0,recovery
2026-08-23 18:12:30,0,63.9,0.0,True,64.29442762646929,1.0248719529027477,0.0,True,False,0.0,recovery
2026-08-23 18:12:40,0,64.6,0.0,True,64.48895352265787,1.4148305433135864,0.0,True,False,0.0,recovery
2026-08-23 18:12:50,0,64.2,0.0,True,64.73163833928942,2.0513085099909807,0.0,True,False,0.0,recovery
2026-08-23 18:13:00,0,63.6,0.0,True,65.06292954580253,3.093956942619265,0.0,True,False,0.0,recovery
2026-08-23 18:13:10,0,64.2,0.0,True,65.53804234328274,4.76655057996982,2.0,True,False,0.0,recovery
2026-08-23 18:13:20,0,63.5,0.0,True,66.33616219797672,7.137140742553458,10.0,False,False,0.0,recovery
2026-08-23 18:13:30,2,63.0,6.0,True,67.60697575233348,10.093682933657922,16.0,False,False,0.0,activity
2026-08-23 18:13:40,8,65.8,24.1,True,69.5622852654125,13.36821989941967,26.0,False,False,0.0,activity
2026-08-23 18:13:50,6,68.8,36.2,True,72.14464232272692,16.395793515084705,43.0,False,False,0.0,activity
2026-08-23 18:14:00,10,72.7,58.9,True,75.2844397671625,18.705999383263865,66.0,False,False,0.0,activity
2026-08-23 18:14:10,17,78.8,77.5,True,78.8549771727918,19.898157529606056,79.0,False,False,0.0,activity
2026-08-23 18:14:20,23,83.2,91.9,True,82.43467744055307,20.00667526421594,97.0,False,False,0.0,activity
2026-08-23 18:14:30,15,88.1,99.5,True,85.88682394840652,19.146067447623732,106.0,False,False,0.0,activity
2026-08-23 18:14:40,26,90.5,98.2,True,88.97010778099437,17.46218515801646,125.0,False,False,0.0,activity
2026-08-23 18:14:50,15,94.0,94.7,True,91.79840957708127,15.413667061411958,124.0,False,False,0.0,activity
2026-08-23 18:15:00,29,97.6,100.6,True,94.25977963601505,13.219807760757083,115.0,False,False,0.0,activity
2026-08-23 18:15:10,16,97.8,98.3,True,96.16444630095134,11.107821182133172,116.0,False,False,0.0,activity
2026-08-23 18:15:20,14,99.7,103.1,True,97.79652068271285,9.139995276721956,107.0,False,False,0.0,activity
2026-08-23 18:15:30,16,101.4,100.5,True,99.11134851159315,7.459787631716791,116.0,False,False,0.0,activity
2026-08-23 18:15:40,17,100.5,97.3,True,100.19473442573897,6.119306496759684,100.0,False,False,0.0,activity
2026-08-23 18:15:50,24,102.6,95.1,True,101.07724274417463,5.009424063643498,97.0,False,False,0.0,activity
2026-08-23 18:16:00,13,102.1,95.4,True,101.78929151997269,4.148731355420301,98.0,False,False,0.0,activity
2026-08-23 18:16:10,13,102.7,97.9,True,102.36622221576621,3.4366367302433534,94.0,False,False,0.0,activity
2026-08-23 18:16:20,15,103.3,97.2,True,102.8875232808541,2.8401720362974676,91.0,False,False,0.0,activity
2026-08-23 18:16:30,12,104.1,104.0,True,103.34007822608432,2.345640776972623,82.0,False,False,0.0,activity
2026-08-23 18:16:40,14,104.1,96.4,True,103.66597954232857,1.952763932857527,87.0,False,False,0.0,activity
2026-08-23 18:16:50,15,104.1,100.6,True,103.9195441156276,1.571062029933001,90.0,False,False,0.0,activity
2026-08-23 18:17:00,18,103.5,99.3,True,104.1430327081979,1.186918084378288,87.0,False,False,0.0,activity
2026-08-23 18:17:10,16,105.1,97.3,True,104.37369341880117,0.8505938195533035,86.0,False,False,0.0,activity
2026-08-23 18:17:20,12,105.4,99.7,True,104.48330303253796,0.5488923341776837,84.0,False,False,0.0,activity
2026-08-23 18:17:30,11,104.5,95.2,True,104.49012981836441,0.2993871902126463,86.0,False,False,0.0,activity
2026-08-23 18:17:40,12,104.4,98.4,True,104.49531157391824,0.16049419699735704,89.0,False,False,0.0,activity
2026-08-23 18:17:50,17,107.2,97.6,True,104.49971192512511,0.21263595090069823,92.0,False,False,0.0,activity
2026-08-23 18:18:00,21,104.0,93.5,True,104.52073093051949,0.418074172811315,91.0,False,False,0.0,activity
2026-08-23 18:18:10,19,104.2,98.9,True,104.59520509100045,0.6867628520952755,98.0,False,False,0.0,activity
2026-08-23 18:18:20,11,104.3,99.6,True,104.73554676664814,0.9634834352998972,108.0,False,False,0.0,activity
2026-08-23 18:18:30,18,,95.0,False,104.9484795700705,,106.0,False,False,0.0,activity
2026-08-23 18:18:40,22,,98.4,False,105.19282563517129,,108.0,False,False,0.0,activity
2026-08-23 18:18:50,15,,100.2,False,105.43264263946728,,104.0,False,False,0.0,activity
2026-08-23 18:19:00,23,,98.9,False,105.6312334170078,,111.0,False,False,0.0,activity
2026-08-23 18:19:10,15,106.6,99.4,True,105.74502976404962,0.5576352021564712,109.0,False,False,0.0,activity
2026-08-23 18:19:20,18,106.1,100.0,True,105.79299773843303,0.2560620414096381,94.0,False,False,0.0,activity
2026-08-23 18:19:30,16,104.0,96.3,True,105.78979866922194,-0.0006912552927043728,94.0,False,False,0.0,activity
2026-08-23 18:19:40,7,105.9,97.8,True,105.76823271154782,-0.2397026183533268,94.0,False,False,0.0,activity
2026-08-23 18:19:50,15,106.2,97.6,True,105.72470553913169,-0.43580727494900495,95.0,False,False,0.0,activity
2026-08-23 18:20:00,23,104.2,91.2,True,105.6519626232375,-0.5866893345123457,97.0,False,False,0.0,activity
2026-08-23 18:20:10,16,106.8,101.3,True,105.48788014454954,-0.6210672355420028,100.0,False,False,0.0,activity
2026-08-23 18:20:20,20,105.3,97.0,True,105.3551110232865,-0.47681348535245105,106.0,False,False,0.0,activity
2026-08-23 18:20:30,19,103.6,98.3,True,105.23152707257121,-0.2191715065311411,110.0,False,False,0.0,activity
2026-08-23 18:20:40,13,104.5,92.5,True,105.22986430061779,0.09122760215404833,101.0,False,False,0.0,activity
2026-08-23 18:20:50,19,105.5,95.7,True,105.34984557876733,0.30254559691254057,100.0,False,False,0.0,activity
2026-08-23 18:21:00,14,105.9,100.3,True,105.44480112004474,0.4714307149659859,93.0,False,False,0.0,activity
2026-08-23 18:21:10,15,104.9,99.5,True,105.53055684799628,0.5474590474185435,89.0,False,False,0.0,activity
2026-08-23 18:21:20,13,107.2,97.2,True,105.55473871728051,0.5933019830123066,90.0,False,False,0.0,activity
2026-08-23 18:21:30,15,104.7,98.1,True,105.68804370611149,0.7094571538700422,90.0,False,False,0.0,activity
2026-08-23 18:21:40,14,105.7,98.5,True,105.81935597929437,0.8545694694204251,88.0,False,False,0.0,activity
2026-08-23 18:21:50,19,106.2,102.6,True,105.97056091569297,0.995681458445674,92.0,False,False,0.0,activity
2026-08-23 18:22:00,12,105.6,96.6,True,106.16685933804038,1.0634546429261809,93.0,False,False,0.0,activity
2026-08-23 18:22:10,19,106.5,103.7,True,106.35763431672785,1.0977559821801206,101.0,False,False,0.0,activity
2026-08-23 18:22:20,14,106.4,94.8,True,106.5413483482033,1.0471595089403054,103.0,False,False,0.0,activity
2026-08-23 18:22:30,23,106.9,98.1,True,106.73195377104595,0.8925181919524693,101.0,False,False,0.0,activity
2026-08-23 18:22:40,16,107.6,98.3,True,106.89455148906292,0.668772764099579,111.0,False,False,0.0,activity
2026-08-23 18:22:50,17,107.3,101.2,True,106.98957445525704,0.40648946359664645,107.0,False,False,0.0,activity
2026-08-23 18:23:00,22,107.4,99.4,True,107.01619316399399,0.13338297845509134,108.0,False,False,0.0,activity
2026-08-23 18:23:10,15,105.7,100.2,True,106.99551073339659,-0.11392158170581855,100.0,False,False,0.0,activity
2026-08-23 18:23:20,15,107.1,104.0,True,106.95741342503196,-0.3409273578652964,95.0,False,False,0.0,activity
2026-08-23 18:23:30,15,107.2,96.5,True,106.89555168750599,-0.5104686460499155,90.0,False,False,0.0,activity
2026-08-23 18:23:40,11,105.6,96.7,True,106.79961523123102,-0.7079451847666436,88.0,False,False,0.0,activity
2026-08-23 18:23:50,12,108.4,98.4,True,106.6369479801612,-0.9305554447539888,96.0,False,False,0.0,activity
2026-08-23 18:24:00,20,106.4,94.8,True,106.51377205911824,-1.151115421724124,94.0,False,False,0.0,activity
2026-08-23 18:24:10,23,107.2,97.8,True,106.27622481459498,-1.2706708261244504,101.0,False,False,0.0,activity
2026-08-23 18:24:20,13,106.1,94.4,True,106.01804837250423,-1.2448618444026294,110.0,False,False,0.0,activity
2026-08-23 18:24:30,22,105.0,100.6,True,105.74621332583082,-1.0908155510336042,113.0,False,False,0.0,activity
2026-08-23 18:24:40,20,105.1,97.3,True,105.58208050012922,-0.7650004209320721,109.0,False,False,0.0,activity
2026-08-23 18:24:50,15,105.1,97.9,True,105.49829442444916,-0.4095425038430018,98.0,False,False,0.0,activity
2026-08-23 18:25:00,16,105.6,97.0,True,105.48089075284395,-0.1259130992991607,96.0,False,False,0.0,activity
2026-08-23 18:25:10,12,105.0,99.3,True,105.52696887337937,-0.0061263541623122674,87.0,False,False,0.0,activity
2026-08-23 18:25:20,11,105.8,96.1,True,105.56087513947804,-0.048074953766777395,86.0,False,False,0.0,activity
2026-08-23 18:25:30,13,105.8,101.0,True,105.55492726215638,-0.2480360456656929,94.0,False,False,0.0,activity
2026-08-23 18:25:40,19,105.9,97.9,True,105.50813392852743,-0.610765049937442,94.0,False,False,0.0,activity
2026-08-23 18:25:50,23,105.9,97.5,True,105.39602958298639,-1.1360025149130342,98.0,False,False,0.0,activity
2026-08-23 18:26:00,16,106.0,96.5,True,105.19993016794305,-1.8577165895169665,104.0,False,False,0.0,activity
2026-08-23 18:26:10,16,106.3,96.7,True,104.87048578089022,-2.8033358099927446,101.0,False,False,0.0,activity
2026-08-23 18:26:20,17,105.7,97.3,True,104.35278902398576,-3.880463379753015,98.0,False,False,0.0,activity
2026-08-23 18:26:30,10,105.1,94.8,True,103.61055710441225,-5.1079062747101815,81.0,False,False,0.0,activity
2026-08-23 18:26:40,16,103.4,79.9,True,102.62008470224077,-6.472381167833312,72.0,False,False,0.0,activity
2026-08-23 18:26:50,6,103.3,59.0,True,101.49962641710941,-7.604871969881032,57.0,False,False,0.0,activity
2026-08-23 18:27:00,7,101.9,39.6,True,100.07910586816296,-8.240555719289851,40.0,False,False,0.0,activity
2026-08-23 18:27:10,1,96.9,17.6,True,98.35510296391031,-7.946093993342187,31.0,False,False,0.0,activity
2026-08-23 18:27:20,0,95.2,5.1,True,96.87361722030937,-6.56526698057058,18.0,False,False,0.0,activity
2026-08-23 18:27:30,1,91.2,5.5,True,95.67106768009332,-4.046508274084529,18.0,False,False,0.0,activity
2026-08-23 18:27:40,3,89.9,15.0,True,95.2136960865595,-0.6021676132792005,16.0,False,False,0.0,activity
2026-08-23 18:27:50,6,91.5,34.3,True,95.42527384078556,3.148954635789137,25.0,False,False,0.0,activity
2026-08-23 18:28:00,5,91.9,56.4,True,96.29106390180922,6.621331228917587,45.0,False,False,0.0,activity
2026-08-23 18:28:10,10,95.2,71.5,True,97.88869794646776,9.229405884008507,56.0,False,False,0.0,activity
2026-08-23 18:28:20,20,99.8,83.0,True,99.93444831553757,10.725714853100868,65.0,False,False,0.0,activity
2026-08-23 18:28:30,12,102.6,92.8,True,102.00260673719697,11.202500107233867,68.0,False,False,0.0,activity
2026-08-23 18:28:40,12,105.9,88.2,True,103.97119961505587,10.785654426858247,72.0,False,False,0.0,activity
2026-08-23 18:28:50,9,105.9,87.7,True,105.61832576209072,9.873560674768552,80.0,False,False,0.0,activity
2026-08-23 18:29:00,9,108.5,88.1,True,107.21850620280736,8.892774654187917,70.0,False,False,0.0,activity
2026-08-23 18:29:10,18,110.2,88.6,True,108.6051043439919,7.879832028352919,72.0,False,False,0.0,activity
2026-08-23 18:29:20,10,109.7,88.6,True,109.80921987584173,6.869480454862479,78.0,False,False,0.0,activity
2026-08-23 18:29:30,14,112.6,87.9,True,110.94820538699852,5.800470861944379,79.0,False,False,0.0,activity
2026-08-23 18:29:40,18,113.7,89.8,True,111.8118917959884,4.85892069839798,82.0,False,False,0.0,activity
2026-08-23 18:29:50,10,113.1,81.2,True,112.46089350430967,4.062904936965553,83.0,False,False,0.0,activity
2026-08-23 18:30:00,12,112.4,85.7,True,113.00337746334921,3.4404685697893167,87.0,False,False,0.0,activity
2026-08-23 18:30:10,19,114.1,89.6,True,113.52975766628028,2.962872202339895,86.0,False,False,0.0,activity
2026-08-23 18:30:20,14,113.8,89.2,True,114.01109748025804,2.4362307257566704,78.0,False,False,0.0,activity
2026-08-23 18:30:30,13,115.7,90.5,True,114.47762020761216,1.712056274894814,79.0,False,False,0.0,activity
2026-08-23 18:30:40,10,116.1,86.3,True,114.7404129695683,0.9839388222297409,80.0,False,False,0.0,activity
2026-08-23 18:30:50,11,116.7,85.4,True,114.77660789311913,0.4626683161267965,74.0,False,False,0.0,activity
2026-08-23 18:31:00,13,113.3,86.7,True,114.59223746552316,0.22565205318786485,75.0,False,False,0.0,activity
2026-08-23 18:31:10,13,113.6,88.1,True,114.5732399488477,0.3655301800659918,73.0,False,False,0.0,activity
2026-08-23 18:31:20,15,114.4,86.3,True,114.71644909031353,0.7913300036218033,81.0,False,False,0.0,activity
2026-08-23 18:31:30,11,114.5,85.3,True,114.91239974683161,1.1668753039717503,89.0,False,False,0.0,activity
2026-08-23 18:31:40,18,114.8,96.0,True,115.17708369448829,1.169042678793196,93.0,False,False,0.0,activity
2026-08-23 18:31:50,19,117.6,91.8,True,115.50461492455966,0.8231933572230511,88.0,False,False,0.0,activity
2026-08-23 18:32:00,17,116.7,93.1,True,115.63291530872432,0.2716857856663018,83.0,False,False,0.0,activity
2026-08-23 18:32:10,8,114.0,85.8,True,115.58336824434302,-0.4166836787555652,82.0,False,False,0.0,activity
2026-08-23 18:32:20,10,116.4,85.9,True,115.39771588735222,-1.110214708684281,77.0,False,False,0.0,activity
2026-08-23 18:32:30,10,115.7,84.7,True,115.16168284492012,-1.5887815233936977,74.0,False,False,0.0,activity
2026-08-23 18:32:40,13,115.2,88.3,True,114.83593027664136,-1.8892881158115633,67.0,False,False,0.0,activity
2026-08-23 18:32:50,16,113.1,86.8,True,114.44949942113617,-2.108247489436099,73.0,False,False,0.0,activity
2026-08-23 18:33:00,10,114.2,85.5,True,114.10465180248698,-2.3642957303475844,79.0,False,False,0.0,activity
2026-08-23 18:33:10,14,114.5,87.6,True,113.74391281758562,-2.5608218310788766,85.0,False,False,0.0,activity
2026-08-23 18:33:20,16,112.2,87.7,True,113.30715930228186,-2.8020087131804363,88.0,False,False,0.0,activity
2026-08-23 18:33:30,16,114.1,86.3,True,112.73826567069173,-3.1280541903358463,86.0,False,False,0.0,activity
2026-08-23 18:33:40,16,112.1,86.0,True,112.25908298421689,-3.475442032547202,94.0,False,False,0.0,activity
2026-08-23 18:33:50,14,113.0,91.0,True,111.65641412844485,-3.8342130706592594,95.0,False,False,0.0,activity
2026-08-23 18:34:00,18,110.3,86.5,True,110.97981429408028,-4.317733906262127,93.0,False,False,0.0,activity
2026-08-23 18:34:10,15,111.3,90.0,True,110.24985017539576,-5.00659134528961,93.0,False,False,0.0,activity
2026-08-23 18:34:20,14,110.8,88.8,True,109.42819441927719,-5.840594960912955,99.0,False,False,0.0,activity
2026-08-23 18:34:30,16,109.3,87.9,True,108.3779043997048,-6.79088821287891,96.0,False,False,0.0,activity
2026-08-23 18:34:40,22,108.6,74.1,True,107.17393178008322,-7.826567595562756,85.0,False,False,0.0,activity
2026-08-23 18:34:50,11,106.4,49.7,True,105.73228112380883,-8.827389196554654,72.0,False,False,0.0,activity
2026-08-23 18:35:00,7,105.2,31.5,True,104.17934398816925,-9.603013758877067,58.0,False,False,0.0,activity
2026-08-23 18:35:10,2,103.0,16.0,True,102.45629751722453,-9.925569185774211,44.0,False,False,0.0,activity
2026-08-23 18:35:20,0,100.3,2.3,True,100.64263396581723,-9.48810042934798,23.0,False,False,0.0,activity
2026-08-23 18:35:30,2,96.8,8.1,True,98.88607607537945,-8.128410315908292,19.0,False,False,0.0,activity
2026-08-23 18:35:40,1,94.1,19.7,True,97.47719753083825,-5.7913123979771,28.0,False,False,0.0,activity
2026-08-23 18:35:50,7,92.1,38.9,True,96.63118524143675,-2.8194332130420796,47.0,False,False,0.0,activity
2026-08-23 18:36:00,16,92.5,63.6,True,96.47370382560806,0.26468329352880604,55.0,False,False,0.0,activity
2026-08-23 18:36:10,21,94.7,84.0,True,96.97850638071402,2.8643422537830756,76.0,False,False,0.0,activity
2026-08-23 18:36:20,8,96.8,93.7,True,97.86305999927231,4.612820161096446,88.0,False,False,0.0,activity
2026-08-23 18:36:30,23,99.2,100.9,True,98.92479028437599,5.50153000002114,98.0,False,False,0.0,activity
2026-08-23 18:36:40,13,100.6,98.6,True,99.94065228354232,5.707161505616045,100.0,False,False,0.0,activity
2026-08-23 18:36:50,17,102.1,97.3,True,100.84662299663236,5.592558024051745,92.0,False,False,0.0,activity
2026-08-23 18:37:00,18,100.8,95.6,True,101.76036420916112,5.3171904036389375,101.0,False,False,0.0,activity
2026-08-23 18:37:10,13,102.5,97.1,True,102.61749945655006,4.928021183832649,96.0,False,False,0.0,activity
2026-08-23 18:37:20,17,105.5,99.2,True,103.49421794669735,4.442331685141356,98.0,False,False,0.0,activity
2026-08-23 18:37:30,18,104.3,102.6,True,104.23663942796084,3.8577450863545995,88.0,False,False,0.0,activity
2026-08-23 18:37:40,15,106.1,99.8,True,104.76850081388447,3.3018302876745906,90.0,False,False,0.0,activity
2026-08-23 18:37:50,7,105.3,97.7,True,105.21177900212219,2.728363394083222,93.0,False,False,0.0,activity
2026-08-23 18:38:00,20,105.5,98.6,True,105.60702035738025,2.20605230426765,86.0,False,False,0.0,activity
2026-08-23 18:38:10,16,108.0,101.8,True,106.02009843886836,1.7371308842109825,81.0,False,False,0.0,activity
2026-08-23 18:38:20,10,107.0,95.5,True,106.26985959350118,1.3148741353323508,86.0,False,False,0.0,activity
2026-08-23 18:38:30,13,106.8,102.5,True,106.39793068038419,0.9939059328186666,100.0,False,False,0.0,activity
2026-08-23 18:38:40,20,106.2,101.4,True,106.4589902139979,0.7635887191081163,94.0,False,False,0.0,activity
2026-08-23 18:38:50,21,106.1,101.0,True,106.5632147832779,0.6819648633441857,87.0,False,False,0.0,activity
2026-08-23 18:39:00,14,107.0,102.2,True,106.7279751497709,0.671144675280504,97.0,False,False,0.0,activity
2026-08-23 18:39:10,9,108.2,99.3,True,106.8473980412257,0.6650390759540781,105.0,False,False,0.0,activity
2026-08-23 18:39:20,20,106.9,96.4,True,106.94138727288478,0.594773322620014,99.0,False,False,0.0,activity
2026-08-23 18:39:30,21,107.0,103.0,True,107.02560771669133,0.4629221706750112,97.0,False,False,0.0,activity
2026-08-23 18:39:40,14,107.3,95.1,True,107.11409611327976,0.276081856699684,102.0,False,False,0.0,activity
2026-08-23 18:39:50,19,107.8,100.1,True,107.17160052874813,-0.15403052877804946,111.0,False,False,0.0,activity
2026-08-23 18:40:00,19,107.5,101.5,True,107.17437169900785,-0.9848146690521065,107.0,False,False,0.0,activity
2026-08-23 18:40:10,18,109.0,101.7,True,107.07287148576889,-2.2618774446443584,101.0,False,False,0.0,activity
2026-08-23 18:40:20,16,109.2,97.0,True,106.65018318682473,-3.9409197943439813,100.0,False,False,0.0,activity
2026-08-23 18:40:30,15,108.0,95.7,True,105.83585875235136,-5.858924966910444,93.0,False,False,0.0,activity
2026-08-23 18:40:40,13,106.8,80.3,True,104.66084410993652,-7.835560491104825,81.0,False,False,0.0,activity
2026-08-23 18:40:50,12,104.6,57.8,True,103.12930348584443,-9.553837049530935,65.0,False,False,0.0,activity
2026-08-23 18:41:00,7,102.9,39.8,True,101.35264677605974,-10.957276925735973,51.0,False,False,0.0,activity
2026-08-23 18:41:10,2,99.6,19.1,True,99.318097862285,-12.047643908611262,36.0,False,False,0.0,activity
2026-08-23 18:41:20,2,98.1,5.8,True,97.23656525889109,-12.663808685778882,23.0,False,False,0.0,activity
2026-08-23 18:41:30,0,95.5,0.0,True,95.01112686531236,-12.926322529623906,11.0,False,False,0.0,recovery
2026-08-23 18:41:40,0,91.3,0.0,True,92.70420961595235,-12.80393774745384,4.0,True,False,0.0,recovery
2026-08-23 18:41:50,0,90.7,0.0,True,90.6313273025844,-12.476256875573695,2.0,True,False,0.0,recovery
2026-08-23 18:42:00,0,87.4,0.0,True,88.54699953964717,-11.988666435336764,0.0,True,False,0.0,recovery
2026-08-23 18:42:10,0,86.5,0.0,True,86.65383836665114,-11.352758496227374,0.0,True,False,0.0,recovery
2026-08-23 18:42:20,0,84.5,0.0,True,84.78631692143028,-10.683976973155866,0.0,True,False,0.0,recovery
2026-08-23 18:42:30,0,81.4,0.0,True,82.96651496311448,-10.017286850372226,0.0,True,False,0.0,recovery
2026-08-23 18:42:40,0,80.4,0.0,True,81.40779883198441,-9.38085882169823,0.0,True,False,0.0,recovery
2026-08-23 18:42:50,0,80.5,0.0,True,80.00038250618506,-8.668621549021527,0.0,True,False,0.0,recovery
2026-08-23 18:43:00,0,77.5,0.0,True,78.52636326474989,-7.894011677372204,0.0,True,False,0.0,recovery
2026-08-23 18:43:10,0,76.2,0.0,True,77.22340456743969,-7.156498990046803,0.0,True,False,0.0,recovery
2026-08-23 18:43:20,0,74.9,0.0,True,76.0910132980361,-6.386736134395844,0.0,True,False,0.0,recovery
2026-08-23 18:43:30,0,74.6,0.0,True,75.15712424497187,-5.599286444001322,0.0,True,False,0.0,recovery
2026-08-23 18:43:40,0,73.8,0.0,True,74.31608923273626,-5.048622589511769,0.0,True,False,0.0,recovery
2026-08-23 18:43:50,0,73.3,0.0,True,73.56106909262337,-4.6965386904170225,0.0,True,False,0.0,recovery
2026-08-23 18:44:00,0,73.3,0.0,True,72.8495604679477,-4.473639811153662,0.0,True,False,0.0,recovery
2026-08-23 18:44:10,0,71.7,0.0,True,72.06297858792996,-4.314204709939696,0.0,True,False,0.0,recovery
2026-08-23 18:44:20,0,70.7,0.0,True,71.3368931392339,-4.109518012763285,0.0,True,False,0.0,recovery
2026-08-23 18:44:30,0,70.9,0.0,True,70.68362321374347,-3.8218938415236,0.0,True,False,0.0,recovery
2026-08-23 18:44:40,0,69.1,0.0,True,70.02762382387697,-3.4926805486330745,0.0,True,False,0.0,recovery
2026-08-23 18:44:50,0,69.2,0.0,True,69.50956173798994,-3.227723537657581,0.0,True,False,0.0,recovery
2026-08-23 18:45:00,0,69.5,0.0,True,69.04309327510123,-3.000720449625007,0.0,True,False,0.0,recovery
2026-08-23 18:45:10,0,67.3,0.0,True,68.55047369139605,-2.8202660079584883,0.0,True,False,0.0,recovery
2026-08-23 18:45:20,0,68.5,0.0,True,68.06626638959021,-2.670570186665977,0.0,True,False,0.0,recovery
2026-08-23 18:45:30,0,67.7,0.0,True,67.6431034860494,-2.473112253627301,0.0,True,False,0.0,recovery
2026-08-23 18:45:40,0,66.6,0.0,True,67.21045783018349,-2.1699825533360158,0.0,True,False,0.0,recovery
2026-08-23 18:45:50,0,65.9,0.0,True,66.87955514601482,-1.7999451833626214,0.0,True,False,0.0,recovery
2026-08-23 18:46:00,0,67.3,0.0,True,66.59524498618195,-1.4048986772829815,0.0,True,False,0.0,recovery
2026-08-23 18:46:10,0,66.0,0.0,True,66.41014232404608,-1.083287665036217,0.0,True,False,0.0,recovery
2026-08-23 18:46:20,0,65.9,0.0,True,66.29339671591788,-0.9779388826764337,0.0,True,False,0.0,recovery
2026-08-23 18:46:30,0,67.5,0.0,True,66.22555056044266,-1.0034370569531812,0.0,True,False,0.0,recovery
2026-08-23 18:46:40,0,66.8,0.0,True,66.06196283170786,-1.1354604550078322,0.0,True,False,0.0,recovery
2026-08-23 18:46:50,0,65.5,0.0,True,65.7753689082577,-1.1710129765161508,0.0,True,False,0.0,recovery
2026-08-23 18:47:00,0,63.9,0.0,True,65.5346698028505,-1.0767343274438173,0.0,True,False,0.0,recovery
2026-08-23 18:47:10,0,66.9,0.0,True,65.29974899791837,-0.8261971138978109,0.0,True,False,0.0,recovery
2026-08-23 18:47:20,0,64.1,0.0,True,65.26478635930597,-0.5633594193347683,0.0,True,False,0.0,recovery
2026-08-23 18:47:30,0,65.2,0.0,True,65.24062144724455,-0.46941496132750365,0.0,True,False,0.0,recovery
2026-08-23 18:47:40,0,66.1,0.0,True,65.22322677639056,-0.5322777587795715,0.0,True,False,0.0,recovery
2026-08-23 18:47:50,0,65.7,0.0,True,65.12636990160165,-0.7731392303139425,0.0,True,False,0.0,recovery
2026-08-23 18:48:00,0,65.0,0.0,True,64.93390801041302,-0.9678572402339543,0.0,True,False,0.0,recovery
2026-08-23 18:48:10,0,64.9,0.0,True,64.73043078762655,-1.0345990759072297,0.0,True,False,0.0,recovery
2026-08-23 18:48:20,0,64.0,0.0,True,64.49869202944448,-0.9166312337555013,0.0,True,False,0.0,recovery
2026-08-23 18:48:30,0,63.9,0.0,True,64.35006860950317,-0.6550066924677765,0.0,True,False,0.0,recovery
2026-08-23 18:48:40,0,62.7,0.0,True,64.27645662447905,-0.3275499332579943,0.0,True,False,0.0,recovery
2026-08-23 18:48:50,0,64.4,0.0,True,64.26558741020143,0.03817231326595102,0.0,True,False,0.0,recovery
2026-08-23 18:49:00,0,64.0,0.0,True,64.29898276429071,0.35668518342947053,0.0,True,False,0.0,recovery
2026-08-23 18:49:10,0,61.7,0.0,True,64.3822085790951,0.5596455841645778,0.0,True,False,0.0,recovery
2026-08-23 18:49:20,0,66.5,0.0,True,64.52913582374869,0.6165945346414178,0.0,True,False,0.0,recovery
2026-08-23 18:49:30,0,64.4,0.0,True,64.69758570569371,0.5191663837489758,0.0,True,False,0.0,recovery
2026-08-23 18:49:40,0,65.2,0.0,True,64.78229987192101,0.2761231063385202,0.0,True,False,0.0,recovery
2026-08-23 18:49:50,0,65.2,0.0,True,64.79739735013514,0.06124320379401195,0.0,True,False,0.0,recovery
2026-08-23 18:50:00,0,65.1,0.0,True,64.74539438670512,0.04228478759614423,0.0,True,False,0.0,recovery
2026-08-23 18:50:10,0,63.3,0.0,True,64.63429048772595,0.2982309788547907,0.0,True,False,0.0,recovery
2026-08-23 18:50:20,0,63.7,0.0,True,64.67890167003442,0.7681680475416373,0.0,True,False,0.0,recovery
2026-08-23 18:50:30,0,65.6,0.0,True,64.88666313068197,1.4768474098663877,0.0,True,False,0.0,recovery
2026-08-23 18:50:40,0,64.2,0.0,True,65.20886844644316,2.45309657859745,0.0,True,False,0.0,recovery
2026-08-23 18:50:50,0,64.8,0.0,True,65.59921850327822,3.7489094628090593,0.0,True,False,0.0,recovery
2026-08-23 18:51:00,0,64.2,0.0,True,66.22277164399297,5.465969162250763,0.0,True,False,0.0,recovery
2026-08-23 18:51:10,0,64.2,0.0,True,67.18345339203988,7.819023722067617,2.0,True,False,0.0,recovery
2026-08-23 18:51:20,0,65.8,0.0,True,68.64137737209343,10.885963187943364,8.0,True,False,0.0,recovery
2026-08-23 18:51:30,2,66.1,11.7,True,70.57286424749589,14.738658423238256,17.0,False,False,0.0,negative_control
2026-08-23 18:51:40,6,68.5,30.5,True,73.24982849748099,19.015653871930006,34.0,False,False,0.0,negative_control
2026-08-23 18:51:50,9,70.3,54.8,True,76.71843083037957,23.10121068022915,52.0,False,False,0.0,negative_control
2026-08-23 18:52:00,17,78.2,88.8,True,81.25677163500808,26.38339783999507,79.0,False,False,0.0,negative_control
2026-08-23 18:52:10,18,85.9,117.8,True,86.30457437880459,28.30924654452209,98.0,False,False,0.0,negative_control
2026-08-23 18:52:20,27,92.8,136.1,True,91.4198061857352,28.4925887207552,113.0,False,False,0.0,negative_control
2026-08-23 18:52:30,21,98.4,142.8,True,96.30500569028834,26.93540996949515,117.0,False,False,0.0,negative_control
2026-08-23 18:52:40,21,105.2,147.9,True,100.84103947655619,24.163894784579547,122.0,False,False,0.0,negative_control
2026-08-23 18:52:50,13,108.7,146.8,True,104.65057984225007,20.608981111379595,135.0,False,False,0.0,negative_control
2026-08-23 18:53:00,22,112.1,146.2,True,107.78521684831895,16.5638976234096,128.0,False,False,0.0,negative_control
2026-08-23 18:53:10,31,114.5,144.2,True,110.20072332910766,12.2258923107698,123.0,False,False,0.0,negative_control
2026-08-23 18:53:20,20,116.4,145.6,True,111.89968369808096,7.696964288020231,122.0,False,False,0.0,negative_control
2026-08-23 18:53:30,16,118.8,136.2,True,112.84859135006776,2.929435075178826,120.0,False,False,0.0,negative_control
2026-08-23 18:53:40,20,117.5,117.7,True,113.02226422706585,-1.8712835298946555,103.0,False,False,0.0,negative_control
2026-08-23 18:53:50,11,118.7,90.2,True,112.2496478085749,-6.451739866141035,76.0,False,False,0.0,negative_control
2026-08-23 18:54:00,5,114.2,52.3,True,110.60197269151311,-10.550343322934715,58.0,False,False,0.0,negative_control
2026-08-23 18:54:10,4,111.0,25.0,True,108.35462635637016,-13.675194476407963,42.0,False,False,0.0,negative_control
2026-08-23 18:54:20,2,107.7,5.6,True,105.66638441395556,-15.689958994996811,22.0,False,False,0.0,negative_control
2026-08-23 18:54:30,0,101.5,0.0,True,102.63920654053354,-16.76257382227557,11.0,False,False,0.0,recovery
2026-08-23 18:54:40,0,99.9,0.0,True,99.8018964238671,-17.111093810409745,6.0,True,False,0.0,recovery
2026-08-23 18:54:50,0,97.0,0.0,True,96.94823571117851,-16.840034195516946,2.0,True,False,0.0,recovery
2026-08-23 18:55:00,0,93.3,0.0,True,94.08594761701968,-16.14350408940075,0.0,True,False,0.0,recovery
2026-08-23 18:55:10,0,89.7,0.0,True,91.35465079236413,-15.444700855327522,0.0,True,False,0.0,recovery
2026-08-23 18:55:20,0,87.6,0.0,True,88.89912909976925,-14.537871573332673,0.0,True,False,0.0,recovery
2026-08-23 18:55:30,0,87.0,0.0,True,86.66012892380259,-13.514735172607551,0.0,True,False,0.0,recovery
2026-08-23 18:55:40,0,82.5,0.0,True,84.36448356846968,-12.404768919697958,0.0,True,False,0.0,recovery
2026-08-23 18:55:50,0,81.4,0.0,True,82.37958547454838,-11.337264153404668,0.0,True,False,0.0,recovery
2026-08-23 18:56:00,0,78.7,0.0,True,80.55795162638513,-10.287874841250227,0.0,True,False,0.0,recovery
2026-08-23 18:56:10,0,78.6,0.0,True,79.0459763826194,-9.153131335970802,0.0,True,False,0.0,recovery
2026-08-23 18:56:20,0,77.0,0.0,True,77.60833053595691,-8.122481148591248,0.0,True,False,0.0,recovery
2026-08-23 18:56:30,0,74.8,0.0,True,76.2720731119539,-7.206292105024509,0.0,True,False,0.0,recovery
2026-08-23 18:56:40,0,74.1,0.0,True,75.18116120660987,-6.416151745628508,0.0,True,False,0.0,recovery
2026-08-23 18:56:50,0,74.2,0.0,True,74.25377616903415,-5.713227153361054,0.0,True,False,0.0,recovery
2026-08-23 18:57:00,0,72.6,0.0,True,73.35202049296412,-5.126792800939473,0.0,True,False,0.0,recovery
2026-08-23 18:57:10,0,72.6,0.0,True,72.57560156572143,-4.730538201055399,0.0,True,False,0.0,recovery
2026-08-23 18:57:20,0,71.2,0.0,True,71.79511623276565,-4.386992348966259,0.0,True,False,0.0,recovery
2026-08-23 18:57:30,0,71.1,0.0,True,71.11381693860415,-4.028183316942905,0.0,True,False,0.0,recovery
2026-08-23 18:57:40,0,69.8,0.0,True,70.43482046754333,-3.7157381710766937,0.0,True,False,0.0,recovery
2026-08-23 18:57:50,0,69.5,0.0,True,69.86162740773973,-3.3797255775327755,0.0,True,False,0.0,recovery
2026-08-23 18:58:00,0,67.7,0.0,True,69.34870558255942,-3.1284291516728793,0.0,True,False,0.0,recovery
2026-08-23 18:58:10,0,69.3,0.0,True,68.84390135447234,-2.9913947272822554,0.0,True,False,0.0,recovery
2026-08-23 18:58:20,0,68.4,0.0,True,68.41308068546398,-2.910068947914847,0.0,True,False,0.0,recovery
2026-08-23 18:58:30,0,68.7,0.0,True,67.93444013069961,-2.810183231295143,0.0,True,False,0.0,recovery
2026-08-23 18:58:40,0,66.6,0.0,True,67.37820626438518,-2.5893756722722365,0.0,True,False,0.0,recovery
2026-08-23 18:58:50,0,65.7,0.0,True,66.95167344213495,-2.3072735824375554,0.0,True,False,0.0,recovery
2026-08-23 18:59:00,0,68.4,0.0,True,66.58375286024052,-1.924002803961503,0.0,True,False,0.0,recovery
2026-08-23 18:59:10,0,65.5,0.0,True,66.36312442171952,-1.5185420166218837,0.0,True,False,0.0,recovery
2026-08-23 18:59:20,0,66.4,0.0,True,66.13635005348509,-1.2054572796716054,0.0,True,False,0.0,recovery
2026-08-23 18:59:30,0,65.8,0.0,True,65.96563402749817,-0.9575678036189493,0.0,True,False,0.0,recovery
2026-08-23 18:59:40,0,65.6,0.0,True,65.82252367276094,-0.8157015329313334,0.0,True,False,0.0,recovery
2026-08-23 18:59:50,0,63.8,0.0,True,65.7165005968172,-0.738356946303684,0.0,True,False,0.0,recovery
2026-08-23 19:00:00,0,65.8,0.0,True,65.62989428700966,-0.7162147078694938,0.0,True,False,0.0,recovery
2026-08-23 19:00:10,0,65.9,0.0,True,65.51493702503707,-0.7098701588421157,0.0,True,False,0.0,recovery
2026-08-23 19:00:20,0,65.1,0.0,True,65.35246926723731,-0.6539801600979441,0.0,True,False,0.0,recovery
2026-08-23 19:00:30,0,64.1,0.0,True,65.23207972064377,-0.5642297118462729,0.0,True,False,0.0,recovery
2026-08-23 19:00:40,0,66.5,0.0,True,65.13370346082418,-0.43994612033087027,0.0,True,False,0.0,recovery
2026-08-23 19:00:50,0,64.6,0.0,True,65.12427777780862,-0.34255831077535553,0.0,True,False,0.0,recovery
2026-08-23 19:01:00,0,65.3,0.0,True,65.08556505776116,-0.34512069587286776,0.0,True,False,0.0,recovery
2026-08-23 19:01:10,0,65.1,0.0,True,65.04444651400722,-0.4587746255206002,0.0,True,False,0.0,recovery
2026-08-23 19:01:20,0,65.6,0.0,True,64.96073572258781,-0.5596052784693687,0.0,True,False,0.0,recovery
2026-08-23 19:01:30,0,65.2,0.0,True,64.8371475515997,-0.4965606206868308,0.0,True,False,0.0,recovery
2026-08-23 19:01:40,0,62.6,0.0,True,64.65308397254488,-0.32699035206637134,0.0,True,False,0.0,recovery
2026-08-23 19:01:50,0,63.8,0.0,True,64.61120105558086,-0.07977561831410528,0.0,True,False,0.0,recovery
2026-08-23 19:02:00,0,64.8,0.0,True,64.70451831454699,0.20057175048105502,0.0,True,False,0.0,recovery
2026-08-23 19:02:10,0,65.3,0.0,True,64.78192195927093,0.5214906014992525,0.0,True,False,0.0,recovery
2026-08-23 19:02:20,0,63.9,0.0,True,64.8563125972067,0.8078959813387631,0.0,True,False,0.0,recovery
2026-08-23 19:02:30,0,64.7,0.0,True,64.9567553346769,1.1503792628299845,0.0,True,False,0.0,recovery
2026-08-23 19:02:40,0,64.2,0.0,True,65.18332396125992,1.6845924214595607,0.0,True,False,0.0,recovery
2026-08-23 19:02:50,0,65.5,0.0,True,65.49044658138624,2.47099955509432,0.0,True,False,0.0,recovery
2026-08-23 19:03:00,0,64.8,0.0,True,65.91264363174359,3.622811376482909,0.0,True,False,0.0,recovery
2026-08-23 19:03:10,0,64.4,0.0,True,66.52028128739155,5.303425093951997,2.0,True,False,0.0,recovery
2026-08-23 19:03:20,0,64.9,0.0,True,67.4146324909381,7.735800136603571,4.0,True,False,0.0,recovery
2026-08-23 19:03:30,2,64.7,8.0,True,68.76142244297432,10.946760916308126,13.0,False,False,0.0,activity
2026-08-23 19:03:40,2,65.9,11.3,True,70.75178280217293,14.646467563016419,25.0,False,False,0.0,activity
2026-08-23 19:03:50,9,68.8,40.8,True,73.55077362840034,18.319394994036998,38.0,False,False,0.0,activity
2026-08-23 19:04:00,12,74.2,67.4,True,77.14156005936113,21.341983495492336,57.0,False,False,0.0,activity
2026-08-23 19:04:10,13,80.2,92.6,True,81.22260650021543,23.05728353191071,70.0,False,False,0.0,activity
2026-08-23 19:04:20,19,86.3,106.4,True,85.47408735777232,23.322607014123747,86.0,False,False,0.0,activity
2026-08-23 19:04:30,15,92.9,113.7,True,89.58791610829125,22.221460236786,93.0,False,False,0.0,activity
2026-08-23 19:04:40,18,95.2,108.8,True,93.14973087685873,20.323890165579265,99.0,False,False,0.0,activity
2026-08-23 19:04:50,16,99.6,110.9,True,96.36983412490265,17.949349407683375,107.0,False,False,0.0,activity
2026-08-23 19:05:00,18,100.3,112.8,True,99.05157639376368,15.473509741544248,115.0,False,False,0.0,activity
2026-08-23 19:05:10,21,105.6,117.3,True,101.52524806158532,13.15158836566251,127.0,False,False,0.0,activity
2026-08-23 19:05:20,27,104.7,112.7,True,103.46979440633784,11.003741241200732,137.0,False,False,0.0,activity
2026-08-23 19:05:30,27,106.9,110.4,True,105.05930648547998,9.096993847415295,140.0,False,False,0.0,activity
2026-08-23 19:05:40,28,107.4,109.3,True,106.34203631220211,7.402840666294343,142.0,False,False,0.0,activity
2026-08-23 19:05:50,19,109.0,112.8,True,107.4484388576246,6.163922834317712,144.0,False,False,0.0,activity
2026-08-23 19:06:00,20,109.0,113.3,True,108.29624787931785,5.177325474727397,132.0,False,False,0.0,activity
2026-08-23 19:06:10,23,108.6,115.3,True,109.0267648808974,4.375044265686898,119.0,False,False,0.0,activity
2026-08-23 19:06:20,15,110.9,109.2,True,109.76174269595985,3.669794243784709,116.0,False,False,0.0,activity
2026-08-23 19:06:30,14,110.9,112.8,True,110.30701096034893,3.0797480244180915,118.0,False,False,0.0,activity
2026-08-23 19:06:40,25,111.4,115.4,True,110.7534477181295,2.470850285311653,114.0,False,False,0.0,activity
2026-08-23 19:06:50,21,112.5,111.8,True,111.09212576226497,1.8737609270905082,119.0,False,False,0.0,activity
2026-08-23 19:07:00,16,111.2,114.8,True,111.37949143344461,1.4175364852892383,118.0,False,False,0.0,activity
2026-08-23 19:07:10,28,112.2,109.1,True,111.530105676865,1.0797109815123758,125.0,False,False,0.0,activity
2026-08-23 19:07:20,14,111.7,109.8,True,111.65240419976288,0.8325515937018793,124.0,False,False,0.0,activity
2026-08-23 19:07:30,21,109.9,110.1,True,111.76677008928792,0.606293661984582,122.0,False,False,0.0,activity
2026-08-23 19:07:40,24,112.5,112.8,True,111.89226432702758,0.406084673931411,123.0,False,False,0.0,activity
2026-08-23 19:07:50,19,112.2,111.2,True,111.9664692859385,0.14498503629540302,111.0,False,False,0.0,activity
2026-08-23 19:08:00,17,113.0,113.4,True,111.95175245917251,-0.0705218571961111,117.0,False,False,0.0,activity
2026-08-23 19:08:10,16,109.8,110.4,True,111.89566104226859,-0.2549252506964648,113.0,False,False,0.0,activity
2026-08-23 19:08:20,20,112.3,111.8,True,111.77217979907608,-0.2961019002652505,106.0,False,False,0.0,activity
2026-08-23 19:08:30,17,111.1,112.3,True,111.76072852239626,-0.2580574379734478,95.0,False,False,0.0,activity
2026-08-23 19:08:40,17,112.1,109.4,True,111.69273199944915,-0.23802254867718325,100.0,False,False,0.0,activity
2026-08-23 19:08:50,8,110.2,110.6,True,111.7235241430769,-0.30765808416041956,103.0,False,False,0.0,activity
2026-08-23 19:09:00,22,112.2,115.4,True,111.6915703105508,-0.4749985384322783,103.0,False,False,0.0,activity
2026-08-23 19:09:10,19,112.1,110.8,True,111.5915448631165,-0.621505415776166,103.0,False,False,0.0,activity
2026-08-23 19:09:20,20,111.2,112.1,True,111.40677689286828,-0.7573108147970241,100.0,False,False,0.0,activity
2026-08-23 19:09:30,17,,111.1,False,111.2564717380981,,116.0,False,False,0.0,activity
2026-08-23 19:09:40,14,,109.4,False,111.13224520634427,,114.0,False,False,0.0,activity
2026-08-23 19:09:50,24,,109.6,False,111.03005954231446,,114.0,False,False,0.0,activity
2026-08-23 19:10:00,20,,113.5,False,110.94121713533706,,113.0,False,False,0.0,activity
2026-08-23 19:10:10,19,,109.6,False,110.87591091758249,,113.0,False,False,0.0,activity
2026-08-23 19:10:20,19,,111.1,False,110.848256519425,,117.0,False,False,0.0,activity
2026-08-23 19:10:30,17,,112.2,False,110.86197820783832,,105.0,False,False,0.0,activity
2026-08-23 19:10:40,18,110.4,115.5,True,110.93602959755803,0.6105812976674849,102.0,False,False,0.0,activity
2026-08-23 19:10:50,12,112.5,107.9,True,111.08275258687074,0.8695101379426626,99.0,False,False,0.0,activity
2026-08-23 19:11:00,17,110.8,111.4,True,111.27660100732857,1.1126430488273653,95.0,False,False,0.0,activity
2026-08-23 19:11:10,16,111.3,112.1,True,111.4665495956745,1.209073610707133,90.0,False,False,0.0,activity
2026-08-23 19:11:20,15,111.3,113.3,True,111.68425644996617,1.0998735838952591,87.0,False,False,0.0,activity
2026-08-23 19:11:30,12,112.9,108.5,True,111.96600604591887,0.8632715353516572,92.0,False,False,0.0,activity
2026-08-23 19:11:40,15,113.6,115.2,True,112.09208998285806,0.5705480760333476,100.0,False,False,0.0,activity
2026-08-23 19:11:50,17,112.1,109.5,True,112.08352225027357,0.25863024843490506,100.0,False,False,0.0,activity
2026-08-23 19:12:00,25,110.0,115.8,True,112.07220822606801,-0.01018253775770172,98.0,False,False,0.0,activity
2026-08-23 19:12:10,16,113.4,108.0,True,112.05626223954046,-0.13783527071942464,110.0,False,False,0.0,activity
2026-08-23 19:12:20,13,112.1,108.4,True,112.03302662626965,-0.20274626308673815,109.0,False,False,0.0,activity
2026-08-23 19:12:30,24,112.1,109.1,True,111.99862878404376,-0.2907340135875321,112.0,False,False,0.0,activity
2026-08-23 19:12:40,14,112.0,110.6,True,111.9473357391585,-0.45217743301956653,110.0,False,False,0.0,activity
2026-08-23 19:12:50,20,112.4,110.9,True,111.87059865079966,-0.6425551865262747,115.0,False,False,0.0,activity
2026-08-23 19:13:00,23,111.5,113.7,True,111.77229467090743,-0.7793111854063866,117.0,False,False,0.0,activity
2026-08-23 19:13:10,21,112.8,113.0,True,111.56937313616642,-0.8138095247113509,113.0,False,False,0.0,activity
2026-08-23 19:13:20,15,110.9,108.0,True,111.37801379078647,-0.7446570705158116,116.0,False,False,0.0,activity
2026-08-23 19:13:30,20,110.5,110.2,True,111.2663234105376,-0.6317569852157371,112.0,False,False,0.0,activity
2026-08-23 19:13:40,17,111.5,113.2,True,111.21568693204499,-0.4920068736420642,101.0,False,False,0.0,activity
2026-08-23 19:13:50,16,111.1,109.5,True,111.18433160889319,-0.4699721933896639,92.0,False,False,0.0,activity
2026-08-23 19:14:00,12,112.4,112.9,True,111.10036488722359,-0.42983764060694546,101.0,False,False,0.0,activity
2026-08-23 19:14:10,12,109.2,109.2,True,111.01645898009126,-0.3327712660205958,98.0,False,False,0.0,activity
2026-08-23 19:14:20,24,111.5,111.5,True,110.85196290297412,-0.13759534053289324,102.0,False,False,0.0,activity
2026-08-23 19:14:30,17,109.6,112.2,True,110.89612730968601,0.13464802819933552,99.0,False,False,0.0,activity
2026-08-23 19:14:40,21,110.7,116.9,True,110.97297960134556,0.4186184492505153,102.0,False,False,0.0,activity
2026-08-23 19:14:50,13,111.1,110.7,True,111.09532849322935,0.6509300404149057,105.0,False,False,0.0,activity
2026-08-23 19:15:00,15,111.5,112.3,True,111.21689880065135,0.6417299716484629,101.0,False,False,0.0,activity
2026-08-23 19:15:10,15,111.1,112.1,True,111.35795224151524,0.4573420410139342,102.0,False,False,0.0,activity
2026-08-23 19:15:20,20,112.2,113.2,True,111.475331055965,0.17774921245319653,97.0,False,False,0.0,activity
2026-08-23 19:15:30,18,112.3,115.3,True,111.47193171307558,-0.11507589022245969,99.0,False,False,0.0,activity
2026-08-23 19:15:40,16,111.1,114.2,True,111.34718765569875,-0.4020803079351731,102.0,False,False,0.0,activity
2026-08-23 19:15:50,15,111.2,111.5,True,111.24697487427171,-0.8025266817323023,108.0,False,False,0.0,activity
2026-08-23 19:16:00,18,112.8,112.4,True,111.15459123855662,-1.4510132167704952,106.0,False,False,0.0,activity
2026-08-23 19:16:10,21,111.4,115.3,True,111.02130614260095,-2.5770495736513683,108.0,False,False,0.0,activity
2026-08-23 19:16:20,18,113.0,111.7,True,110.5915720704121,-4.179022764236021,101.0,False,False,0.0,activity
2026-08-23 19:16:30,20,112.8,107.1,True,109.79376667662527,-6.20249974885998,101.0,False,False,0.0,activity
2026-08-23 19:16:40,9,109.5,91.5,True,108.49492239560931,-8.477583834484395,96.0,False,False,0.0,activity
2026-08-23 19:16:50,15,110.1,66.2,True,106.92856518052822,-10.662027130618101,77.0,False,False,0.0,activity
2026-08-23 19:17:00,13,107.2,43.6,True,104.93363549553517,-12.619903519950046,60.0,False,False,0.0,activity
2026-08-23 19:17:10,2,103.6,19.6,True,102.5609783931313,-14.120382876892684,40.0,False,False,0.0,activity
2026-08-23 19:17:20,1,101.2,3.9,True,100.01515102291596,-15.063545094269784,31.0,False,False,0.0,activity
2026-08-23 19:17:30,0,96.8,0.0,True,97.27184882318662,-15.317298160691815,16.0,False,False,0.0,baseline
2026-08-23 19:17:40,0,93.4,0.0,True,94.60718809398837,-15.088219968181503,3.0,True,False,0.0,baseline
2026-08-23 19:17:50,0,91.1,0.0,True,92.14372538045485,-14.566702246558561,1.0,True,False,0.0,baseline
2026-08-23 19:18:00,0,89.8,0.0,True,89.85421689699714,-13.805111089838219,0.0,True,False,0.0,baseline
2026-08-23 19:18:10,0,86.9,0.0,True,87.57374456303894,-12.944371781424225,0.0,True,False,0.0,baseline
2026-08-23 19:18:20,0,84.1,0.0,True,85.40556298958724,-11.994599198485679,0.0,True,False,0.0,baseline
2026-08-23 19:18:30,0,82.0,0.0,True,83.4549752477334,-10.922497910532822,0.0,True,False,0.0,baseline
2026-08-23 19:18:40,0,77.6,0.0,True,81.7468833805018,-9.852955798144947,0.0,True,False,0.0,baseline
2026-08-23 19:18:50,0,80.4,0.0,True,80.26327207668716,-8.850572985447887,0.0,True,False,0.0,baseline
2026-08-23 19:19:00,0,79.2,0.0,True,78.9568727856537,-8.012571384611167,0.0,True,False,0.0,baseline
2026-08-23 19:19:10,0,76.4,0.0,True,77.60995229222918,-7.238569776447717,0.0,True,False,0.0,baseline
2026-08-23 19:19:20,0,76.0,0.0,True,76.4646905141762,-6.488853607216016,0.0,True,False,0.0,baseline
2026-08-23 19:19:30,0,74.0,0.0,True,75.39687715515258,-5.767041610615532,0.0,True,False,0.0,baseline
2026-08-23 19:19:40,0,73.9,0.0,True,74.56187665532106,-5.0635460729271475,0.0,True,False,0.0,baseline
2026-08-23 19:19:50,0,73.7,0.0,True,73.83718893137636,-4.543260595012332,0.0,True,False,0.0,baseline
2026-08-23 19:20:00,0,72.4,0.0,True,73.13536602932773,-4.148042359123371,0.0,True,False,0.0,baseline
2026-08-23 19:20:10,0,72.9,0.0,True,72.47277079883371,-3.851307373564484,0.0,True,False,0.0,baseline
2026-08-23 19:20:20,0,70.5,0.0,True,71.82230403481196,-3.532171235980612,0.0,True,False,0.0,baseline
2026-08-23 19:20:30,0,71.5,0.0,True,71.22555460992554,-3.1838731615363565,0.0,True,False,0.0,baseline
2026-08-23 19:20:40,0,69.6,0.0,True,70.74973095336003,-2.8947920425862352,0.0,True,False,0.0,baseline
2026-08-23 19:20:50,0,70.3,0.0,True,70.34886245568785,-2.738176264067132,0.0,True,False,0.0,baseline
2026-08-23 19:21:00,0,70.4,0.0,True,69.95613770063031,-2.691494624797293,0.0,True,False,0.0,baseline
2026-08-23 19:21:10,0,67.7,0.0,True,69.50610256234448,-2.7576811372793606,0.0,True,False,0.0,baseline
2026-08-23 19:21:20,0,70.0,0.0,True,68.9737511844494,-2.865624029784162,0.0,True,False,0.0,baseline
2026-08-23 19:21:30,0,68.6,0.0,True,68.50369167062921,-2.922599498681546,0.0,True,False,0.0,baseline
2026-08-23 19:21:40,0,68.1,0.0,True,68.01758076858056,-2.8702463125972657,0.0,True,False,0.0,baseline
2026-08-23 19:21:50,0,67.3,0.0,True,67.51773332796199,-2.664124654802991,0.0,True,False,0.0,baseline
2026-08-23 19:22:00,0,65.8,0.0,True,67.05417477533709,-2.3948809156663486,0.0,True,False,0.0,baseline
2026-08-23 19:22:10,0,66.7,0.0,True,66.64964535193504,-2.078355424378857,0.0,True,False,0.0,baseline
2026-08-23 19:22:20,0,65.6,0.0,True,66.38672348718882,-1.8082225038211648,0.0,True,False,0.0,baseline
2026-08-23 19:22:30,0,66.2,0.0,True,66.15492220364072,-1.5716028577098449,0.0,True,False,0.0,baseline
2026-08-23 19:22:40,0,66.3,0.0,True,65.91560795403274,-1.29334559264539,0.0,True,False,0.0,baseline
2026-08-23 19:22:50,0,65.0,0.0,True,65.62889503009687,-0.9092173549265743,0.0,True,False,0.0,baseline
2026-08-23 19:23:00,0,64.4,0.0,True,65.44699794451049,-0.49448248588597926,0.0,True,False,0.0,baseline
2026-08-23 19:23:10,0,64.1,0.0,True,65.43960051634251,-0.1585899359216004,0.0,True,False,0.0,baseline
2026-08-23 19:23:20,0,66.9,0.0,True,65.60546984089828,0.07587095805584619,0.0,True,False,0.0,baseline
2026-08-23 19:23:30,0,66.3,0.0,True,65.65558413893709,0.1408341545664182,0.0,True,False,0.0,baseline
2026-08-23 19:23:40,0,65.4,0.0,True,65.59829579346541,0.07212685302855414,0.0,True,False,0.0,baseline
2026-08-23 19:23:50,0,65.3,0.0,True,65.57405674690462,-0.013130734909298138,0.0,True,False,0.0,baseline
2026-08-23 19:24:00,0,65.7,0.0,True,65.57882715816126,0.038708935620364524,0.0,True,False,0.0,baseline
2026-08-23 19:24:10,0,65.5,0.0,True,65.59673542911145,0.20414295256295623,0.0,True,False,0.0,baseline
2026-08-23 19:24:20,0,64.4,0.0,True,65.6307662715802,0.40717222350415916,0.0,True,False,0.0,baseline
2026-08-23 19:24:30,0,65.5,0.0,True,65.68659149264565,0.6780635316960666,0.0,True,False,0.0,baseline
2026-08-23 19:24:40,0,65.2,0.0,True,65.8235152958187,1.0405368570754305,0.0,True,False,0.0,baseline
2026-08-23 19:24:50,0,65.5,0.0,True,66.01435831496153,1.5300044205388046,0.0,True,False,0.0,baseline
2026-08-23 19:25:00,0,65.7,0.0,True,66.29092771993128,2.2851870064729383,0.0,True,False,0.0,baseline
2026-08-23 19:25:10,0,66.0,0.0,True,66.6659850782229,3.4712340934859074,0.0,True,False,0.0,baseline
2026-08-23 19:25:20,0,63.9,0.0,True,67.20203994955166,5.157248767508436,0.0,True,False,0.0,baseline
2026-08-23 19:25:30,0,65.0,0.0,True,68.10510147913902,7.1242334742109605,0.0,True,False,0.0,stress_onset
2026-08-23 19:25:40,0,66.8,0.0,True,69.52567992191622,8.925018998043898,0.0,True,True,35.70007599217559,stress_onset
2026-08-23 19:25:50,0,70.4,0.0,True,71.40053835167944,10.252593402503217,0.0,True,True,41.01037361001287,stress_onset
2026-08-23 19:26:00,0,74.6,0.0,True,73.44215317338924,10.88893337404642,0.0,True,True,43.55573349618568,stress_onset
2026-08-23 19:26:10,0,75.8,0.0,True,75.29079352399724,10.64009557459737,0.0,True,True,42.56038229838948,stress_onset
2026-08-23 19:26:20,0,77.6,0.0,True,77.05456612860476,9.721749894724091,0.0,True,True,38.886999578896365,stress_onset
2026-08-23 19:26:30,0,81.2,0.0,True,78.72743308797975,8.480838721114365,0.0,True,True,33.92335488445746,stress_onset
2026-08-23 19:26:40,0,81.4,0.0,True,79.98820556201801,7.106972096261813,0.0,True,False,0.0,stress_onset
2026-08-23 19:26:50,0,82.2,0.0,True,81.01367896305928,5.581886535071956,0.0,True,False,0.0,stress_onset
2026-08-23 19:27:00,0,84.4,0.0,True,81.84143219127708,4.026401110679826,0.0,True,False,0.0,stress_onset
2026-08-23 19:27:10,0,83.5,0.0,True,82.39275745137438,2.5919825380676906,0.0,True,False,0.0,stress_sustained
2026-08-23 19:27:20,0,84.0,0.0,True,82.67620895336741,1.1859896265620855,0.0,True,False,0.0,stress_sustained
2026-08-23 19:27:30,0,84.6,0.0,True,82.739028614255,-0.1401954900402945,0.0,True,False,0.0,stress_sustained
2026-08-23 19:27:40,0,82.2,0.0,True,82.59168637751843,-1.375460807363649,0.0,True,False,0.0,stress_sustained
2026-08-23 19:27:50,0,83.8,0.0,True,82.24295853703491,-2.4971124497237875,0.0,True,False,0.0,stress_sustained
2026-08-23 19:28:00,0,83.1,0.0,True,81.75139045272387,-3.427806643228352,0.0,True,False,0.0,stress_sustained
2026-08-23 19:28:10,0,81.7,0.0,True,81.03505411053348,-4.165516229651906,0.0,True,False,0.0,stress_sustained
2026-08-23 19:28:20,0,79.8,0.0,True,80.20789345343199,-4.686764235303138,0.0,True,False,0.0,stress_sustained
2026-08-23 19:28:30,0,80.1,0.0,True,79.39871503856916,-4.97128247064774,0.0,True,False,0.0,stress_sustained
2026-08-23 19:28:40,0,77.3,0.0,True,78.52265579680119,-5.080776355862191,0.0,True,False,0.0,stress_sustained
2026-08-23 19:28:50,0,78.5,0.0,True,77.65037252116674,-5.237066300386982,0.0,True,False,0.0,stress_sustained
2026-08-23 19:29:00,0,77.2,0.0,True,76.83648466572674,-5.430486342595305,0.0,True,False,0.0,recovery
2026-08-23 19:29:10,0,77.0,0.0,True,75.9620109212412,-5.66113029904569,0.0,True,False,0.0,recovery
2026-08-23 19:29:20,0,74.6,0.0,True,74.91453899696252,-5.796010257717959,0.0,True,False,0.0,recovery
2026-08-23 19:29:30,0,74.4,0.0,True,73.91949023884425,-5.793320497438437,0.0,True,False,0.0,recovery
2026-08-23 19:29:40,0,71.6,0.0,True,72.84435652053334,-5.599041296255784,0.0,True,False,0.0,recovery
2026-08-23 19:29:50,0,71.6,0.0,True,71.97661555564466,-5.1986499301633575,0.0,True,False,0.0,recovery
2026-08-23 19:30:00,0,71.0,0.0,True,71.17164385003008,-4.750414504812423,0.0,True,False,0.0,recovery
2026-08-23 19:30:10,0,69.7,0.0,True,70.39527945275384,-4.311771973120689,0.0,True,False,0.0,recovery
2026-08-23 19:30:20,0,69.4,0.0,True,69.73479496426991,-3.9881866750442954,0.0,True,False,0.0,recovery
2026-08-23 19:30:30,0,68.1,0.0,True,69.13010963649762,-3.611442013284795,0.0,True,False,0.0,recovery
2026-08-23 19:30:40,0,69.2,0.0,True,68.51377591480826,-3.158032925167982,0.0,True,False,0.0,recovery
2026-08-23 19:30:50,0,66.9,0.0,True,67.96640484558695,-2.6845340864839162,0.0,True,False,0.0,recovery
2026-08-23 19:31:00,0,67.0,0.0,True,67.58010125063012,-2.1798861669757197,0.0,True,False,0.0,recovery
2026-08-23 19:31:10,0,66.8,0.0,True,67.30714786411164,-1.7099811800586955,0.0,True,False,0.0,recovery
2026-08-23 19:31:20,0,67.6,0.0,True,67.08538578827843,-1.339358770770486,0.0,True,False,0.0,recovery
2026-08-23 19:31:30,0,65.7,0.0,True,66.91118801049163,-1.1455342518487668,0.0,True,False,0.0,recovery
2026-08-23 19:31:40,0,67.0,0.0,True,66.72218823445343,-1.0676321082351716,0.0,True,False,0.0,recovery
2026-08-23 19:31:50,0,66.4,0.0,True,66.5868864974908,-1.071240077898867,0.0,True,False,0.0,recovery
2026-08-23 19:32:00,0,66.9,0.0,True,66.39939917677663,-1.1355309176885542,0.0,True,False,0.0,recovery
2026-08-23 19:32:10,0,66.4,0.0,True,66.21181171885854,-1.1890769104263224,0.0,True,False,0.0,recovery
2026-08-23 19:32:20,0,65.5,0.0,True,65.99285954741687,-1.2015166739494119,0.0,True,False,0.0,recovery
2026-08-23 19:32:30,0,66.1,0.0,True,65.75605063387802,-1.1142092164640527,0.0,True,False,0.0,recovery
2026-08-23 19:32:40,0,64.5,0.0,True,65.56191682598549,-0.9661747236274444,0.0,True,False,0.0,recovery
2026-08-23 19:32:50,0,65.2,0.0,True,65.42810248909055,-0.8720264942525432,0.0,True,False,0.0,recovery
2026-08-23 19:33:00,0,66.1,0.0,True,65.33230523371068,-0.8053588710625786,0.0,True,False,0.0,recovery
2026-08-23 19:33:10,0,64.6,0.0,True,65.25855885061593,-0.7657748692401707,0.0,True,False,0.0,recovery
2026-08-23 19:33:20,0,66.3,0.0,True,65.04457227595715,-0.7252485837196843,0.0,True,False,0.0,recovery
2026-08-23 19:33:30,0,64.6,0.0,True,64.90468108062457,-0.6555970621524604,0.0,True,False,0.0,recovery
2026-08-23 19:33:40,0,64.6,0.0,True,64.81557006539607,-0.6059260033249212,0.0,True,False,0.0,recovery
2026-08-23 19:33:50,0,65.4,0.0,True,64.76238739440025,-0.5608140402896147,0.0,True,False,0.0,recovery
2026-08-23 19:34:00,0,64.7,0.0,True,64.71960262247113,-0.55559965539781,0.0,True,False,0.0,recovery
2026-08-23 19:34:10,0,65.3,0.0,True,64.58008495428719,-0.5001280702151494,0.0,True,False,0.0,recovery
2026-08-23 19:34:20,0,63.8,0.0,True,64.42058144515111,-0.44229687768738035,0.0,True,False,0.0,recovery
2026-08-23 19:34:30,0,62.7,0.0,True,64.36450817687354,-0.4188961171551132,0.0,True,False,0.0,recovery
2026-08-23 19:34:40,0,65.2,0.0,True,64.40251960474156,-0.43316851900582626,0.0,True,False,0.0,recovery
2026-08-23 19:34:50,0,64.9,0.0,True,64.35761763339983,-0.5124928168813079,0.0,True,False,0.0,recovery
2026-08-23 19:35:00,0,64.5,0.0,True,64.22231860095806,-0.6415182985226985,0.0,True,False,0.0,recovery
2026-08-23 19:35:10,0,63.8,0.0,True,64.04073933534264,-0.7238920680130931,0.0,True,False,0.0,recovery
2026-08-23 19:35:20,0,63.3,0.0,True,63.89928329228431,-0.6626288012199363,0.0,True,False,0.0,recovery
2026-08-23 19:35:30,0,63.6,0.0,True,63.80770779794003,-0.5010893822491315,0.0,True,False,0.0,recovery
2026-08-23 19:35:40,0,65.8,0.0,True,63.750750269919095,-0.2587791460341186,0.0,True,False,0.0,recovery
2026-08-23 19:35:50,0,63.0,0.0,True,63.718917786884674,-0.002455910348587469,0.0,True,False,0.0,recovery
2026-08-23 19:36:00,0,63.6,0.0,True,63.706904934997695,0.24988657837409503,0.0,True,False,0.0,recovery
2026-08-23 19:36:10,0,63.1,0.0,True,63.79604290561033,0.5081625444448462,0.0,True,False,0.0,recovery
2026-08-23 19:36:20,0,63.8,0.0,True,63.91785469382468,0.6725608393516539,0.0,True,False,0.0,recovery
2026-08-23 19:36:30,0,65.8,0.0,True,64.05930893100981,0.6740526074837514,0.0,True,False,0.0,recovery
2026-08-23 19:36:40,0,62.5,0.0,True,64.24398132336323,0.4628864768631471,0.0,True,False,0.0,recovery
2026-08-23 19:36:50,0,64.9,0.0,True,64.31931726961052,0.09315380667211974,0.0,True,False,0.0,recovery
2026-08-23 19:37:00,0,65.2,0.0,True,64.2978727607929,-0.3146246576449721,0.0,True,False,0.0,recovery
2026-08-23 19:37:10,0,64.7,0.0,True,64.17607371210741,-0.5962691363314503,0.0,True,False,0.0,recovery
2026-08-23 19:37:20,0,63.0,0.0,True,63.96695361543981,-0.6701489472636324,0.0,True,False,0.0,recovery
2026-08-23 19:37:30,0,63.7,0.0,True,63.80232578801218,-0.5914345351206849,0.0,True,False,0.0,recovery
2026-08-23 19:37:40,0,62.2,0.0,True,63.77141892525324,-0.42914968835496714,0.0,True,False,0.0,recovery
2026-08-23 19:37:50,0,65.1,0.0,True,63.75241521670318,-0.20613519354366128,0.0,True,False,0.0,recovery
2026-08-23 19:38:00,0,63.8,0.0,True,63.72548071093697,0.016879301267603397,0.0,True,False,0.0,recovery
2026-08-23 19:38:10,0,63.1,0.0,True,63.68612632366026,0.23989379607886804,0.0,True,False,0.0,baseline
